"iter","env1_muon - global_router/dropped_tokens","env1_muon - global_router/dropped_tokens__MIN","env1_muon - global_router/dropped_tokens__MAX","env1_muon - _step","env1_muon - _step__MIN","env1_muon - _step__MAX","env1_lion - global_router/dropped_tokens","env1_lion - global_router/dropped_tokens__MIN","env1_lion - global_router/dropped_tokens__MAX","env1_lion - _step","env1_lion - _step__MIN","env1_lion - _step__MAX","env1_adam - global_router/dropped_tokens","env1_adam - global_router/dropped_tokens__MIN","env1_adam - global_router/dropped_tokens__MAX","env1_adam - _step","env1_adam - _step__MIN","env1_adam - _step__MAX"," env1_sgd - global_router/dropped_tokens"," env1_sgd - global_router/dropped_tokens__MIN"," env1_sgd - global_router/dropped_tokens__MAX"," env1_sgd - _step"," env1_sgd - _step__MIN"," env1_sgd - _step__MAX","env1_adamw - global_router/dropped_tokens","env1_adamw - global_router/dropped_tokens__MIN","env1_adamw - global_router/dropped_tokens__MAX","env1_adamw - _step","env1_adamw - _step__MIN","env1_adamw - _step__MAX"
"0","0","0","0","0","0","0","0","0","0","0","0","0","0","0","0","0","0","0","0","0","0","0","0","0","0","0","0","1","1","1"
"50","7118","7118","7118","1","1","1","3307","3307","3307","1","1","1","7921","7921","7921","1","1","1","1334","1334","1334","1","1","1","7920","7920","7920","2","2","2"
"100","2036","2036","2036","2","2","2","14824","14824","14824","2","2","2","16958","16958","16958","2","2","2","8922","8922","8922","2","2","2","16915","16915","16915","50","50","50"
"150","2658","2658","2658","3","3","3","10795","10795","10795","3","3","3","11312","11312","11312","3","3","3","19767","19767","19767","3","3","3","11347","11347","11347","100","100","100"
"200","1062","1062","1062","4","4","4","21204","21204","21204","4","4","4","7534","7534","7534","4","4","4","16342","16342","16342","4","4","4","7622","7622","7622","150","150","150"
"250","0","0","0","5","5","5","19901","19901","19901","5","5","5","576","576","576","5","5","5","14342","14342","14342","5","5","5","0","0","0","201","201","201"
"300","344","344","344","6","6","6","17869","17869","17869","6","6","6","1847","1847","1847","6","6","6","13571","13571","13571","6","6","6","1200","1200","1200","250","250","250"
"350","0","0","0","7","7","7","17130","17130","17130","7","7","7","507","507","507","7","7","7","13397","13397","13397","7","7","7","3614","3614","3614","300","300","300"
"400","0","0","0","8","8","8","14300","14300","14300","8","8","8","2295","2295","2295","8","8","8","10166","10166","10166","8","8","8","1991","1991","1991","350","350","350"
"450","0","0","0","9","9","9","11288","11288","11288","9","9","9","0","0","0","9","9","9","9267","9267","9267","9","9","9","1788","1788","1788","400","400","400"
"500","0","0","0","10","10","10","7319","7319","7319","10","10","10","2150","2150","2150","10","10","10","8285","8285","8285","10","10","10","1784","1784","1784","451","451","451"
"550","0","0","0","11","11","11","2134","2134","2134","11","11","11","0","0","0","11","11","11","7535","7535","7535","11","11","11","1251","1251","1251","500","500","500"
"600","0","0","0","12","12","12","0","0","0","12","12","12","1472","1472","1472","12","12","12","4666","4666","4666","12","12","12","1648","1648","1648","550","550","550"
"650","0","0","0","13","13","13","0","0","0","13","13","13","631","631","631","13","13","13","6550","6550","6550","13","13","13","1914","1914","1914","600","600","600"
"700","0","0","0","14","14","14","1169","1169","1169","14","14","14","0","0","0","14","14","14","5683","5683","5683","14","14","14","0","0","0","650","650","650"
"750","0","0","0","15","15","15","0","0","0","15","15","15","1126","1126","1126","15","15","15","3522","3522","3522","15","15","15","672","672","672","701","701","701"
"800","0","0","0","16","16","16","0","0","0","16","16","16","0","0","0","16","16","16","4420","4420","4420","16","16","16","647","647","647","750","750","750"
"850","0","0","0","17","17","17","0","0","0","17","17","17","740","740","740","17","17","17","4881","4881","4881","17","17","17","2723","2723","2723","800","800","800"
"900","0","0","0","18","18","18","0","0","0","18","18","18","3235","3235","3235","18","18","18","5489","5489","5489","18","18","18","1206","1206","1206","850","850","850"
"950","0","0","0","19","19","19","0","0","0","19","19","19","2703","2703","2703","19","19","19","3950","3950","3950","19","19","19","1891","1891","1891","900","900","900"
"1000","837","837","837","20","20","20","0","0","0","20","20","20","3955","3955","3955","20","20","20","3215","3215","3215","20","20","20","3900","3900","3900","951","951","951"
"1050","3042","3042","3042","21","21","21","742","742","742","21","21","21","2801","2801","2801","21","21","21","3132","3132","3132","21","21","21","3403","3403","3403","1000","1000","1000"
"1100","3222","3222","3222","22","22","22","2029","2029","2029","22","22","22","4463","4463","4463","22","22","22","5153","5153","5153","22","22","22","3229","3229","3229","1050","1050","1050"
"1150","4438","4438","4438","23","23","23","0","0","0","23","23","23","2284","2284","2284","23","23","23","1591","1591","1591","23","23","23","3185","3185","3185","1100","1100","1100"
"1200","4027","4027","4027","24","24","24","357","357","357","24","24","24","4660","4660","4660","24","24","24","2806","2806","2806","24","24","24","4874","4874","4874","1150","1150","1150"
"1250","3966","3966","3966","25","25","25","1260","1260","1260","25","25","25","2567","2567","2567","25","25","25","3692","3692","3692","25","25","25","3216","3216","3216","1201","1201","1201"
"1300","4354","4354","4354","26","26","26","1590","1590","1590","26","26","26","4546","4546","4546","26","26","26","2805","2805","2805","26","26","26","2615","2615","2615","1250","1250","1250"
"1350","4148","4148","4148","27","27","27","1202","1202","1202","27","27","27","5162","5162","5162","27","27","27","3894","3894","3894","27","27","27","4277","4277","4277","1300","1300","1300"
"1400","3753","3753","3753","28","28","28","0","0","0","28","28","28","2722","2722","2722","28","28","28","1883","1883","1883","28","28","28","2593","2593","2593","1350","1350","1350"
"1450","4239","4239","4239","29","29","29","0","0","0","29","29","29","3952","3952","3952","29","29","29","3569","3569","3569","29","29","29","6324","6324","6324","1400","1400","1400"
"1500","3276","3276","3276","30","30","30","0","0","0","30","30","30","3739","3739","3739","30","30","30","3337","3337","3337","30","30","30","2183","2183","2183","1451","1451","1451"
"1550","3322","3322","3322","31","31","31","457","457","457","31","31","31","5081","5081","5081","31","31","31","3992","3992","3992","31","31","31","2336","2336","2336","1500","1500","1500"
"1600","3733","3733","3733","32","32","32","65","65","65","32","32","32","1385","1385","1385","32","32","32","3900","3900","3900","32","32","32","5258","5258","5258","1550","1550","1550"
"1650","2720","2720","2720","33","33","33","0","0","0","33","33","33","1308","1308","1308","33","33","33","2136","2136","2136","33","33","33","1247","1247","1247","1600","1600","1600"
"1700","3962","3962","3962","34","34","34","0","0","0","34","34","34","1060","1060","1060","34","34","34","2215","2215","2215","34","34","34","3172","3172","3172","1650","1650","1650"
"1750","3612","3612","3612","35","35","35","0","0","0","35","35","35","2114","2114","2114","35","35","35","3184","3184","3184","35","35","35","6324","6324","6324","1701","1701","1701"
"1800","2656","2656","2656","36","36","36","0","0","0","36","36","36","2639","2639","2639","36","36","36","2242","2242","2242","36","36","36","2735","2735","2735","1750","1750","1750"
"1850","3639","3639","3639","37","37","37","437","437","437","37","37","37","2652","2652","2652","37","37","37","2594","2594","2594","37","37","37","4150","4150","4150","1800","1800","1800"
"1900","3166","3166","3166","38","38","38","109","109","109","38","38","38","2511","2511","2511","38","38","38","1980","1980","1980","38","38","38","3700","3700","3700","1850","1850","1850"
"1950","3454","3454","3454","39","39","39","0","0","0","39","39","39","1541","1541","1541","39","39","39","3187","3187","3187","39","39","39","1904","1904","1904","1900","1900","1900"
"2000","3251","3251","3251","40","40","40","810","810","810","40","40","40","1424","1424","1424","40","40","40","2715","2715","2715","40","40","40","1089","1089","1089","1951","1951","1951"
"2050","2874","2874","2874","41","41","41","22","22","22","41","41","41","2564","2564","2564","41","41","41","1483","1483","1483","41","41","41","4353","4353","4353","2000","2000","2000"
"2100","3613","3613","3613","42","42","42","0","0","0","42","42","42","2711","2711","2711","42","42","42","3893","3893","3893","42","42","42","3108","3108","3108","2050","2050","2050"
"2150","4296","4296","4296","43","43","43","1078","1078","1078","43","43","43","2683","2683","2683","43","43","43","4014","4014","4014","43","43","43","1530","1530","1530","2100","2100","2100"
"2200","3604","3604","3604","44","44","44","0","0","0","44","44","44","906","906","906","44","44","44","2049","2049","2049","44","44","44","1060","1060","1060","2150","2150","2150"
"2250","4124","4124","4124","45","45","45","358","358","358","45","45","45","5272","5272","5272","45","45","45","3064","3064","3064","45","45","45","0","0","0","2201","2201","2201"
"2300","3930","3930","3930","46","46","46","0","0","0","46","46","46","2484","2484","2484","46","46","46","2959","2959","2959","46","46","46","2736","2736","2736","2250","2250","2250"
"2350","2909","2909","2909","47","47","47","0","0","0","47","47","47","2798","2798","2798","47","47","47","2412","2412","2412","47","47","47","3027","3027","3027","2300","2300","2300"
"2400","3022","3022","3022","48","48","48","0","0","0","48","48","48","1172","1172","1172","48","48","48","2215","2215","2215","48","48","48","245","245","245","2350","2350","2350"
"2450","2858","2858","2858","49","49","49","0","0","0","49","49","49","3254","3254","3254","49","49","49","2856","2856","2856","49","49","49","2618","2618","2618","2400","2400","2400"
"2500","2203","2203","2203","50","50","50","0","0","0","50","50","50","2372","2372","2372","50","50","50","1066","1066","1066","50","50","50","1160","1160","1160","2451","2451","2451"
"2550","2657","2657","2657","51","51","51","0","0","0","51","51","51","5547","5547","5547","51","51","51","2515","2515","2515","51","51","51","2900","2900","2900","2500","2500","2500"
"2600","1587","1587","1587","52","52","52","0","0","0","52","52","52","3402","3402","3402","52","52","52","704","704","704","52","52","52","2005","2005","2005","2550","2550","2550"
"2650","3059","3059","3059","53","53","53","0","0","0","53","53","53","3259","3259","3259","53","53","53","3662","3662","3662","53","53","53","2399","2399","2399","2600","2600","2600"
"2700","2961","2961","2961","54","54","54","0","0","0","54","54","54","3264","3264","3264","54","54","54","2789","2789","2789","54","54","54","3629","3629","3629","2650","2650","2650"
"2750","1268","1268","1268","55","55","55","0","0","0","55","55","55","1673","1673","1673","55","55","55","0","0","0","55","55","55","3804","3804","3804","2701","2701","2701"
"2800","1854","1854","1854","56","56","56","130","130","130","56","56","56","4123","4123","4123","56","56","56","2351","2351","2351","56","56","56","2237","2237","2237","2750","2750","2750"
"2850","2118","2118","2118","57","57","57","0","0","0","57","57","57","2835","2835","2835","57","57","57","1682","1682","1682","57","57","57","2427","2427","2427","2800","2800","2800"
"2900","2598","2598","2598","58","58","58","0","0","0","58","58","58","3409","3409","3409","58","58","58","2163","2163","2163","58","58","58","2473","2473","2473","2850","2850","2850"
"2950","2060","2060","2060","59","59","59","0","0","0","59","59","59","3410","3410","3410","59","59","59","3538","3538","3538","59","59","59","1031","1031","1031","2900","2900","2900"
"3000","2281","2281","2281","60","60","60","0","0","0","60","60","60","2539","2539","2539","60","60","60","2656","2656","2656","60","60","60","3268","3268","3268","2951","2951","2951"
"3050","1534","1534","1534","61","61","61","0","0","0","61","61","61","3593","3593","3593","61","61","61","905","905","905","61","61","61","1806","1806","1806","3000","3000","3000"
"3100","1620","1620","1620","62","62","62","0","0","0","62","62","62","5303","5303","5303","62","62","62","3223","3223","3223","62","62","62","3094","3094","3094","3050","3050","3050"
"3150","2077","2077","2077","63","63","63","0","0","0","63","63","63","4809","4809","4809","63","63","63","1718","1718","1718","63","63","63","3492","3492","3492","3100","3100","3100"
"3200","1747","1747","1747","64","64","64","0","0","0","64","64","64","5401","5401","5401","64","64","64","1791","1791","1791","64","64","64","2449","2449","2449","3150","3150","3150"
"3250","1536","1536","1536","65","65","65","0","0","0","65","65","65","4578","4578","4578","65","65","65","464","464","464","65","65","65","2999","2999","2999","3201","3201","3201"
"3300","956","956","956","66","66","66","0","0","0","66","66","66","4308","4308","4308","66","66","66","388","388","388","66","66","66","3036","3036","3036","3250","3250","3250"
"3350","158","158","158","67","67","67","0","0","0","67","67","67","2362","2362","2362","67","67","67","453","453","453","67","67","67","2436","2436","2436","3300","3300","3300"
"3400","967","967","967","68","68","68","0","0","0","68","68","68","3480","3480","3480","68","68","68","1080","1080","1080","68","68","68","2977","2977","2977","3350","3350","3350"
"3450","1519","1519","1519","69","69","69","0","0","0","69","69","69","3835","3835","3835","69","69","69","431","431","431","69","69","69","2125","2125","2125","3400","3400","3400"
"3500","1074","1074","1074","70","70","70","0","0","0","70","70","70","4906","4906","4906","70","70","70","650","650","650","70","70","70","3346","3346","3346","3451","3451","3451"
"3550","0","0","0","71","71","71","0","0","0","71","71","71","3828","3828","3828","71","71","71","1153","1153","1153","71","71","71","2893","2893","2893","3500","3500","3500"
"3600","218","218","218","72","72","72","293","293","293","72","72","72","3521","3521","3521","72","72","72","264","264","264","72","72","72","4034","4034","4034","3550","3550","3550"
"3650","287","287","287","73","73","73","0","0","0","73","73","73","4338","4338","4338","73","73","73","824","824","824","73","73","73","3238","3238","3238","3600","3600","3600"
"3700","797","797","797","74","74","74","0","0","0","74","74","74","3880","3880","3880","74","74","74","617","617","617","74","74","74","4825","4825","4825","3650","3650","3650"
"3750","0","0","0","75","75","75","0","0","0","75","75","75","5221","5221","5221","75","75","75","966","966","966","75","75","75","4794","4794","4794","3701","3701","3701"
"3800","0","0","0","76","76","76","0","0","0","76","76","76","4564","4564","4564","76","76","76","611","611","611","76","76","76","1362","1362","1362","3750","3750","3750"
"3850","0","0","0","77","77","77","0","0","0","77","77","77","3632","3632","3632","77","77","77","889","889","889","77","77","77","2781","2781","2781","3800","3800","3800"
"3900","0","0","0","78","78","78","0","0","0","78","78","78","4190","4190","4190","78","78","78","727","727","727","78","78","78","2210","2210","2210","3850","3850","3850"
"3950","116","116","116","79","79","79","125","125","125","79","79","79","5380","5380","5380","79","79","79","715","715","715","79","79","79","4470","4470","4470","3900","3900","3900"
"4000","0","0","0","80","80","80","0","0","0","80","80","80","4485","4485","4485","80","80","80","0","0","0","80","80","80","4249","4249","4249","3951","3951","3951"
"4050","0","0","0","81","81","81","0","0","0","81","81","81","3973","3973","3973","81","81","81","1148","1148","1148","81","81","81","3745","3745","3745","4000","4000","4000"
"4100","0","0","0","82","82","82","0","0","0","82","82","82","4198","4198","4198","82","82","82","351","351","351","82","82","82","4272","4272","4272","4050","4050","4050"
"4150","0","0","0","83","83","83","0","0","0","83","83","83","4644","4644","4644","83","83","83","725","725","725","83","83","83","5109","5109","5109","4100","4100","4100"
"4200","0","0","0","84","84","84","0","0","0","84","84","84","4915","4915","4915","84","84","84","0","0","0","84","84","84","4459","4459","4459","4150","4150","4150"
"4250","0","0","0","85","85","85","0","0","0","85","85","85","5261","5261","5261","85","85","85","1868","1868","1868","85","85","85","5369","5369","5369","4201","4201","4201"
"4300","0","0","0","86","86","86","0","0","0","86","86","86","5952","5952","5952","86","86","86","1640","1640","1640","86","86","86","3889","3889","3889","4250","4250","4250"
"4350","0","0","0","87","87","87","0","0","0","87","87","87","5519","5519","5519","87","87","87","0","0","0","87","87","87","4380","4380","4380","4300","4300","4300"
"4400","0","0","0","88","88","88","0","0","0","88","88","88","5992","5992","5992","88","88","88","559","559","559","88","88","88","2744","2744","2744","4350","4350","4350"
"4450","0","0","0","89","89","89","0","0","0","89","89","89","3882","3882","3882","89","89","89","494","494","494","89","89","89","4039","4039","4039","4400","4400","4400"
"4500","0","0","0","90","90","90","0","0","0","90","90","90","3858","3858","3858","90","90","90","45","45","45","90","90","90","5049","5049","5049","4451","4451","4451"
"4550","0","0","0","91","91","91","0","0","0","91","91","91","5279","5279","5279","91","91","91","0","0","0","91","91","91","3982","3982","3982","4500","4500","4500"
"4600","0","0","0","92","92","92","0","0","0","92","92","92","5659","5659","5659","92","92","92","0","0","0","92","92","92","2925","2925","2925","4550","4550","4550"
"4650","0","0","0","93","93","93","0","0","0","93","93","93","3919","3919","3919","93","93","93","0","0","0","93","93","93","3786","3786","3786","4600","4600","4600"
"4700","0","0","0","94","94","94","0","0","0","94","94","94","4691","4691","4691","94","94","94","0","0","0","94","94","94","3808","3808","3808","4650","4650","4650"
"4750","0","0","0","95","95","95","0","0","0","95","95","95","6348","6348","6348","95","95","95","0","0","0","95","95","95","3845","3845","3845","4701","4701","4701"
"4800","0","0","0","96","96","96","0","0","0","96","96","96","3895","3895","3895","96","96","96","252","252","252","96","96","96","4770","4770","4770","4750","4750","4750"
"4850","0","0","0","97","97","97","0","0","0","97","97","97","6007","6007","6007","97","97","97","689","689","689","97","97","97","5443","5443","5443","4800","4800","4800"
"4900","0","0","0","98","98","98","0","0","0","98","98","98","3380","3380","3380","98","98","98","0","0","0","98","98","98","3530","3530","3530","4850","4850","4850"
"4950","0","0","0","99","99","99","0","0","0","99","99","99","6180","6180","6180","99","99","99","0","0","0","99","99","99","3791","3791","3791","4900","4900","4900"
"4955","0","0","0","100","100","100","0","0","0","100","100","100","3978","3978","3978","100","100","100","0","0","0","100","100","100","5410","5410","5410","4950","4950","4950"
"4960","0","0","0","101","101","101","0","0","0","101","101","101","5945","5945","5945","101","101","101","0","0","0","101","101","101","6096","6096","6096","4955","4955","4955"
"4965","0","0","0","102","102","102","0","0","0","102","102","102","6155","6155","6155","102","102","102","32","32","32","102","102","102","4320","4320","4320","4960","4960","4960"
"4970","0","0","0","103","103","103","0","0","0","103","103","103","5954","5954","5954","103","103","103","0","0","0","103","103","103","3902","3902","3902","4965","4965","4965"
"4975","0","0","0","104","104","104","0","0","0","104","104","104","4299","4299","4299","104","104","104","0","0","0","104","104","104","4595","4595","4595","4970","4970","4970"
"4980","0","0","0","105","105","105","0","0","0","105","105","105","5436","5436","5436","105","105","105","231","231","231","105","105","105","2948","2948","2948","4975","4975","4975"
"4985","0","0","0","106","106","106","0","0","0","106","106","106","6329","6329","6329","106","106","106","169","169","169","106","106","106","5149","5149","5149","4980","4980","4980"
"4990","0","0","0","107","107","107","0","0","0","107","107","107","5131","5131","5131","107","107","107","0","0","0","107","107","107","6053","6053","6053","4985","4985","4985"
"4995","0","0","0","108","108","108","0","0","0","108","108","108","4806","4806","4806","108","108","108","0","0","0","108","108","108","3714","3714","3714","4990","4990","4990"
"5000","12009","12009","12009","109","109","109","5033","5033","5033","109","109","109","2324","2324","2324","109","109","109","16406","16406","16406","109","109","109","5795","5795","5795","4996","4996","4996"
"5005","8483","8483","8483","110","110","110","3924","3924","3924","110","110","110","0","0","0","110","110","110","15562","15562","15562","110","110","110","3964","3964","3964","5000","5000","5000"
"5010","7747","7747","7747","111","111","111","3687","3687","3687","111","111","111","0","0","0","111","111","111","2342","2342","2342","111","111","111","0","0","0","5005","5005","5005"
"5015","6453","6453","6453","112","112","112","940","940","940","112","112","112","0","0","0","112","112","112","4094","4094","4094","112","112","112","0","0","0","5010","5010","5010"
"5020","6259","6259","6259","113","113","113","1469","1469","1469","113","113","113","0","0","0","113","113","113","7475","7475","7475","113","113","113","0","0","0","5015","5015","5015"
"5025","5225","5225","5225","114","114","114","474","474","474","114","114","114","0","0","0","114","114","114","5201","5201","5201","114","114","114","0","0","0","5020","5020","5020"
"5030","6869","6869","6869","115","115","115","639","639","639","115","115","115","0","0","0","115","115","115","5084","5084","5084","115","115","115","0","0","0","5025","5025","5025"
"5035","7450","7450","7450","116","116","116","480","480","480","116","116","116","0","0","0","116","116","116","4447","4447","4447","116","116","116","0","0","0","5030","5030","5030"
"5040","6705","6705","6705","117","117","117","0","0","0","117","117","117","0","0","0","117","117","117","4563","4563","4563","117","117","117","0","0","0","5035","5035","5035"
"5045","6443","6443","6443","118","118","118","0","0","0","118","118","118","0","0","0","118","118","118","5508","5508","5508","118","118","118","0","0","0","5040","5040","5040"
"5050","4513","4513","4513","119","119","119","291","291","291","119","119","119","0","0","0","119","119","119","5312","5312","5312","119","119","119","0","0","0","5045","5045","5045"
"5055","4862","4862","4862","120","120","120","0","0","0","120","120","120","0","0","0","120","120","120","5156","5156","5156","120","120","120","0","0","0","5050","5050","5050"
"5060","5879","5879","5879","121","121","121","0","0","0","121","121","121","0","0","0","121","121","121","5116","5116","5116","121","121","121","0","0","0","5055","5055","5055"
"5065","5534","5534","5534","122","122","122","0","0","0","122","122","122","0","0","0","122","122","122","4503","4503","4503","122","122","122","0","0","0","5060","5060","5060"
"5070","5207","5207","5207","123","123","123","0","0","0","123","123","123","0","0","0","123","123","123","4171","4171","4171","123","123","123","0","0","0","5065","5065","5065"
"5075","5459","5459","5459","124","124","124","0","0","0","124","124","124","0","0","0","124","124","124","3313","3313","3313","124","124","124","0","0","0","5070","5070","5070"
"5080","6042","6042","6042","125","125","125","0","0","0","125","125","125","0","0","0","125","125","125","4263","4263","4263","125","125","125","0","0","0","5075","5075","5075"
"5085","3531","3531","3531","126","126","126","0","0","0","126","126","126","0","0","0","126","126","126","3520","3520","3520","126","126","126","0","0","0","5080","5080","5080"
"5090","4119","4119","4119","127","127","127","0","0","0","127","127","127","0","0","0","127","127","127","4224","4224","4224","127","127","127","0","0","0","5085","5085","5085"
"5095","5341","5341","5341","128","128","128","0","0","0","128","128","128","0","0","0","128","128","128","3964","3964","3964","128","128","128","0","0","0","5090","5090","5090"
"5100","0","0","0","129","129","129","0","0","0","129","129","129","5664","5664","5664","129","129","129","365","365","365","129","129","129","6289","6289","6289","5095","5095","5095"
"5105","0","0","0","130","130","130","0","0","0","130","130","130","6651","6651","6651","130","130","130","0","0","0","130","130","130","4938","4938","4938","5100","5100","5100"
"5110","365","365","365","131","131","131","0","0","0","131","131","131","7754","7754","7754","131","131","131","0","0","0","131","131","131","6546","6546","6546","5105","5105","5105"
"5115","0","0","0","132","132","132","0","0","0","132","132","132","7345","7345","7345","132","132","132","0","0","0","132","132","132","3906","3906","3906","5110","5110","5110"
"5120","0","0","0","133","133","133","0","0","0","133","133","133","8959","8959","8959","133","133","133","192","192","192","133","133","133","8074","8074","8074","5115","5115","5115"
"5125","0","0","0","134","134","134","0","0","0","134","134","134","9216","9216","9216","134","134","134","0","0","0","134","134","134","7413","7413","7413","5120","5120","5120"
"5130","0","0","0","135","135","135","0","0","0","135","135","135","7018","7018","7018","135","135","135","359","359","359","135","135","135","4977","4977","4977","5125","5125","5125"
"5135","0","0","0","136","136","136","0","0","0","136","136","136","6932","6932","6932","136","136","136","0","0","0","136","136","136","6848","6848","6848","5130","5130","5130"
"5140","0","0","0","137","137","137","0","0","0","137","137","137","8155","8155","8155","137","137","137","1008","1008","1008","137","137","137","6821","6821","6821","5135","5135","5135"
"5145","0","0","0","138","138","138","0","0","0","138","138","138","7889","7889","7889","138","138","138","549","549","549","138","138","138","7169","7169","7169","5140","5140","5140"
"5150","0","0","0","139","139","139","0","0","0","139","139","139","7426","7426","7426","139","139","139","650","650","650","139","139","139","3690","3690","3690","5145","5145","5145"
"5155","0","0","0","140","140","140","0","0","0","140","140","140","6437","6437","6437","140","140","140","176","176","176","140","140","140","7257","7257","7257","5150","5150","5150"
"5160","0","0","0","141","141","141","0","0","0","141","141","141","7028","7028","7028","141","141","141","1313","1313","1313","141","141","141","5731","5731","5731","5155","5155","5155"
"5165","0","0","0","142","142","142","0","0","0","142","142","142","5526","5526","5526","142","142","142","1560","1560","1560","142","142","142","6950","6950","6950","5160","5160","5160"
"5170","0","0","0","143","143","143","0","0","0","143","143","143","7120","7120","7120","143","143","143","2156","2156","2156","143","143","143","3592","3592","3592","5165","5165","5165"
"5175","0","0","0","144","144","144","0","0","0","144","144","144","7747","7747","7747","144","144","144","1712","1712","1712","144","144","144","4888","4888","4888","5170","5170","5170"
"5180","0","0","0","145","145","145","0","0","0","145","145","145","5705","5705","5705","145","145","145","1370","1370","1370","145","145","145","6422","6422","6422","5175","5175","5175"
"5185","0","0","0","146","146","146","0","0","0","146","146","146","6958","6958","6958","146","146","146","2073","2073","2073","146","146","146","5068","5068","5068","5180","5180","5180"
"5190","0","0","0","147","147","147","0","0","0","147","147","147","7081","7081","7081","147","147","147","1905","1905","1905","147","147","147","5729","5729","5729","5185","5185","5185"
"5195","0","0","0","148","148","148","0","0","0","148","148","148","6207","6207","6207","148","148","148","1614","1614","1614","148","148","148","6377","6377","6377","5190","5190","5190"
"5200","0","0","0","149","149","149","0","0","0","149","149","149","7708","7708","7708","149","149","149","2734","2734","2734","149","149","149","6111","6111","6111","5195","5195","5195"
"5205","0","0","0","150","150","150","0","0","0","150","150","150","6694","6694","6694","150","150","150","1792","1792","1792","150","150","150","6012","6012","6012","5200","5200","5200"
"5210","0","0","0","151","151","151","0","0","0","151","151","151","4774","4774","4774","151","151","151","2440","2440","2440","151","151","151","4342","4342","4342","5205","5205","5205"
"5215","0","0","0","152","152","152","0","0","0","152","152","152","5843","5843","5843","152","152","152","1676","1676","1676","152","152","152","4972","4972","4972","5210","5210","5210"
"5220","0","0","0","153","153","153","0","0","0","153","153","153","6403","6403","6403","153","153","153","1112","1112","1112","153","153","153","6648","6648","6648","5215","5215","5215"
"5225","0","0","0","154","154","154","0","0","0","154","154","154","6924","6924","6924","154","154","154","2162","2162","2162","154","154","154","4432","4432","4432","5220","5220","5220"
"5230","0","0","0","155","155","155","0","0","0","155","155","155","6289","6289","6289","155","155","155","2729","2729","2729","155","155","155","4187","4187","4187","5225","5225","5225"
"5235","0","0","0","156","156","156","0","0","0","156","156","156","4897","4897","4897","156","156","156","951","951","951","156","156","156","3610","3610","3610","5234","5234","5234"
"5240","0","0","0","157","157","157","0","0","0","157","157","157","5752","5752","5752","157","157","157","966","966","966","157","157","157","4674","4674","4674","5235","5235","5235"
"5245","0","0","0","158","158","158","0","0","0","158","158","158","5977","5977","5977","158","158","158","2219","2219","2219","158","158","158","5799","5799","5799","5240","5240","5240"
"5250","0","0","0","159","159","159","0","0","0","159","159","159","6834","6834","6834","159","159","159","2601","2601","2601","159","159","159","4795","4795","4795","5246","5246","5246"
"5255","0","0","0","160","160","160","0","0","0","160","160","160","5923","5923","5923","160","160","160","1794","1794","1794","160","160","160","4923","4923","4923","5250","5250","5250"
"5260","0","0","0","161","161","161","0","0","0","161","161","161","6052","6052","6052","161","161","161","2090","2090","2090","161","161","161","6312","6312","6312","5255","5255","5255"
"5265","0","0","0","162","162","162","0","0","0","162","162","162","6060","6060","6060","162","162","162","1747","1747","1747","162","162","162","4791","4791","4791","5260","5260","5260"
"5270","0","0","0","163","163","163","0","0","0","163","163","163","6985","6985","6985","163","163","163","1879","1879","1879","163","163","163","3713","3713","3713","5265","5265","5265"
"5275","0","0","0","164","164","164","0","0","0","164","164","164","7241","7241","7241","164","164","164","1886","1886","1886","164","164","164","4566","4566","4566","5270","5270","5270"
"5280","0","0","0","165","165","165","0","0","0","165","165","165","4620","4620","4620","165","165","165","2199","2199","2199","165","165","165","2523","2523","2523","5275","5275","5275"
"5285","0","0","0","166","166","166","0","0","0","166","166","166","7177","7177","7177","166","166","166","2434","2434","2434","166","166","166","5765","5765","5765","5280","5280","5280"
"5290","0","0","0","167","167","167","0","0","0","167","167","167","6945","6945","6945","167","167","167","1726","1726","1726","167","167","167","5823","5823","5823","5285","5285","5285"
"5295","0","0","0","168","168","168","0","0","0","168","168","168","6895","6895","6895","168","168","168","2030","2030","2030","168","168","168","6843","6843","6843","5290","5290","5290"
"5300","0","0","0","169","169","169","0","0","0","169","169","169","5333","5333","5333","169","169","169","87","87","87","169","169","169","5792","5792","5792","5295","5295","5295"
"5350","0","0","0","170","170","170","0","0","0","170","170","170","7184","7184","7184","170","170","170","2874","2874","2874","170","170","170","3890","3890","3890","5300","5300","5300"
"5400","0","0","0","171","171","171","0","0","0","171","171","171","4213","4213","4213","171","171","171","860","860","860","171","171","171","5610","5610","5610","5350","5350","5350"
"5450","0","0","0","172","172","172","0","0","0","172","172","172","5903","5903","5903","172","172","172","1553","1553","1553","172","172","172","3788","3788","3788","5400","5400","5400"
"5500","0","0","0","173","173","173","0","0","0","173","173","173","5226","5226","5226","173","173","173","576","576","576","173","173","173","3601","3601","3601","5451","5451","5451"
"5550","0","0","0","174","174","174","0","0","0","174","174","174","6352","6352","6352","174","174","174","981","981","981","174","174","174","5482","5482","5482","5500","5500","5500"
"5600","0","0","0","175","175","175","0","0","0","175","175","175","6145","6145","6145","175","175","175","2189","2189","2189","175","175","175","4923","4923","4923","5550","5550","5550"
"5650","0","0","0","176","176","176","0","0","0","176","176","176","7381","7381","7381","176","176","176","3044","3044","3044","176","176","176","6230","6230","6230","5600","5600","5600"
"5700","0","0","0","177","177","177","0","0","0","177","177","177","6694","6694","6694","177","177","177","1935","1935","1935","177","177","177","5495","5495","5495","5650","5650","5650"
"5750","0","0","0","178","178","178","0","0","0","178","178","178","5113","5113","5113","178","178","178","1140","1140","1140","178","178","178","4347","4347","4347","5701","5701","5701"
"5800","0","0","0","179","179","179","0","0","0","179","179","179","6990","6990","6990","179","179","179","1394","1394","1394","179","179","179","4514","4514","4514","5750","5750","5750"
"5850","0","0","0","180","180","180","0","0","0","180","180","180","5116","5116","5116","180","180","180","489","489","489","180","180","180","4642","4642","4642","5800","5800","5800"
"5900","0","0","0","181","181","181","0","0","0","181","181","181","4919","4919","4919","181","181","181","79","79","79","181","181","181","4957","4957","4957","5850","5850","5850"
"5950","0","0","0","182","182","182","0","0","0","182","182","182","4344","4344","4344","182","182","182","978","978","978","182","182","182","5209","5209","5209","5900","5900","5900"
"6000","0","0","0","183","183","183","0","0","0","183","183","183","5027","5027","5027","183","183","183","102","102","102","183","183","183","4307","4307","4307","5951","5951","5951"
"6050","0","0","0","184","184","184","0","0","0","184","184","184","7019","7019","7019","184","184","184","1429","1429","1429","184","184","184","6221","6221","6221","6000","6000","6000"
"6100","0","0","0","185","185","185","0","0","0","185","185","185","3821","3821","3821","185","185","185","1331","1331","1331","185","185","185","5105","5105","5105","6050","6050","6050"
"6150","0","0","0","186","186","186","0","0","0","186","186","186","6918","6918","6918","186","186","186","1991","1991","1991","186","186","186","6168","6168","6168","6100","6100","6100"
"6200","0","0","0","187","187","187","0","0","0","187","187","187","5414","5414","5414","187","187","187","0","0","0","187","187","187","5214","5214","5214","6150","6150","6150"
"6250","0","0","0","188","188","188","0","0","0","188","188","188","7383","7383","7383","188","188","188","1954","1954","1954","188","188","188","6537","6537","6537","6201","6201","6201"
"6300","0","0","0","189","189","189","42","42","42","189","189","189","4670","4670","4670","189","189","189","1383","1383","1383","189","189","189","4403","4403","4403","6250","6250","6250"
"6350","0","0","0","190","190","190","0","0","0","190","190","190","6440","6440","6440","190","190","190","586","586","586","190","190","190","6331","6331","6331","6300","6300","6300"
"6400","0","0","0","191","191","191","0","0","0","191","191","191","5607","5607","5607","191","191","191","432","432","432","191","191","191","5681","5681","5681","6350","6350","6350"
"6450","0","0","0","192","192","192","0","0","0","192","192","192","7365","7365","7365","192","192","192","945","945","945","192","192","192","4767","4767","4767","6400","6400","6400"
"6500","0","0","0","193","193","193","0","0","0","193","193","193","4163","4163","4163","193","193","193","1055","1055","1055","193","193","193","4834","4834","4834","6451","6451","6451"
"6550","0","0","0","194","194","194","234","234","234","194","194","194","5301","5301","5301","194","194","194","903","903","903","194","194","194","7657","7657","7657","6500","6500","6500"
"6600","0","0","0","195","195","195","1021","1021","1021","195","195","195","3533","3533","3533","195","195","195","0","0","0","195","195","195","4084","4084","4084","6550","6550","6550"
"6650","0","0","0","196","196","196","0","0","0","196","196","196","6634","6634","6634","196","196","196","63","63","63","196","196","196","5392","5392","5392","6600","6600","6600"
"6700","0","0","0","197","197","197","291","291","291","197","197","197","5728","5728","5728","197","197","197","1299","1299","1299","197","197","197","4014","4014","4014","6650","6650","6650"
"6750","0","0","0","198","198","198","0","0","0","198","198","198","6086","6086","6086","198","198","198","292","292","292","198","198","198","2879","2879","2879","6701","6701","6701"
"6800","0","0","0","199","199","199","0","0","0","199","199","199","5188","5188","5188","199","199","199","1094","1094","1094","199","199","199","6194","6194","6194","6750","6750","6750"
"6850","0","0","0","200","200","200","296","296","296","200","200","200","5526","5526","5526","200","200","200","1053","1053","1053","200","200","200","6659","6659","6659","6800","6800","6800"
"6900","0","0","0","201","201","201","373","373","373","201","201","201","6774","6774","6774","201","201","201","1089","1089","1089","201","201","201","4425","4425","4425","6850","6850","6850"
"6950","0","0","0","202","202","202","676","676","676","202","202","202","4807","4807","4807","202","202","202","31","31","31","202","202","202","4004","4004","4004","6900","6900","6900"
"7000","0","0","0","203","203","203","1336","1336","1336","203","203","203","7514","7514","7514","203","203","203","538","538","538","203","203","203","5050","5050","5050","6951","6951","6951"
"7050","","","","","","","","","","","","","5324","5324","5324","204","204","204","","","","","","","2964","2964","2964","7000","7000","7000"
"7100","","","","","","","","","","","","","6955","6955","6955","205","205","205","","","","","","","","","","","",""
"7150","","","","","","","","","","","","","6466","6466","6466","206","206","206","","","","","","","","","","","",""
"7200","","","","","","","","","","","","","5656","5656","5656","207","207","207","","","","","","","","","","","",""
"7250","","","","","","","","","","","","","7774","7774","7774","208","208","208","","","","","","","","","","","",""