"iter","env1_muon - global_router/kl_divergence_from_uni","env1_muon - global_router/kl_divergence_from_uni__MIN","env1_muon - global_router/kl_divergence_from_uni__MAX","env1_muon - _step","env1_muon - _step__MIN","env1_muon - _step__MAX","env1_lion - global_router/kl_divergence_from_uni","env1_lion - global_router/kl_divergence_from_uni__MIN","env1_lion - global_router/kl_divergence_from_uni__MAX","env1_lion - _step","env1_lion - _step__MIN","env1_lion - _step__MAX","env1_adam - global_router/kl_divergence_from_uni","env1_adam - global_router/kl_divergence_from_uni__MIN","env1_adam - global_router/kl_divergence_from_uni__MAX","env1_adam - _step","env1_adam - _step__MIN","env1_adam - _step__MAX"," env1_sgd - global_router/kl_divergence_from_uni"," env1_sgd - global_router/kl_divergence_from_uni__MIN"," env1_sgd - global_router/kl_divergence_from_uni__MAX"," env1_sgd - _step"," env1_sgd - _step__MIN"," env1_sgd - _step__MAX","env1_adamw - global_router/kl_divergence_from_uni","env1_adamw - global_router/kl_divergence_from_uni__MIN","env1_adamw - global_router/kl_divergence_from_uni__MAX","env1_adamw - _step","env1_adamw - _step__MIN","env1_adamw - _step__MAX"
"0","0.015678207855671644","0.015678207855671644","0.015678207855671644","0","0","0","0.015678207855671644","0.015678207855671644","0.015678207855671644","0","0","0","0.01567380828782916","0.01567380828782916","0.01567380828782916","0","0","0","0.01567380828782916","0.01567380828782916","0.01567380828782916","0","0","0","0.01567380828782916","0.01567380828782916","0.01567380828782916","1","1","1"
"50","0.07478836551308632","0.07478836551308632","0.07478836551308632","1","1","1","0.0884919697418809","0.0884919697418809","0.0884919697418809","1","1","1","0.19660940393805504","0.19660940393805504","0.19660940393805504","1","1","1","0.11061872635036707","0.11061872635036707","0.11061872635036707","1","1","1","0.1963917538523674","0.1963917538523674","0.1963917538523674","2","2","2"
"100","0.050630402751266956","0.050630402751266956","0.050630402751266956","2","2","2","0.21904177963733673","0.21904177963733673","0.21904177963733673","2","2","2","0.1729026921093464","0.1729026921093464","0.1729026921093464","2","2","2","0.18403058499097824","0.18403058499097824","0.18403058499097824","2","2","2","0.17273831367492676","0.17273831367492676","0.17273831367492676","50","50","50"
"150","0.04855079296976328","0.04855079296976328","0.04855079296976328","3","3","3","0.234565868973732","0.234565868973732","0.234565868973732","3","3","3","0.10058929957449436","0.10058929957449436","0.10058929957449436","3","3","3","0.17358849197626114","0.17358849197626114","0.17358849197626114","3","3","3","0.10058226436376572","0.10058226436376572","0.10058226436376572","100","100","100"
"200","0.04197629913687706","0.04197629913687706","0.04197629913687706","4","4","4","0.21482253074645996","0.21482253074645996","0.21482253074645996","4","4","4","0.07989577203989029","0.07989577203989029","0.07989577203989029","4","4","4","0.1739942729473114","0.1739942729473114","0.1739942729473114","4","4","4","0.08004541788250208","0.08004541788250208","0.08004541788250208","150","150","150"
"250","0.03933888301253319","0.03933888301253319","0.03933888301253319","5","5","5","0.14824875444173813","0.14824875444173813","0.14824875444173813","5","5","5","0.04525352409109473","0.04525352409109473","0.04525352409109473","5","5","5","0.1783503070473671","0.1783503070473671","0.1783503070473671","5","5","5","0.04319633496925235","0.04319633496925235","0.04319633496925235","201","201","201"
"300","0.03802821412682533","0.03802821412682533","0.03802821412682533","6","6","6","0.134856466203928","0.134856466203928","0.134856466203928","6","6","6","0.04856839869171381","0.04856839869171381","0.04856839869171381","6","6","6","0.18284478038549423","0.18284478038549423","0.18284478038549423","6","6","6","0.04689883207902312","0.04689883207902312","0.04689883207902312","250","250","250"
"350","0.0380961112678051","0.0380961112678051","0.0380961112678051","7","7","7","0.16007733531296253","0.16007733531296253","0.16007733531296253","7","7","7","0.040994456969201565","0.040994456969201565","0.040994456969201565","7","7","7","0.16626377403736115","0.16626377403736115","0.16626377403736115","7","7","7","0.05555669032037258","0.05555669032037258","0.05555669032037258","300","300","300"
"400","0.049910650588572025","0.049910650588572025","0.049910650588572025","8","8","8","0.12244439963251352","0.12244439963251352","0.12244439963251352","8","8","8","0.05216127447783947","0.05216127447783947","0.05216127447783947","8","8","8","0.15970060974359512","0.15970060974359512","0.15970060974359512","8","8","8","0.04879199340939522","0.04879199340939522","0.04879199340939522","350","350","350"
"450","0.03717757575213909","0.03717757575213909","0.03717757575213909","9","9","9","0.09262754675000906","0.09262754675000906","0.09262754675000906","9","9","9","0.04019847419112921","0.04019847419112921","0.04019847419112921","9","9","9","0.15206313878297806","0.15206313878297806","0.15206313878297806","9","9","9","0.05078986752778292","0.05078986752778292","0.05078986752778292","400","400","400"
"500","0.04108998738229275","0.04108998738229275","0.04108998738229275","10","10","10","0.06741411238908768","0.06741411238908768","0.06741411238908768","10","10","10","0.0557033633813262","0.0557033633813262","0.0557033633813262","10","10","10","0.1450948417186737","0.1450948417186737","0.1450948417186737","10","10","10","0.04828223865479231","0.04828223865479231","0.04828223865479231","451","451","451"
"550","0.04026001878082752","0.04026001878082752","0.04026001878082752","11","11","11","0.049503971822559834","0.049503971822559834","0.049503971822559834","11","11","11","0.042970807291567326","0.042970807291567326","0.042970807291567326","11","11","11","0.1376337967813015","0.1376337967813015","0.1376337967813015","11","11","11","0.04593458119779825","0.04593458119779825","0.04593458119779825","500","500","500"
"600","0.04186738561838865","0.04186738561838865","0.04186738561838865","12","12","12","0.03799339849501848","0.03799339849501848","0.03799339849501848","12","12","12","0.049203041940927505","0.049203041940927505","0.049203041940927505","12","12","12","0.1310640648007393","0.1310640648007393","0.1310640648007393","12","12","12","0.05538975354284048","0.05538975354284048","0.05538975354284048","550","550","550"
"650","0.03784587234258652","0.03784587234258652","0.03784587234258652","13","13","13","0.037976367864757776","0.037976367864757776","0.037976367864757776","13","13","13","0.04925837833434343","0.04925837833434343","0.04925837833434343","13","13","13","0.13592862337827682","0.13592862337827682","0.13592862337827682","13","13","13","0.05380760878324509","0.05380760878324509","0.05380760878324509","600","600","600"
"700","0.04442244581878185","0.04442244581878185","0.04442244581878185","14","14","14","0.03977057430893183","0.03977057430893183","0.03977057430893183","14","14","14","0.043136618100106716","0.043136618100106716","0.043136618100106716","14","14","14","0.12887706607580185","0.12887706607580185","0.12887706607580185","14","14","14","0.04545068461447954","0.04545068461447954","0.04545068461447954","650","650","650"
"750","0.03983877692371607","0.03983877692371607","0.03983877692371607","15","15","15","0.026983055169694126","0.026983055169694126","0.026983055169694126","15","15","15","0.05216176249086857","0.05216176249086857","0.05216176249086857","15","15","15","0.13027101755142212","0.13027101755142212","0.13027101755142212","15","15","15","0.058437880128622055","0.058437880128622055","0.058437880128622055","701","701","701"
"800","0.03696180693805218","0.03696180693805218","0.03696180693805218","16","16","16","0.031728871166706085","0.031728871166706085","0.031728871166706085","16","16","16","0.049040116369724274","0.049040116369724274","0.049040116369724274","16","16","16","0.1349116638302803","0.1349116638302803","0.1349116638302803","16","16","16","0.05255342647433281","0.05255342647433281","0.05255342647433281","750","750","750"
"850","0.03398985415697098","0.03398985415697098","0.03398985415697098","17","17","17","0.032413334120064974","0.032413334120064974","0.032413334120064974","17","17","17","0.0558883473277092","0.0558883473277092","0.0558883473277092","17","17","17","0.1255929097533226","0.1255929097533226","0.1255929097533226","17","17","17","0.0617073941975832","0.0617073941975832","0.0617073941975832","800","800","800"
"900","0.04275990277528763","0.04275990277528763","0.04275990277528763","18","18","18","0.037316401489079","0.037316401489079","0.037316401489079","18","18","18","0.06615188717842102","0.06615188717842102","0.06615188717842102","18","18","18","0.13469301164150238","0.13469301164150238","0.13469301164150238","18","18","18","0.055739328265190125","0.055739328265190125","0.055739328265190125","850","850","850"
"950","0.03954954817891121","0.03954954817891121","0.03954954817891121","19","19","19","0.033963378285989165","0.033963378285989165","0.033963378285989165","19","19","19","0.062156811356544495","0.062156811356544495","0.062156811356544495","19","19","19","0.12760356813669205","0.12760356813669205","0.12760356813669205","19","19","19","0.05956340581178665","0.05956340581178665","0.05956340581178665","900","900","900"
"1000","0.04394855722784996","0.04394855722784996","0.04394855722784996","20","20","20","0.03353279177099466","0.03353279177099466","0.03353279177099466","20","20","20","0.0675627700984478","0.0675627700984478","0.0675627700984478","20","20","20","0.1258583627641201","0.1258583627641201","0.1258583627641201","20","20","20","0.06733029335737228","0.06733029335737228","0.06733029335737228","951","951","951"
"1050","0.05850360915064812","0.05850360915064812","0.05850360915064812","21","21","21","0.03799904137849808","0.03799904137849808","0.03799904137849808","21","21","21","0.06705338694155216","0.06705338694155216","0.06705338694155216","21","21","21","0.12257565930485725","0.12257565930485725","0.12257565930485725","21","21","21","0.06411921232938766","0.06411921232938766","0.06411921232938766","1000","1000","1000"
"1100","0.07646086066961288","0.07646086066961288","0.07646086066961288","22","22","22","0.04508688044734299","0.04508688044734299","0.04508688044734299","22","22","22","0.06656429544091225","0.06656429544091225","0.06656429544091225","22","22","22","0.12815359234809875","0.12815359234809875","0.12815359234809875","22","22","22","0.053533975034952164","0.053533975034952164","0.053533975034952164","1050","1050","1050"
"1150","0.07057969644665718","0.07057969644665718","0.07057969644665718","23","23","23","0.03241097554564476","0.03241097554564476","0.03241097554564476","23","23","23","0.05385281518101692","0.05385281518101692","0.05385281518101692","23","23","23","0.11285857111215591","0.11285857111215591","0.11285857111215591","23","23","23","0.05811852216720581","0.05811852216720581","0.05811852216720581","1100","1100","1100"
"1200","0.07553374394774437","0.07553374394774437","0.07553374394774437","24","24","24","0.036185582634061575","0.036185582634061575","0.036185582634061575","24","24","24","0.06377077475190163","0.06377077475190163","0.06377077475190163","24","24","24","0.1156560592353344","0.1156560592353344","0.1156560592353344","24","24","24","0.06118614226579666","0.06118614226579666","0.06118614226579666","1150","1150","1150"
"1250","0.0665317066013813","0.0665317066013813","0.0665317066013813","25","25","25","0.04049254395067692","0.04049254395067692","0.04049254395067692","25","25","25","0.052714159712195396","0.052714159712195396","0.052714159712195396","25","25","25","0.12002051621675491","0.12002051621675491","0.12002051621675491","25","25","25","0.05246814712882042","0.05246814712882042","0.05246814712882042","1201","1201","1201"
"1300","0.06688686646521091","0.06688686646521091","0.06688686646521091","26","26","26","0.03364279097877443","0.03364279097877443","0.03364279097877443","26","26","26","0.0606440044939518","0.0606440044939518","0.0606440044939518","26","26","26","0.11681951209902763","0.11681951209902763","0.11681951209902763","26","26","26","0.04824855178594589","0.04824855178594589","0.04824855178594589","1250","1250","1250"
"1350","0.0664210356771946","0.0664210356771946","0.0664210356771946","27","27","27","0.0338001623749733","0.0338001623749733","0.0338001623749733","27","27","27","0.060830287635326385","0.060830287635326385","0.060830287635326385","27","27","27","0.11394637078046799","0.11394637078046799","0.11394637078046799","27","27","27","0.048333410173654556","0.048333410173654556","0.048333410173654556","1300","1300","1300"
"1400","0.0654151551425457","0.0654151551425457","0.0654151551425457","28","28","28","0.02421562047675252","0.02421562047675252","0.02421562047675252","28","28","28","0.0545366033911705","0.0545366033911705","0.0545366033911705","28","28","28","0.1099967397749424","0.1099967397749424","0.1099967397749424","28","28","28","0.04505939595401287","0.04505939595401287","0.04505939595401287","1350","1350","1350"
"1450","0.07215584255754948","0.07215584255754948","0.07215584255754948","29","29","29","0.025932061951607466","0.025932061951607466","0.025932061951607466","29","29","29","0.053874533623456955","0.053874533623456955","0.053874533623456955","29","29","29","0.1161879301071167","0.1161879301071167","0.1161879301071167","29","29","29","0.050259366631507874","0.050259366631507874","0.050259366631507874","1400","1400","1400"
"1500","0.06354601867496967","0.06354601867496967","0.06354601867496967","30","30","30","0.028204115107655525","0.028204115107655525","0.028204115107655525","30","30","30","0.04917687177658081","0.04917687177658081","0.04917687177658081","30","30","30","0.11008041352033615","0.11008041352033615","0.11008041352033615","30","30","30","0.04382547829300165","0.04382547829300165","0.04382547829300165","1451","1451","1451"
"1550","0.06677662394940853","0.06677662394940853","0.06677662394940853","31","31","31","0.028490290977060795","0.028490290977060795","0.028490290977060795","31","31","31","0.05357750132679939","0.05357750132679939","0.05357750132679939","31","31","31","0.11552596464753151","0.11552596464753151","0.11552596464753151","31","31","31","0.03622577339410782","0.03622577339410782","0.03622577339410782","1500","1500","1500"
"1600","0.07259724847972393","0.07259724847972393","0.07259724847972393","32","32","32","0.029562738724052906","0.029562738724052906","0.029562738724052906","32","32","32","0.04084724560379982","0.04084724560379982","0.04084724560379982","32","32","32","0.11219657585024834","0.11219657585024834","0.11219657585024834","32","32","32","0.04469641484320164","0.04469641484320164","0.04469641484320164","1550","1550","1550"
"1650","0.05558188632130623","0.05558188632130623","0.05558188632130623","33","33","33","0.024994913022965193","0.024994913022965193","0.024994913022965193","33","33","33","0.04172991495579481","0.04172991495579481","0.04172991495579481","33","33","33","0.10122277215123177","0.10122277215123177","0.10122277215123177","33","33","33","0.03914069291204214","0.03914069291204214","0.03914069291204214","1600","1600","1600"
"1700","0.07235514745116234","0.07235514745116234","0.07235514745116234","34","34","34","0.02527727000415325","0.02527727000415325","0.02527727000415325","34","34","34","0.040848350152373314","0.040848350152373314","0.040848350152373314","34","34","34","0.10738008841872215","0.10738008841872215","0.10738008841872215","34","34","34","0.038847639225423336","0.038847639225423336","0.038847639225423336","1650","1650","1650"
"1750","0.06556646153330803","0.06556646153330803","0.06556646153330803","35","35","35","0.026762412395328283","0.026762412395328283","0.026762412395328283","35","35","35","0.03937090095132589","0.03937090095132589","0.03937090095132589","35","35","35","0.1101495735347271","0.1101495735347271","0.1101495735347271","35","35","35","0.04758605547249317","0.04758605547249317","0.04758605547249317","1701","1701","1701"
"1800","0.05318477936089039","0.05318477936089039","0.05318477936089039","36","36","36","0.026976585388183594","0.026976585388183594","0.026976585388183594","36","36","36","0.04315916448831558","0.04315916448831558","0.04315916448831558","36","36","36","0.10082805901765823","0.10082805901765823","0.10082805901765823","36","36","36","0.03229927271604538","0.03229927271604538","0.03229927271604538","1750","1750","1750"
"1850","0.06259794160723686","0.06259794160723686","0.06259794160723686","37","37","37","0.027850863058120012","0.027850863058120012","0.027850863058120012","37","37","37","0.04286836087703705","0.04286836087703705","0.04286836087703705","37","37","37","0.10225411877036095","0.10225411877036095","0.10225411877036095","37","37","37","0.03960071783512831","0.03960071783512831","0.03960071783512831","1800","1800","1800"
"1900","0.06170538440346718","0.06170538440346718","0.06170538440346718","38","38","38","0.027064310386776924","0.027064310386776924","0.027064310386776924","38","38","38","0.046009267680346966","0.046009267680346966","0.046009267680346966","38","38","38","0.10227397456765175","0.10227397456765175","0.10227397456765175","38","38","38","0.03421570733189583","0.03421570733189583","0.03421570733189583","1850","1850","1850"
"1950","0.0650387778878212","0.0650387778878212","0.0650387778878212","39","39","39","0.025441884994506836","0.025441884994506836","0.025441884994506836","39","39","39","0.03938325121998787","0.03938325121998787","0.03938325121998787","39","39","39","0.10222021490335464","0.10222021490335464","0.10222021490335464","39","39","39","0.03215821459889412","0.03215821459889412","0.03215821459889412","1900","1900","1900"
"2000","0.0561127420514822","0.0561127420514822","0.0561127420514822","40","40","40","0.035223035141825676","0.035223035141825676","0.035223035141825676","40","40","40","0.03786090761423111","0.03786090761423111","0.03786090761423111","40","40","40","0.09717295318841934","0.09717295318841934","0.09717295318841934","40","40","40","0.02792306710034609","0.02792306710034609","0.02792306710034609","1951","1951","1951"
"2050","0.06053014658391476","0.06053014658391476","0.06053014658391476","41","41","41","0.02560139913111925","0.02560139913111925","0.02560139913111925","41","41","41","0.04126237565651536","0.04126237565651536","0.04126237565651536","41","41","41","0.09541292488574982","0.09541292488574982","0.09541292488574982","41","41","41","0.03426567278802395","0.03426567278802395","0.03426567278802395","2000","2000","2000"
"2100","0.06288854777812958","0.06288854777812958","0.06288854777812958","42","42","42","0.02470412850379944","0.02470412850379944","0.02470412850379944","42","42","42","0.03877174574881792","0.03877174574881792","0.03877174574881792","42","42","42","0.10199691727757454","0.10199691727757454","0.10199691727757454","42","42","42","0.029742819257080555","0.029742819257080555","0.029742819257080555","2050","2050","2050"
"2150","0.07103072851896286","0.07103072851896286","0.07103072851896286","43","43","43","0.02928565815091133","0.02928565815091133","0.02928565815091133","43","43","43","0.03899008594453335","0.03899008594453335","0.03899008594453335","43","43","43","0.09719511866569519","0.09719511866569519","0.09719511866569519","43","43","43","0.03150086849927902","0.03150086849927902","0.03150086849927902","2100","2100","2100"
"2200","0.06313660740852356","0.06313660740852356","0.06313660740852356","44","44","44","0.02484712190926075","0.02484712190926075","0.02484712190926075","44","44","44","0.031165605410933495","0.031165605410933495","0.031165605410933495","44","44","44","0.09819239005446434","0.09819239005446434","0.09819239005446434","44","44","44","0.027347146067768335","0.027347146067768335","0.027347146067768335","2150","2150","2150"
"2250","0.06475862301886082","0.06475862301886082","0.06475862301886082","45","45","45","0.026251325383782387","0.026251325383782387","0.026251325383782387","45","45","45","0.045453003607690334","0.045453003607690334","0.045453003607690334","45","45","45","0.09938915446400642","0.09938915446400642","0.09938915446400642","45","45","45","0.02371456613764167","0.02371456613764167","0.02371456613764167","2201","2201","2201"
"2300","0.06757963448762894","0.06757963448762894","0.06757963448762894","46","46","46","0.03196234256029129","0.03196234256029129","0.03196234256029129","46","46","46","0.0373738557100296","0.0373738557100296","0.0373738557100296","46","46","46","0.09624264016747475","0.09624264016747475","0.09624264016747475","46","46","46","0.03018166683614254","0.03018166683614254","0.03018166683614254","2250","2250","2250"
"2350","0.05724204704165459","0.05724204704165459","0.05724204704165459","47","47","47","0.021714061498641968","0.021714061498641968","0.021714061498641968","47","47","47","0.03397797141224146","0.03397797141224146","0.03397797141224146","47","47","47","0.09075114876031876","0.09075114876031876","0.09075114876031876","47","47","47","0.031551658641546965","0.031551658641546965","0.031551658641546965","2300","2300","2300"
"2400","0.054636066779494286","0.054636066779494286","0.054636066779494286","48","48","48","0.02779129147529602","0.02779129147529602","0.02779129147529602","48","48","48","0.031027603894472122","0.031027603894472122","0.031027603894472122","48","48","48","0.09127852693200111","0.09127852693200111","0.09127852693200111","48","48","48","0.02477907110005617","0.02477907110005617","0.02477907110005617","2350","2350","2350"
"2450","0.05790708400309086","0.05790708400309086","0.05790708400309086","49","49","49","0.02162834443151951","0.02162834443151951","0.02162834443151951","49","49","49","0.03398238122463226","0.03398238122463226","0.03398238122463226","49","49","49","0.09255188703536987","0.09255188703536987","0.09255188703536987","49","49","49","0.030958257149904966","0.030958257149904966","0.030958257149904966","2400","2400","2400"
"2500","0.04931412450969219","0.04931412450969219","0.04931412450969219","50","50","50","0.023467306047677994","0.023467306047677994","0.023467306047677994","50","50","50","0.028565180022269487","0.028565180022269487","0.028565180022269487","50","50","50","0.087040726095438","0.087040726095438","0.087040726095438","50","50","50","0.023731328547000885","0.023731328547000885","0.023731328547000885","2451","2451","2451"
"2550","0.05683430843055248","0.05683430843055248","0.05683430843055248","51","51","51","0.024569083005189896","0.024569083005189896","0.024569083005189896","51","51","51","0.04396463930606842","0.04396463930606842","0.04396463930606842","51","51","51","0.09351234510540962","0.09351234510540962","0.09351234510540962","51","51","51","0.032509890384972095","0.032509890384972095","0.032509890384972095","2500","2500","2500"
"2600","0.04405323788523674","0.04405323788523674","0.04405323788523674","52","52","52","0.025474591180682182","0.025474591180682182","0.025474591180682182","52","52","52","0.037747034803032875","0.037747034803032875","0.037747034803032875","52","52","52","0.08470559492707253","0.08470559492707253","0.08470559492707253","52","52","52","0.027904102578759193","0.027904102578759193","0.027904102578759193","2550","2550","2550"
"2650","0.05892922915518284","0.05892922915518284","0.05892922915518284","53","53","53","0.025347735732793808","0.025347735732793808","0.025347735732793808","53","53","53","0.03270591236650944","0.03270591236650944","0.03270591236650944","53","53","53","0.09362060576677322","0.09362060576677322","0.09362060576677322","53","53","53","0.025011463556438684","0.025011463556438684","0.025011463556438684","2600","2600","2600"
"2700","0.06245330721139908","0.06245330721139908","0.06245330721139908","54","54","54","0.0216173455119133","0.0216173455119133","0.0216173455119133","54","54","54","0.03545201662927866","0.03545201662927866","0.03545201662927866","54","54","54","0.09521012008190155","0.09521012008190155","0.09521012008190155","54","54","54","0.030738611705601215","0.030738611705601215","0.030738611705601215","2650","2650","2650"
"2750","0.04386475868523121","0.04386475868523121","0.04386475868523121","55","55","55","0.021360153332352638","0.021360153332352638","0.021360153332352638","55","55","55","0.036084672436118126","0.036084672436118126","0.036084672436118126","55","55","55","0.08625565469264984","0.08625565469264984","0.08625565469264984","55","55","55","0.029312438797205687","0.029312438797205687","0.029312438797205687","2701","2701","2701"
"2800","0.04795973375439644","0.04795973375439644","0.04795973375439644","56","56","56","0.02727573923766613","0.02727573923766613","0.02727573923766613","56","56","56","0.03645541425794363","0.03645541425794363","0.03645541425794363","56","56","56","0.09044218435883522","0.09044218435883522","0.09044218435883522","56","56","56","0.024201818741858006","0.024201818741858006","0.024201818741858006","2750","2750","2750"
"2850","0.04872481897473335","0.04872481897473335","0.04872481897473335","57","57","57","0.025389600545167923","0.025389600545167923","0.025389600545167923","57","57","57","0.03239064756780863","0.03239064756780863","0.03239064756780863","57","57","57","0.09134279936552048","0.09134279936552048","0.09134279936552048","57","57","57","0.027549991384148598","0.027549991384148598","0.027549991384148598","2800","2800","2800"
"2900","0.05176772549748421","0.05176772549748421","0.05176772549748421","58","58","58","0.0308277178555727","0.0308277178555727","0.0308277178555727","58","58","58","0.039365366101264954","0.039365366101264954","0.039365366101264954","58","58","58","0.08811013773083687","0.08811013773083687","0.08811013773083687","58","58","58","0.027496551163494587","0.027496551163494587","0.027496551163494587","2850","2850","2850"
"2950","0.05138148553669453","0.05138148553669453","0.05138148553669453","59","59","59","0.025437509641051292","0.025437509641051292","0.025437509641051292","59","59","59","0.03349669370800257","0.03349669370800257","0.03349669370800257","59","59","59","0.09244605526328087","0.09244605526328087","0.09244605526328087","59","59","59","0.021476243622601032","0.021476243622601032","0.021476243622601032","2900","2900","2900"
"3000","0.0535520575940609","0.0535520575940609","0.0535520575940609","60","60","60","0.024057723581790924","0.024057723581790924","0.024057723581790924","60","60","60","0.029538133181631565","0.029538133181631565","0.029538133181631565","60","60","60","0.09090454876422882","0.09090454876422882","0.09090454876422882","60","60","60","0.026824191212654114","0.026824191212654114","0.026824191212654114","2951","2951","2951"
"3050","0.049989404156804085","0.049989404156804085","0.049989404156804085","61","61","61","0.026483023539185524","0.026483023539185524","0.026483023539185524","61","61","61","0.036052518524229527","0.036052518524229527","0.036052518524229527","61","61","61","0.08907072246074677","0.08907072246074677","0.08907072246074677","61","61","61","0.023741346783936024","0.023741346783936024","0.023741346783936024","3000","3000","3000"
"3100","0.05025416240096092","0.05025416240096092","0.05025416240096092","62","62","62","0.02717014029622078","0.02717014029622078","0.02717014029622078","62","62","62","0.03981215227395296","0.03981215227395296","0.03981215227395296","62","62","62","0.09555540606379509","0.09555540606379509","0.09555540606379509","62","62","62","0.028119254857301712","0.028119254857301712","0.028119254857301712","3050","3050","3050"
"3150","0.05006873048841953","0.05006873048841953","0.05006873048841953","63","63","63","0.02225610241293907","0.02225610241293907","0.02225610241293907","63","63","63","0.035001976415514946","0.035001976415514946","0.035001976415514946","63","63","63","0.08647338300943375","0.08647338300943375","0.08647338300943375","63","63","63","0.029451806098222733","0.029451806098222733","0.029451806098222733","3100","3100","3100"
"3200","0.05197514034807682","0.05197514034807682","0.05197514034807682","64","64","64","0.028411056846380234","0.028411056846380234","0.028411056846380234","64","64","64","0.04111999552696943","0.04111999552696943","0.04111999552696943","64","64","64","0.0863187201321125","0.0863187201321125","0.0863187201321125","64","64","64","0.023190190084278584","0.023190190084278584","0.023190190084278584","3150","3150","3150"
"3250","0.04820651188492775","0.04820651188492775","0.04820651188492775","65","65","65","0.024734104052186012","0.024734104052186012","0.024734104052186012","65","65","65","0.03669753670692444","0.03669753670692444","0.03669753670692444","65","65","65","0.08493227884173393","0.08493227884173393","0.08493227884173393","65","65","65","0.02545427344739437","0.02545427344739437","0.02545427344739437","3201","3201","3201"
"3300","0.04769938252866268","0.04769938252866268","0.04769938252866268","66","66","66","0.02823273465037346","0.02823273465037346","0.02823273465037346","66","66","66","0.035208349116146564","0.035208349116146564","0.035208349116146564","66","66","66","0.08512827381491661","0.08512827381491661","0.08512827381491661","66","66","66","0.024958067573606968","0.024958067573606968","0.024958067573606968","3250","3250","3250"
"3350","0.04030503146350384","0.04030503146350384","0.04030503146350384","67","67","67","0.024481313303112984","0.024481313303112984","0.024481313303112984","67","67","67","0.03336438722908497","0.03336438722908497","0.03336438722908497","67","67","67","0.0843348540365696","0.0843348540365696","0.0843348540365696","67","67","67","0.024085799232125282","0.024085799232125282","0.024085799232125282","3300","3300","3300"
"3400","0.04570772498846054","0.04570772498846054","0.04570772498846054","68","68","68","0.026111429557204247","0.026111429557204247","0.026111429557204247","68","68","68","0.03383959922939539","0.03383959922939539","0.03383959922939539","68","68","68","0.0830356776714325","0.0830356776714325","0.0830356776714325","68","68","68","0.025554217863827944","0.025554217863827944","0.025554217863827944","3350","3350","3350"
"3450","0.0465948898345232","0.0465948898345232","0.0465948898345232","69","69","69","0.024535924196243286","0.024535924196243286","0.024535924196243286","69","69","69","0.031884404830634594","0.031884404830634594","0.031884404830634594","69","69","69","0.07686961814761162","0.07686961814761162","0.07686961814761162","69","69","69","0.02094982471317053","0.02094982471317053","0.02094982471317053","3400","3400","3400"
"3500","0.05167873576283455","0.05167873576283455","0.05167873576283455","70","70","70","0.026921767741441727","0.026921767741441727","0.026921767741441727","70","70","70","0.039826453663408756","0.039826453663408756","0.039826453663408756","70","70","70","0.0805269405245781","0.0805269405245781","0.0805269405245781","70","70","70","0.025233765598386526","0.025233765598386526","0.025233765598386526","3451","3451","3451"
"3550","0.03617364913225174","0.03617364913225174","0.03617364913225174","71","71","71","0.022964635863900185","0.022964635863900185","0.022964635863900185","71","71","71","0.033147918060421944","0.033147918060421944","0.033147918060421944","71","71","71","0.08612282574176788","0.08612282574176788","0.08612282574176788","71","71","71","0.022471779491752386","0.022471779491752386","0.022471779491752386","3500","3500","3500"
"3600","0.03930827975273132","0.03930827975273132","0.03930827975273132","72","72","72","0.024342145770788193","0.024342145770788193","0.024342145770788193","72","72","72","0.031923169270157814","0.031923169270157814","0.031923169270157814","72","72","72","0.07951414212584496","0.07951414212584496","0.07951414212584496","72","72","72","0.027749457396566868","0.027749457396566868","0.027749457396566868","3550","3550","3550"
"3650","0.04668678715825081","0.04668678715825081","0.04668678715825081","73","73","73","0.024626372382044792","0.024626372382044792","0.024626372382044792","73","73","73","0.03418252244591713","0.03418252244591713","0.03418252244591713","73","73","73","0.08056259900331497","0.08056259900331497","0.08056259900331497","73","73","73","0.02436000667512417","0.02436000667512417","0.02436000667512417","3600","3600","3600"
"3700","0.0405756626278162","0.0405756626278162","0.0405756626278162","74","74","74","0.020310157909989357","0.020310157909989357","0.020310157909989357","74","74","74","0.0357254883274436","0.0357254883274436","0.0357254883274436","74","74","74","0.0786971002817154","0.0786971002817154","0.0786971002817154","74","74","74","0.028875469230115414","0.028875469230115414","0.028875469230115414","3650","3650","3650"
"3750","0.039809536188840866","0.039809536188840866","0.039809536188840866","75","75","75","0.02193533070385456","0.02193533070385456","0.02193533070385456","75","75","75","0.0382481487467885","0.0382481487467885","0.0382481487467885","75","75","75","0.08081650361418724","0.08081650361418724","0.08081650361418724","75","75","75","0.027222262229770422","0.027222262229770422","0.027222262229770422","3701","3701","3701"
"3800","0.04721713066101074","0.04721713066101074","0.04721713066101074","76","76","76","0.02563880756497383","0.02563880756497383","0.02563880756497383","76","76","76","0.03803615178912878","0.03803615178912878","0.03803615178912878","76","76","76","0.07960096746683121","0.07960096746683121","0.07960096746683121","76","76","76","0.017847594805061817","0.017847594805061817","0.017847594805061817","3750","3750","3750"
"3850","0.0346933975815773","0.0346933975815773","0.0346933975815773","77","77","77","0.022509539499878883","0.022509539499878883","0.022509539499878883","77","77","77","0.03286314010620117","0.03286314010620117","0.03286314010620117","77","77","77","0.07824499160051346","0.07824499160051346","0.07824499160051346","77","77","77","0.022638582158833742","0.022638582158833742","0.022638582158833742","3800","3800","3800"
"3900","0.03918388485908508","0.03918388485908508","0.03918388485908508","78","78","78","0.024353129789233208","0.024353129789233208","0.024353129789233208","78","78","78","0.035927883349359035","0.035927883349359035","0.035927883349359035","78","78","78","0.07757038250565529","0.07757038250565529","0.07757038250565529","78","78","78","0.019286247435957193","0.019286247435957193","0.019286247435957193","3850","3850","3850"
"3950","0.03983945772051811","0.03983945772051811","0.03983945772051811","79","79","79","0.025960901752114296","0.025960901752114296","0.025960901752114296","79","79","79","0.03816740866750479","0.03816740866750479","0.03816740866750479","79","79","79","0.07585685700178146","0.07585685700178146","0.07585685700178146","79","79","79","0.02605304727330804","0.02605304727330804","0.02605304727330804","3900","3900","3900"
"4000","0.038796039298176765","0.038796039298176765","0.038796039298176765","80","80","80","0.018433041870594025","0.018433041870594025","0.018433041870594025","80","80","80","0.03680657967925072","0.03680657967925072","0.03680657967925072","80","80","80","0.0708957239985466","0.0708957239985466","0.0708957239985466","80","80","80","0.02497004857286811","0.02497004857286811","0.02497004857286811","3951","3951","3951"
"4050","0.038122013211250305","0.038122013211250305","0.038122013211250305","81","81","81","0.022203002125024796","0.022203002125024796","0.022203002125024796","81","81","81","0.03325650468468666","0.03325650468468666","0.03325650468468666","81","81","81","0.07723766565322876","0.07723766565322876","0.07723766565322876","81","81","81","0.02288073906674981","0.02288073906674981","0.02288073906674981","4000","4000","4000"
"4100","0.03407214768230915","0.03407214768230915","0.03407214768230915","82","82","82","0.02066953107714653","0.02066953107714653","0.02066953107714653","82","82","82","0.0316613782197237","0.0316613782197237","0.0316613782197237","82","82","82","0.07624154537916183","0.07624154537916183","0.07624154537916183","82","82","82","0.02383397752419114","0.02383397752419114","0.02383397752419114","4050","4050","4050"
"4150","0.0393592044711113","0.0393592044711113","0.0393592044711113","83","83","83","0.020232808776199818","0.020232808776199818","0.020232808776199818","83","83","83","0.034395080991089344","0.034395080991089344","0.034395080991089344","83","83","83","0.0815175324678421","0.0815175324678421","0.0815175324678421","83","83","83","0.02481162315234542","0.02481162315234542","0.02481162315234542","4100","4100","4100"
"4200","0.037505995482206345","0.037505995482206345","0.037505995482206345","84","84","84","0.019380027428269386","0.019380027428269386","0.019380027428269386","84","84","84","0.03857424855232239","0.03857424855232239","0.03857424855232239","84","84","84","0.07209914177656174","0.07209914177656174","0.07209914177656174","84","84","84","0.02508089505136013","0.02508089505136013","0.02508089505136013","4150","4150","4150"
"4250","0.03610651381313801","0.03610651381313801","0.03610651381313801","85","85","85","0.021367361769080162","0.021367361769080162","0.021367361769080162","85","85","85","0.03809113800525665","0.03809113800525665","0.03809113800525665","85","85","85","0.08050896599888802","0.08050896599888802","0.08050896599888802","85","85","85","0.029005050659179688","0.029005050659179688","0.029005050659179688","4201","4201","4201"
"4300","0.0342058977112174","0.0342058977112174","0.0342058977112174","86","86","86","0.019612517207860947","0.019612517207860947","0.019612517207860947","86","86","86","0.03515349142253399","0.03515349142253399","0.03515349142253399","86","86","86","0.07819924503564835","0.07819924503564835","0.07819924503564835","86","86","86","0.02238132245838642","0.02238132245838642","0.02238132245838642","4250","4250","4250"
"4350","0.039918821305036545","0.039918821305036545","0.039918821305036545","87","87","87","0.02211943082511425","0.02211943082511425","0.02211943082511425","87","87","87","0.035607464611530304","0.035607464611530304","0.035607464611530304","87","87","87","0.07770821824669838","0.07770821824669838","0.07770821824669838","87","87","87","0.023937304969877005","0.023937304969877005","0.023937304969877005","4300","4300","4300"
"4400","0.04009055159986019","0.04009055159986019","0.04009055159986019","88","88","88","0.020378733053803444","0.020378733053803444","0.020378733053803444","88","88","88","0.03757110144942999","0.03757110144942999","0.03757110144942999","88","88","88","0.07753908634185791","0.07753908634185791","0.07753908634185791","88","88","88","0.02067557629197836","0.02067557629197836","0.02067557629197836","4350","4350","4350"
"4450","0.034889889881014824","0.034889889881014824","0.034889889881014824","89","89","89","0.021107839420437813","0.021107839420437813","0.021107839420437813","89","89","89","0.0295043820515275","0.0295043820515275","0.0295043820515275","89","89","89","0.07513295859098434","0.07513295859098434","0.07513295859098434","89","89","89","0.021054920740425587","0.021054920740425587","0.021054920740425587","4400","4400","4400"
"4500","0.03239882364869118","0.03239882364869118","0.03239882364869118","90","90","90","0.018254965543746948","0.018254965543746948","0.018254965543746948","90","90","90","0.02870201040059328","0.02870201040059328","0.02870201040059328","90","90","90","0.0744558572769165","0.0744558572769165","0.0744558572769165","90","90","90","0.02406988199800253","0.02406988199800253","0.02406988199800253","4451","4451","4451"
"4550","0.03461294807493687","0.03461294807493687","0.03461294807493687","91","91","91","0.017358058132231236","0.017358058132231236","0.017358058132231236","91","91","91","0.03449668362736702","0.03449668362736702","0.03449668362736702","91","91","91","0.06827430985867977","0.06827430985867977","0.06827430985867977","91","91","91","0.021615067962557077","0.021615067962557077","0.021615067962557077","4500","4500","4500"
"4600","0.036491042003035545","0.036491042003035545","0.036491042003035545","92","92","92","0.0175737664103508","0.0175737664103508","0.0175737664103508","92","92","92","0.03911412786692381","0.03911412786692381","0.03911412786692381","92","92","92","0.07254972495138645","0.07254972495138645","0.07254972495138645","92","92","92","0.021767882630228996","0.021767882630228996","0.021767882630228996","4550","4550","4550"
"4650","0.035378484055399895","0.035378484055399895","0.035378484055399895","93","93","93","0.019792888313531876","0.019792888313531876","0.019792888313531876","93","93","93","0.02913246862590313","0.02913246862590313","0.02913246862590313","93","93","93","0.07187972962856293","0.07187972962856293","0.07187972962856293","93","93","93","0.021388942375779152","0.021388942375779152","0.021388942375779152","4600","4600","4600"
"4700","0.03351610340178013","0.03351610340178013","0.03351610340178013","94","94","94","0.01707194186747074","0.01707194186747074","0.01707194186747074","94","94","94","0.031770456582307816","0.031770456582307816","0.031770456582307816","94","94","94","0.0704671498388052","0.0704671498388052","0.0704671498388052","94","94","94","0.020558821968734264","0.020558821968734264","0.020558821968734264","4650","4650","4650"
"4750","0.037785738706588745","0.037785738706588745","0.037785738706588745","95","95","95","0.019941013306379318","0.019941013306379318","0.019941013306379318","95","95","95","0.03641209751367569","0.03641209751367569","0.03641209751367569","95","95","95","0.0682421363890171","0.0682421363890171","0.0682421363890171","95","95","95","0.02088366635143757","0.02088366635143757","0.02088366635143757","4701","4701","4701"
"4800","0.03625964745879173","0.03625964745879173","0.03625964745879173","96","96","96","0.015254638157784939","0.015254638157784939","0.015254638157784939","96","96","96","0.028794152662158012","0.028794152662158012","0.028794152662158012","96","96","96","0.07080229744315147","0.07080229744315147","0.07080229744315147","96","96","96","0.02273727487772703","0.02273727487772703","0.02273727487772703","4750","4750","4750"
"4850","0.03628550283610821","0.03628550283610821","0.03628550283610821","97","97","97","0.019620850682258606","0.019620850682258606","0.019620850682258606","97","97","97","0.03726574219763279","0.03726574219763279","0.03726574219763279","97","97","97","0.074063241481781","0.074063241481781","0.074063241481781","97","97","97","0.025059282779693604","0.025059282779693604","0.025059282779693604","4800","4800","4800"
"4900","0.03600948955863714","0.03600948955863714","0.03600948955863714","98","98","98","0.016138209030032158","0.016138209030032158","0.016138209030032158","98","98","98","0.027745632454752922","0.027745632454752922","0.027745632454752922","98","98","98","0.07221159338951111","0.07221159338951111","0.07221159338951111","98","98","98","0.02308788662776351","0.02308788662776351","0.02308788662776351","4850","4850","4850"
"4950","0.034352838061749935","0.034352838061749935","0.034352838061749935","99","99","99","0.01969600562006235","0.01969600562006235","0.01969600562006235","99","99","99","0.03484870679676533","0.03484870679676533","0.03484870679676533","99","99","99","0.07519089058041573","0.07519089058041573","0.07519089058041573","99","99","99","0.017980884294956923","0.017980884294956923","0.017980884294956923","4900","4900","4900"
"4955","0.03953567333519459","0.03953567333519459","0.03953567333519459","100","100","100","0.016907534562051296","0.016907534562051296","0.016907534562051296","100","100","100","0.0277847396209836","0.0277847396209836","0.0277847396209836","100","100","100","0.0676792785525322","0.0676792785525322","0.0676792785525322","100","100","100","0.02459851559251547","0.02459851559251547","0.02459851559251547","4950","4950","4950"
"4960","0.03744050860404968","0.03744050860404968","0.03744050860404968","101","101","101","0.017124194651842117","0.017124194651842117","0.017124194651842117","101","101","101","0.03281790763139725","0.03281790763139725","0.03281790763139725","101","101","101","0.0665084719657898","0.0665084719657898","0.0665084719657898","101","101","101","0.025385639164596796","0.025385639164596796","0.025385639164596796","4955","4955","4955"
"4965","0.039730239659547806","0.039730239659547806","0.039730239659547806","102","102","102","0.02184488996863365","0.02184488996863365","0.02184488996863365","102","102","102","0.03650576062500477","0.03650576062500477","0.03650576062500477","102","102","102","0.07385828532278538","0.07385828532278538","0.07385828532278538","102","102","102","0.021760829724371433","0.021760829724371433","0.021760829724371433","4960","4960","4960"
"4970","0.043048227205872536","0.043048227205872536","0.043048227205872536","103","103","103","0.016460202634334564","0.016460202634334564","0.016460202634334564","103","103","103","0.035404639318585396","0.035404639318585396","0.035404639318585396","103","103","103","0.07202866673469543","0.07202866673469543","0.07202866673469543","103","103","103","0.019305887166410685","0.019305887166410685","0.019305887166410685","4965","4965","4965"
"4975","0.035625459626317024","0.035625459626317024","0.035625459626317024","104","104","104","0.018173552118241787","0.018173552118241787","0.018173552118241787","104","104","104","0.029357999563217163","0.029357999563217163","0.029357999563217163","104","104","104","0.07075012475252151","0.07075012475252151","0.07075012475252151","104","104","104","0.02407697169110179","0.02407697169110179","0.02407697169110179","4970","4970","4970"
"4980","0.03264977037906647","0.03264977037906647","0.03264977037906647","105","105","105","0.016749996691942215","0.016749996691942215","0.016749996691942215","105","105","105","0.03362542577087879","0.03362542577087879","0.03362542577087879","105","105","105","0.06988595612347126","0.06988595612347126","0.06988595612347126","105","105","105","0.019545005168765783","0.019545005168765783","0.019545005168765783","4975","4975","4975"
"4985","0.043421169742941856","0.043421169742941856","0.043421169742941856","106","106","106","0.0185996200889349","0.0185996200889349","0.0185996200889349","106","106","106","0.03874858841300011","0.03874858841300011","0.03874858841300011","106","106","106","0.07019472122192383","0.07019472122192383","0.07019472122192383","106","106","106","0.024040168151259422","0.024040168151259422","0.024040168151259422","4980","4980","4980"
"4990","0.034366222098469734","0.034366222098469734","0.034366222098469734","107","107","107","0.016337948851287365","0.016337948851287365","0.016337948851287365","107","107","107","0.030996832065284252","0.030996832065284252","0.030996832065284252","107","107","107","0.07321658357977867","0.07321658357977867","0.07321658357977867","107","107","107","0.026379648130387068","0.026379648130387068","0.026379648130387068","4985","4985","4985"
"4995","0.03229549340903759","0.03229549340903759","0.03229549340903759","108","108","108","0.018983373418450356","0.018983373418450356","0.018983373418450356","108","108","108","0.031319295056164265","0.031319295056164265","0.031319295056164265","108","108","108","0.07379611767828465","0.07379611767828465","0.07379611767828465","108","108","108","0.020164904883131385","0.020164904883131385","0.020164904883131385","4990","4990","4990"
"5000","0.18247036077082157","0.18247036077082157","0.18247036077082157","109","109","109","0.04161669500172138","0.04161669500172138","0.04161669500172138","109","109","109","0.042748695239424706","0.042748695239424706","0.042748695239424706","109","109","109","0.13360930792987347","0.13360930792987347","0.13360930792987347","109","109","109","0.028128789737820625","0.028128789737820625","0.028128789737820625","4996","4996","4996"
"5005","0.1642696037888527","0.1642696037888527","0.1642696037888527","110","110","110","0.04688932001590729","0.04688932001590729","0.04688932001590729","110","110","110","0.04169149324297905","0.04169149324297905","0.04169149324297905","110","110","110","0.11112851463258266","0.11112851463258266","0.11112851463258266","110","110","110","0.03564542252570391","0.03564542252570391","0.03564542252570391","5000","5000","5000"
"5010","0.14415048249065876","0.14415048249065876","0.14415048249065876","111","111","111","0.05068226717412472","0.05068226717412472","0.05068226717412472","111","111","111","0.029345441609621048","0.029345441609621048","0.029345441609621048","111","111","111","0.10869492217898369","0.10869492217898369","0.10869492217898369","111","111","111","0.020082615315914154","0.020082615315914154","0.020082615315914154","5005","5005","5005"
"5015","0.0984535152092576","0.0984535152092576","0.0984535152092576","112","112","112","0.04626652039587498","0.04626652039587498","0.04626652039587498","112","112","112","0.04070327989757061","0.04070327989757061","0.04070327989757061","112","112","112","0.12595410645008087","0.12595410645008087","0.12595410645008087","112","112","112","0.02453969046473503","0.02453969046473503","0.02453969046473503","5010","5010","5010"
"5020","0.08274324098601937","0.08274324098601937","0.08274324098601937","113","113","113","0.048098670318722725","0.048098670318722725","0.048098670318722725","113","113","113","0.03814171254634857","0.03814171254634857","0.03814171254634857","113","113","113","0.12645047903060913","0.12645047903060913","0.12645047903060913","113","113","113","0.017349665518850088","0.017349665518850088","0.017349665518850088","5015","5015","5015"
"5025","0.06928906589746475","0.06928906589746475","0.06928906589746475","114","114","114","0.041317546740174294","0.041317546740174294","0.041317546740174294","114","114","114","0.03147147595882416","0.03147147595882416","0.03147147595882416","114","114","114","0.11785423010587692","0.11785423010587692","0.11785423010587692","114","114","114","0.01753904391080141","0.01753904391080141","0.01753904391080141","5020","5020","5020"
"5030","0.08151015546172857","0.08151015546172857","0.08151015546172857","115","115","115","0.041460033506155014","0.041460033506155014","0.041460033506155014","115","115","115","0.02848148997873068","0.02848148997873068","0.02848148997873068","115","115","115","0.10166119411587715","0.10166119411587715","0.10166119411587715","115","115","115","0.01874316157773137","0.01874316157773137","0.01874316157773137","5025","5025","5025"
"5035","0.08935680985450745","0.08935680985450745","0.08935680985450745","116","116","116","0.03682715818285942","0.03682715818285942","0.03682715818285942","116","116","116","0.032389745116233826","0.032389745116233826","0.032389745116233826","116","116","116","0.08720513619482517","0.08720513619482517","0.08720513619482517","116","116","116","0.01860386272892356","0.01860386272892356","0.01860386272892356","5030","5030","5030"
"5040","0.08473963104188442","0.08473963104188442","0.08473963104188442","117","117","117","0.04107045941054821","0.04107045941054821","0.04107045941054821","117","117","117","0.030133584514260292","0.030133584514260292","0.030133584514260292","117","117","117","0.07707798480987549","0.07707798480987549","0.07707798480987549","117","117","117","0.018919385969638824","0.018919385969638824","0.018919385969638824","5035","5035","5035"
"5045","0.08403626829385757","0.08403626829385757","0.08403626829385757","118","118","118","0.03519102651625872","0.03519102651625872","0.03519102651625872","118","118","118","0.03431597910821438","0.03431597910821438","0.03431597910821438","118","118","118","0.0740400105714798","0.0740400105714798","0.0740400105714798","118","118","118","0.018386490643024445","0.018386490643024445","0.018386490643024445","5040","5040","5040"
"5050","0.07358521968126297","0.07358521968126297","0.07358521968126297","119","119","119","0.039000049233436584","0.039000049233436584","0.039000049233436584","119","119","119","0.0297868512570858","0.0297868512570858","0.0297868512570858","119","119","119","0.07722076028585434","0.07722076028585434","0.07722076028585434","119","119","119","0.01617784332484007","0.01617784332484007","0.01617784332484007","5045","5045","5045"
"5055","0.07209481298923492","0.07209481298923492","0.07209481298923492","120","120","120","0.03394135553389788","0.03394135553389788","0.03394135553389788","120","120","120","0.026040438562631607","0.026040438562631607","0.026040438562631607","120","120","120","0.08399927616119385","0.08399927616119385","0.08399927616119385","120","120","120","0.016565299592912197","0.016565299592912197","0.016565299592912197","5050","5050","5050"
"5060","0.0781036801636219","0.0781036801636219","0.0781036801636219","121","121","121","0.035905138589441776","0.035905138589441776","0.035905138589441776","121","121","121","0.026349378749728203","0.026349378749728203","0.026349378749728203","121","121","121","0.08343550935387611","0.08343550935387611","0.08343550935387611","121","121","121","0.01670998428016901","0.01670998428016901","0.01670998428016901","5055","5055","5055"
"5065","0.08008650690317154","0.08008650690317154","0.08008650690317154","122","122","122","0.030058007687330246","0.030058007687330246","0.030058007687330246","122","122","122","0.026083825156092644","0.026083825156092644","0.026083825156092644","122","122","122","0.08455073088407516","0.08455073088407516","0.08455073088407516","122","122","122","0.019755573943257332","0.019755573943257332","0.019755573943257332","5060","5060","5060"
"5070","0.07303165458142757","0.07303165458142757","0.07303165458142757","123","123","123","0.031937635503709316","0.031937635503709316","0.031937635503709316","123","123","123","0.03060288354754448","0.03060288354754448","0.03060288354754448","123","123","123","0.07944749295711517","0.07944749295711517","0.07944749295711517","123","123","123","0.01808252278715372","0.01808252278715372","0.01808252278715372","5065","5065","5065"
"5075","0.07578271627426147","0.07578271627426147","0.07578271627426147","124","124","124","0.024521654471755028","0.024521654471755028","0.024521654471755028","124","124","124","0.02353103645145893","0.02353103645145893","0.02353103645145893","124","124","124","0.07942471280694008","0.07942471280694008","0.07942471280694008","124","124","124","0.017972854897379875","0.017972854897379875","0.017972854897379875","5070","5070","5070"
"5080","0.08334159292280674","0.08334159292280674","0.08334159292280674","125","125","125","0.029841147363185883","0.029841147363185883","0.029841147363185883","125","125","125","0.028084537014365196","0.028084537014365196","0.028084537014365196","125","125","125","0.0835832953453064","0.0835832953453064","0.0835832953453064","125","125","125","0.01657435391098261","0.01657435391098261","0.01657435391098261","5075","5075","5075"
"5085","0.06647204793989658","0.06647204793989658","0.06647204793989658","126","126","126","0.02245154418051243","0.02245154418051243","0.02245154418051243","126","126","126","0.02592303417623043","0.02592303417623043","0.02592303417623043","126","126","126","0.08409840054810047","0.08409840054810047","0.08409840054810047","126","126","126","0.018737508915364742","0.018737508915364742","0.018737508915364742","5080","5080","5080"
"5090","0.07275074534118176","0.07275074534118176","0.07275074534118176","127","127","127","0.024841894395649433","0.024841894395649433","0.024841894395649433","127","127","127","0.027317959815263748","0.027317959815263748","0.027317959815263748","127","127","127","0.08692486025393009","0.08692486025393009","0.08692486025393009","127","127","127","0.018789680674672127","0.018789680674672127","0.018789680674672127","5085","5085","5085"
"5095","0.07690962869673967","0.07690962869673967","0.07690962869673967","128","128","128","0.021656169556081295","0.021656169556081295","0.021656169556081295","128","128","128","0.024778226390480995","0.024778226390480995","0.024778226390480995","128","128","128","0.08950770273804665","0.08950770273804665","0.08950770273804665","128","128","128","0.014395995065569878","0.014395995065569878","0.014395995065569878","5090","5090","5090"
"5100","0.05960647203028202","0.05960647203028202","0.05960647203028202","129","129","129","0.012762773782014847","0.012762773782014847","0.012762773782014847","129","129","129","0.04102811589837074","0.04102811589837074","0.04102811589837074","129","129","129","0.07057042233645916","0.07057042233645916","0.07057042233645916","129","129","129","0.03653629124164581","0.03653629124164581","0.03653629124164581","5095","5095","5095"
"5105","0.054846907034516335","0.054846907034516335","0.054846907034516335","130","130","130","0.011515028774738312","0.011515028774738312","0.011515028774738312","130","130","130","0.03798503801226616","0.03798503801226616","0.03798503801226616","130","130","130","0.08117315173149109","0.08117315173149109","0.08117315173149109","130","130","130","0.02093002526089549","0.02093002526089549","0.02093002526089549","5100","5100","5100"
"5110","0.06826058402657509","0.06826058402657509","0.06826058402657509","131","131","131","0.010103782638907433","0.010103782638907433","0.010103782638907433","131","131","131","0.04366695694625378","0.04366695694625378","0.04366695694625378","131","131","131","0.05750958435237408","0.05750958435237408","0.05750958435237408","131","131","131","0.02525128424167633","0.02525128424167633","0.02525128424167633","5105","5105","5105"
"5115","0.056977659463882446","0.056977659463882446","0.056977659463882446","132","132","132","0.011375735513865948","0.011375735513865948","0.011375735513865948","132","132","132","0.0445947740226984","0.0445947740226984","0.0445947740226984","132","132","132","0.05627518706023693","0.05627518706023693","0.05627518706023693","132","132","132","0.02325706137344241","0.02325706137344241","0.02325706137344241","5110","5110","5110"
"5120","0.05231195315718651","0.05231195315718651","0.05231195315718651","133","133","133","0.010216130875051022","0.010216130875051022","0.010216130875051022","133","133","133","0.05224993824958801","0.05224993824958801","0.05224993824958801","133","133","133","0.05956282094120979","0.05956282094120979","0.05956282094120979","133","133","133","0.03170253522694111","0.03170253522694111","0.03170253522694111","5115","5115","5115"
"5125","0.04400312900543213","0.04400312900543213","0.04400312900543213","134","134","134","0.013845762237906456","0.013845762237906456","0.013845762237906456","134","134","134","0.04728567134588957","0.04728567134588957","0.04728567134588957","134","134","134","0.06261861138045788","0.06261861138045788","0.06261861138045788","134","134","134","0.029345465824007988","0.029345465824007988","0.029345465824007988","5120","5120","5120"
"5130","0.039981741458177567","0.039981741458177567","0.039981741458177567","135","135","135","0.009666623082011938","0.009666623082011938","0.009666623082011938","135","135","135","0.04470004793256521","0.04470004793256521","0.04470004793256521","135","135","135","0.06493847817182541","0.06493847817182541","0.06493847817182541","135","135","135","0.025676219258457422","0.025676219258457422","0.025676219258457422","5125","5125","5125"
"5135","0.03441727161407471","0.03441727161407471","0.03441727161407471","136","136","136","0.01175178773701191","0.01175178773701191","0.01175178773701191","136","136","136","0.038158087991178036","0.038158087991178036","0.038158087991178036","136","136","136","0.06110331788659096","0.06110331788659096","0.06110331788659096","136","136","136","0.029983513057231903","0.029983513057231903","0.029983513057231903","5130","5130","5130"
"5140","0.042797934263944626","0.042797934263944626","0.042797934263944626","137","137","137","0.013676272705197334","0.013676272705197334","0.013676272705197334","137","137","137","0.04717145673930645","0.04717145673930645","0.04717145673930645","137","137","137","0.07064103707671165","0.07064103707671165","0.07064103707671165","137","137","137","0.028854933567345142","0.028854933567345142","0.028854933567345142","5135","5135","5135"
"5145","0.04125554673373699","0.04125554673373699","0.04125554673373699","138","138","138","0.010541064664721489","0.010541064664721489","0.010541064664721489","138","138","138","0.045537469908595085","0.045537469908595085","0.045537469908595085","138","138","138","0.06601275876164436","0.06601275876164436","0.06601275876164436","138","138","138","0.028641561046242714","0.028641561046242714","0.028641561046242714","5140","5140","5140"
"5150","0.04293318651616573","0.04293318651616573","0.04293318651616573","139","139","139","0.010486657731235027","0.010486657731235027","0.010486657731235027","139","139","139","0.04298600181937218","0.04298600181937218","0.04298600181937218","139","139","139","0.06732462346553802","0.06732462346553802","0.06732462346553802","139","139","139","0.02003994258120656","0.02003994258120656","0.02003994258120656","5145","5145","5145"
"5155","0.04049977660179138","0.04049977660179138","0.04049977660179138","140","140","140","0.013998512178659439","0.013998512178659439","0.013998512178659439","140","140","140","0.03997165244072676","0.03997165244072676","0.03997165244072676","140","140","140","0.06836774200201035","0.06836774200201035","0.06836774200201035","140","140","140","0.029930980876088142","0.029930980876088142","0.029930980876088142","5150","5150","5150"
"5160","0.04019162803888321","0.04019162803888321","0.04019162803888321","141","141","141","0.012888322584331036","0.012888322584331036","0.012888322584331036","141","141","141","0.044480856508016586","0.044480856508016586","0.044480856508016586","141","141","141","0.07175557315349579","0.07175557315349579","0.07175557315349579","141","141","141","0.026857133489102125","0.026857133489102125","0.026857133489102125","5155","5155","5155"
"5165","0.035871125757694244","0.035871125757694244","0.035871125757694244","142","142","142","0.011666732374578714","0.011666732374578714","0.011666732374578714","142","142","142","0.03776858653873205","0.03776858653873205","0.03776858653873205","142","142","142","0.07068772241473198","0.07068772241473198","0.07068772241473198","142","142","142","0.03032321436330676","0.03032321436330676","0.03032321436330676","5160","5160","5160"
"5170","0.04124187305569649","0.04124187305569649","0.04124187305569649","143","143","143","0.012294963002204895","0.012294963002204895","0.012294963002204895","143","143","143","0.04280076548457146","0.04280076548457146","0.04280076548457146","143","143","143","0.07203623279929161","0.07203623279929161","0.07203623279929161","143","143","143","0.0202463548630476","0.0202463548630476","0.0202463548630476","5165","5165","5165"
"5175","0.04124371521174908","0.04124371521174908","0.04124371521174908","144","144","144","0.011701397132128477","0.011701397132128477","0.011701397132128477","144","144","144","0.043574560433626175","0.043574560433626175","0.043574560433626175","144","144","144","0.07227335497736931","0.07227335497736931","0.07227335497736931","144","144","144","0.02303180191665888","0.02303180191665888","0.02303180191665888","5170","5170","5170"
"5180","0.038858918473124504","0.038858918473124504","0.038858918473124504","145","145","145","0.012405176647007465","0.012405176647007465","0.012405176647007465","145","145","145","0.037158427760005","0.037158427760005","0.037158427760005","145","145","145","0.07061203941702843","0.07061203941702843","0.07061203941702843","145","145","145","0.025920334737747908","0.025920334737747908","0.025920334737747908","5175","5175","5175"
"5185","0.03960784338414669","0.03960784338414669","0.03960784338414669","146","146","146","0.013588431291282177","0.013588431291282177","0.013588431291282177","146","146","146","0.04285054188221693","0.04285054188221693","0.04285054188221693","146","146","146","0.07215035334229469","0.07215035334229469","0.07215035334229469","146","146","146","0.02260271366685629","0.02260271366685629","0.02260271366685629","5180","5180","5180"
"5190","0.04144853726029396","0.04144853726029396","0.04144853726029396","147","147","147","0.014995954930782318","0.014995954930782318","0.014995954930782318","147","147","147","0.040930889546871185","0.040930889546871185","0.040930889546871185","147","147","147","0.07362167909741402","0.07362167909741402","0.07362167909741402","147","147","147","0.02733066864311695","0.02733066864311695","0.02733066864311695","5185","5185","5185"
"5195","0.04431244917213917","0.04431244917213917","0.04431244917213917","148","148","148","0.013612556271255016","0.013612556271255016","0.013612556271255016","148","148","148","0.040803221985697746","0.040803221985697746","0.040803221985697746","148","148","148","0.07344574481248856","0.07344574481248856","0.07344574481248856","148","148","148","0.02611173875629902","0.02611173875629902","0.02611173875629902","5190","5190","5190"
"5200","0.0427851565182209","0.0427851565182209","0.0427851565182209","149","149","149","0.014229746535420418","0.014229746535420418","0.014229746535420418","149","149","149","0.04393025301396847","0.04393025301396847","0.04393025301396847","149","149","149","0.07879756018519402","0.07879756018519402","0.07879756018519402","149","149","149","0.029437008313834667","0.029437008313834667","0.029437008313834667","5195","5195","5195"
"5205","0.03788565658032894","0.03788565658032894","0.03788565658032894","150","150","150","0.012557168491184711","0.012557168491184711","0.012557168491184711","150","150","150","0.038725520484149456","0.038725520484149456","0.038725520484149456","150","150","150","0.07243633642792702","0.07243633642792702","0.07243633642792702","150","150","150","0.02591571444645524","0.02591571444645524","0.02591571444645524","5200","5200","5200"
"5210","0.043505530804395676","0.043505530804395676","0.043505530804395676","151","151","151","0.014607846736907959","0.014607846736907959","0.014607846736907959","151","151","151","0.03377841040492058","0.03377841040492058","0.03377841040492058","151","151","151","0.07414126768708229","0.07414126768708229","0.07414126768708229","151","151","151","0.022004948928952217","0.022004948928952217","0.022004948928952217","5205","5205","5205"
"5215","0.03897028975188732","0.03897028975188732","0.03897028975188732","152","152","152","0.015269557945430279","0.015269557945430279","0.015269557945430279","152","152","152","0.03670167177915573","0.03670167177915573","0.03670167177915573","152","152","152","0.07418593391776085","0.07418593391776085","0.07418593391776085","152","152","152","0.021712123416364193","0.021712123416364193","0.021712123416364193","5210","5210","5210"
"5220","0.0468054823577404","0.0468054823577404","0.0468054823577404","153","153","153","0.013895129784941673","0.013895129784941673","0.013895129784941673","153","153","153","0.03641942981630564","0.03641942981630564","0.03641942981630564","153","153","153","0.0678122416138649","0.0678122416138649","0.0678122416138649","153","153","153","0.030973627232015133","0.030973627232015133","0.030973627232015133","5215","5215","5215"
"5225","0.04461914114654064","0.04461914114654064","0.04461914114654064","154","154","154","0.017587684094905853","0.017587684094905853","0.017587684094905853","154","154","154","0.03978804778307676","0.03978804778307676","0.03978804778307676","154","154","154","0.07353540509939194","0.07353540509939194","0.07353540509939194","154","154","154","0.023077210411429405","0.023077210411429405","0.023077210411429405","5220","5220","5220"
"5230","0.04458123259246349","0.04458123259246349","0.04458123259246349","155","155","155","0.016239497810602188","0.016239497810602188","0.016239497810602188","155","155","155","0.0394361587241292","0.0394361587241292","0.0394361587241292","155","155","155","0.07286691665649414","0.07286691665649414","0.07286691665649414","155","155","155","0.019893925171345472","0.019893925171345472","0.019893925171345472","5225","5225","5225"
"5235","0.039170900359749794","0.039170900359749794","0.039170900359749794","156","156","156","0.014595510438084602","0.014595510438084602","0.014595510438084602","156","156","156","0.03673612792044878","0.03673612792044878","0.03673612792044878","156","156","156","0.07279044389724731","0.07279044389724731","0.07279044389724731","156","156","156","0.022003788501024246","0.022003788501024246","0.022003788501024246","5234","5234","5234"
"5240","0.03731792792677879","0.03731792792677879","0.03731792792677879","157","157","157","0.015321511775255203","0.015321511775255203","0.015321511775255203","157","157","157","0.03773162141442299","0.03773162141442299","0.03773162141442299","157","157","157","0.07283781841397285","0.07283781841397285","0.07283781841397285","157","157","157","0.02340822573751211","0.02340822573751211","0.02340822573751211","5235","5235","5235"
"5245","0.043703412637114525","0.043703412637114525","0.043703412637114525","158","158","158","0.016220170073211193","0.016220170073211193","0.016220170073211193","158","158","158","0.03716413863003254","0.03716413863003254","0.03716413863003254","158","158","158","0.07753307372331619","0.07753307372331619","0.07753307372331619","158","158","158","0.02682883758097887","0.02682883758097887","0.02682883758097887","5240","5240","5240"
"5250","0.04037103243172169","0.04037103243172169","0.04037103243172169","159","159","159","0.01729253213852644","0.01729253213852644","0.01729253213852644","159","159","159","0.038023144006729126","0.038023144006729126","0.038023144006729126","159","159","159","0.07552165910601616","0.07552165910601616","0.07552165910601616","159","159","159","0.021372891031205654","0.021372891031205654","0.021372891031205654","5246","5246","5246"
"5255","0.04145444929599762","0.04145444929599762","0.04145444929599762","160","160","160","0.016585937701165676","0.016585937701165676","0.016585937701165676","160","160","160","0.03747863136231899","0.03747863136231899","0.03747863136231899","160","160","160","0.07146165519952774","0.07146165519952774","0.07146165519952774","160","160","160","0.024300334975123405","0.024300334975123405","0.024300334975123405","5250","5250","5250"
"5260","0.04460228607058525","0.04460228607058525","0.04460228607058525","161","161","161","0.015168962068855762","0.015168962068855762","0.015168962068855762","161","161","161","0.03503735736012459","0.03503735736012459","0.03503735736012459","161","161","161","0.07283999025821686","0.07283999025821686","0.07283999025821686","161","161","161","0.025924144312739372","0.025924144312739372","0.025924144312739372","5255","5255","5255"
"5265","0.03725803457200527","0.03725803457200527","0.03725803457200527","162","162","162","0.018378394655883312","0.018378394655883312","0.018378394655883312","162","162","162","0.03929204307496548","0.03929204307496548","0.03929204307496548","162","162","162","0.07237687706947327","0.07237687706947327","0.07237687706947327","162","162","162","0.022732309997081757","0.022732309997081757","0.022732309997081757","5260","5260","5260"
"5270","0.03546042554080486","0.03546042554080486","0.03546042554080486","163","163","163","0.01497657224535942","0.01497657224535942","0.01497657224535942","163","163","163","0.039800661616027355","0.039800661616027355","0.039800661616027355","163","163","163","0.0728752352297306","0.0728752352297306","0.0728752352297306","163","163","163","0.020721085369586945","0.020721085369586945","0.020721085369586945","5265","5265","5265"
"5275","0.041329504922032356","0.041329504922032356","0.041329504922032356","164","164","164","0.018557562492787838","0.018557562492787838","0.018557562492787838","164","164","164","0.04193049483001232","0.04193049483001232","0.04193049483001232","164","164","164","0.0756654180586338","0.0756654180586338","0.0756654180586338","164","164","164","0.022311106324195862","0.022311106324195862","0.022311106324195862","5270","5270","5270"
"5280","0.04447325877845287","0.04447325877845287","0.04447325877845287","165","165","165","0.017641396261751652","0.017641396261751652","0.017641396261751652","165","165","165","0.033931477926671505","0.033931477926671505","0.033931477926671505","165","165","165","0.07492011412978172","0.07492011412978172","0.07492011412978172","165","165","165","0.017420713789761066","0.017420713789761066","0.017420713789761066","5275","5275","5275"
"5285","0.03734821267426014","0.03734821267426014","0.03734821267426014","166","166","166","0.01514214277267456","0.01514214277267456","0.01514214277267456","166","166","166","0.04448421020060778","0.04448421020060778","0.04448421020060778","166","166","166","0.07286430522799492","0.07286430522799492","0.07286430522799492","166","166","166","0.026029355823993683","0.026029355823993683","0.026029355823993683","5280","5280","5280"
"5290","0.0444459542632103","0.0444459542632103","0.0444459542632103","167","167","167","0.019547995179891586","0.019547995179891586","0.019547995179891586","167","167","167","0.038154661655426025","0.038154661655426025","0.038154661655426025","167","167","167","0.07191427424550056","0.07191427424550056","0.07191427424550056","167","167","167","0.026264550630003214","0.026264550630003214","0.026264550630003214","5285","5285","5285"
"5295","0.03886403888463974","0.03886403888463974","0.03886403888463974","168","168","168","0.01962771639227867","0.01962771639227867","0.01962771639227867","168","168","168","0.03871936444193125","0.03871936444193125","0.03871936444193125","168","168","168","0.0743752270936966","0.0743752270936966","0.0743752270936966","168","168","168","0.029189711436629295","0.029189711436629295","0.029189711436629295","5290","5290","5290"
"5300","0.04013477638363838","0.04013477638363838","0.04013477638363838","169","169","169","0.019577162340283394","0.019577162340283394","0.019577162340283394","169","169","169","0.034436943009495735","0.034436943009495735","0.034436943009495735","169","169","169","0.06642395816743374","0.06642395816743374","0.06642395816743374","169","169","169","0.026453598402440548","0.026453598402440548","0.026453598402440548","5295","5295","5295"
"5350","0.036928486078977585","0.036928486078977585","0.036928486078977585","170","170","170","0.019565138034522533","0.019565138034522533","0.019565138034522533","170","170","170","0.044956039637327194","0.044956039637327194","0.044956039637327194","170","170","170","0.07710325717926025","0.07710325717926025","0.07710325717926025","170","170","170","0.02076627966016531","0.02076627966016531","0.02076627966016531","5300","5300","5300"
"5400","0.039482055231928825","0.039482055231928825","0.039482055231928825","171","171","171","0.019413089379668236","0.019413089379668236","0.019413089379668236","171","171","171","0.03167007118463516","0.03167007118463516","0.03167007118463516","171","171","171","0.06792039796710014","0.06792039796710014","0.06792039796710014","171","171","171","0.024054100271314383","0.024054100271314383","0.024054100271314383","5350","5350","5350"
"5450","0.042922407388687134","0.042922407388687134","0.042922407388687134","172","172","172","0.019265081733465195","0.019265081733465195","0.019265081733465195","172","172","172","0.03559410758316517","0.03559410758316517","0.03559410758316517","172","172","172","0.07408612966537476","0.07408612966537476","0.07408612966537476","172","172","172","0.02084178337827325","0.02084178337827325","0.02084178337827325","5400","5400","5400"
"5500","0.03543919697403908","0.03543919697403908","0.03543919697403908","173","173","173","0.01671882439404726","0.01671882439404726","0.01671882439404726","173","173","173","0.034163638949394226","0.034163638949394226","0.034163638949394226","173","173","173","0.06863941065967083","0.06863941065967083","0.06863941065967083","173","173","173","0.02157157054170966","0.02157157054170966","0.02157157054170966","5451","5451","5451"
"5550","0.033950112760066986","0.033950112760066986","0.033950112760066986","174","174","174","0.02009410411119461","0.02009410411119461","0.02009410411119461","174","174","174","0.0358966076746583","0.0358966076746583","0.0358966076746583","174","174","174","0.07034774869680405","0.07034774869680405","0.07034774869680405","174","174","174","0.023672835435718298","0.023672835435718298","0.023672835435718298","5500","5500","5500"
"5600","0.044792234897613525","0.044792234897613525","0.044792234897613525","175","175","175","0.020580461248755455","0.020580461248755455","0.020580461248755455","175","175","175","0.039278638549149036","0.039278638549149036","0.039278638549149036","175","175","175","0.07865573465824127","0.07865573465824127","0.07865573465824127","175","175","175","0.02453315118327737","0.02453315118327737","0.02453315118327737","5550","5550","5550"
"5650","0.042050883173942566","0.042050883173942566","0.042050883173942566","176","176","176","0.019055684097111225","0.019055684097111225","0.019055684097111225","176","176","176","0.04007765091955662","0.04007765091955662","0.04007765091955662","176","176","176","0.08201001584529877","0.08201001584529877","0.08201001584529877","176","176","176","0.026693626306951046","0.026693626306951046","0.026693626306951046","5600","5600","5600"
"5700","0.041184041649103165","0.041184041649103165","0.041184041649103165","177","177","177","0.022429104894399643","0.022429104894399643","0.022429104894399643","177","177","177","0.03957127034664154","0.03957127034664154","0.03957127034664154","177","177","177","0.07918248325586319","0.07918248325586319","0.07918248325586319","177","177","177","0.02454210724681616","0.02454210724681616","0.02454210724681616","5650","5650","5650"
"5750","0.04516949877142906","0.04516949877142906","0.04516949877142906","178","178","178","0.017499422654509544","0.017499422654509544","0.017499422654509544","178","178","178","0.036119320429861546","0.036119320429861546","0.036119320429861546","178","178","178","0.07094115391373634","0.07094115391373634","0.07094115391373634","178","178","178","0.020622977055609226","0.020622977055609226","0.020622977055609226","5701","5701","5701"
"5800","0.04017760790884495","0.04017760790884495","0.04017760790884495","179","179","179","0.018683403730392456","0.018683403730392456","0.018683403730392456","179","179","179","0.03849222045391798","0.03849222045391798","0.03849222045391798","179","179","179","0.0717433001846075","0.0717433001846075","0.0717433001846075","179","179","179","0.020728247240185738","0.020728247240185738","0.020728247240185738","5750","5750","5750"
"5850","0.04152453504502773","0.04152453504502773","0.04152453504502773","180","180","180","0.018557824194431305","0.018557824194431305","0.018557824194431305","180","180","180","0.033478316850960255","0.033478316850960255","0.033478316850960255","180","180","180","0.07226920127868652","0.07226920127868652","0.07226920127868652","180","180","180","0.02372499881312251","0.02372499881312251","0.02372499881312251","5800","5800","5800"
"5900","0.03927026130259037","0.03927026130259037","0.03927026130259037","181","181","181","0.019002640619874","0.019002640619874","0.019002640619874","181","181","181","0.028722349554300308","0.028722349554300308","0.028722349554300308","181","181","181","0.07084774784743786","0.07084774784743786","0.07084774784743786","181","181","181","0.02062800549902022","0.02062800549902022","0.02062800549902022","5850","5850","5850"
"5950","0.034802863374352455","0.034802863374352455","0.034802863374352455","182","182","182","0.017900517210364342","0.017900517210364342","0.017900517210364342","182","182","182","0.030446904711425304","0.030446904711425304","0.030446904711425304","182","182","182","0.07329408079385757","0.07329408079385757","0.07329408079385757","182","182","182","0.025823878590017557","0.025823878590017557","0.025823878590017557","5900","5900","5900"
"6000","0.039675984531641006","0.039675984531641006","0.039675984531641006","183","183","183","0.016260427422821522","0.016260427422821522","0.016260427422821522","183","183","183","0.03593853488564491","0.03593853488564491","0.03593853488564491","183","183","183","0.06622790358960629","0.06622790358960629","0.06622790358960629","183","183","183","0.02048061927780509","0.02048061927780509","0.02048061927780509","5951","5951","5951"
"6050","0.03620930388569832","0.03620930388569832","0.03620930388569832","184","184","184","0.017071031033992767","0.017071031033992767","0.017071031033992767","184","184","184","0.038105775602161884","0.038105775602161884","0.038105775602161884","184","184","184","0.07161717303097248","0.07161717303097248","0.07161717303097248","184","184","184","0.026675564469769597","0.026675564469769597","0.026675564469769597","6000","6000","6000"
"6100","0.03881189972162247","0.03881189972162247","0.03881189972162247","185","185","185","0.015003090258687735","0.015003090258687735","0.015003090258687735","185","185","185","0.028581895865499973","0.028581895865499973","0.028581895865499973","185","185","185","0.07461753860116005","0.07461753860116005","0.07461753860116005","185","185","185","0.020803602878004313","0.020803602878004313","0.020803602878004313","6050","6050","6050"
"6150","0.037911323830485344","0.037911323830485344","0.037911323830485344","186","186","186","0.01726510189473629","0.01726510189473629","0.01726510189473629","186","186","186","0.04059452656656504","0.04059452656656504","0.04059452656656504","186","186","186","0.07878710702061653","0.07878710702061653","0.07878710702061653","186","186","186","0.026762646157294512","0.026762646157294512","0.026762646157294512","6100","6100","6100"
"6200","0.042868925258517265","0.042868925258517265","0.042868925258517265","187","187","187","0.017093363218009472","0.017093363218009472","0.017093363218009472","187","187","187","0.03332872688770294","0.03332872688770294","0.03332872688770294","187","187","187","0.0759899728000164","0.0759899728000164","0.0759899728000164","187","187","187","0.023136300966143608","0.023136300966143608","0.023136300966143608","6150","6150","6150"
"6250","0.03834645077586174","0.03834645077586174","0.03834645077586174","188","188","188","0.019348926842212677","0.019348926842212677","0.019348926842212677","188","188","188","0.038935462944209576","0.038935462944209576","0.038935462944209576","188","188","188","0.07620619609951973","0.07620619609951973","0.07620619609951973","188","188","188","0.026009639259427786","0.026009639259427786","0.026009639259427786","6201","6201","6201"
"6300","0.039389995858073235","0.039389995858073235","0.039389995858073235","189","189","189","0.017598764970898628","0.017598764970898628","0.017598764970898628","189","189","189","0.032560309395194054","0.032560309395194054","0.032560309395194054","189","189","189","0.07304835319519043","0.07304835319519043","0.07304835319519043","189","189","189","0.01885246718302369","0.01885246718302369","0.01885246718302369","6250","6250","6250"
"6350","0.04033924639225006","0.04033924639225006","0.04033924639225006","190","190","190","0.01723179593682289","0.01723179593682289","0.01723179593682289","190","190","190","0.03829818870872259","0.03829818870872259","0.03829818870872259","190","190","190","0.0685846358537674","0.0685846358537674","0.0685846358537674","190","190","190","0.026759508065879345","0.026759508065879345","0.026759508065879345","6300","6300","6300"
"6400","0.038420798256993294","0.038420798256993294","0.038420798256993294","191","191","191","0.01705622300505638","0.01705622300505638","0.01705622300505638","191","191","191","0.036299060098826885","0.036299060098826885","0.036299060098826885","191","191","191","0.07241674140095711","0.07241674140095711","0.07241674140095711","191","191","191","0.023827742785215378","0.023827742785215378","0.023827742785215378","6350","6350","6350"
"6450","0.03523989953100681","0.03523989953100681","0.03523989953100681","192","192","192","0.015561223961412907","0.015561223961412907","0.015561223961412907","192","192","192","0.039963822811841965","0.039963822811841965","0.039963822811841965","192","192","192","0.07158156484365463","0.07158156484365463","0.07158156484365463","192","192","192","0.022025324869900942","0.022025324869900942","0.022025324869900942","6400","6400","6400"
"6500","0.036871837452054024","0.036871837452054024","0.036871837452054024","193","193","193","0.016924251802265644","0.016924251802265644","0.016924251802265644","193","193","193","0.031836013309657574","0.031836013309657574","0.031836013309657574","193","193","193","0.0778961181640625","0.0778961181640625","0.0778961181640625","193","193","193","0.022549686953425407","0.022549686953425407","0.022549686953425407","6451","6451","6451"
"6550","0.039327116683125496","0.039327116683125496","0.039327116683125496","194","194","194","0.01636373531073332","0.01636373531073332","0.01636373531073332","194","194","194","0.036331175826489925","0.036331175826489925","0.036331175826489925","194","194","194","0.0750475637614727","0.0750475637614727","0.0750475637614727","194","194","194","0.02839718572795391","0.02839718572795391","0.02839718572795391","6500","6500","6500"
"6600","0.03521052747964859","0.03521052747964859","0.03521052747964859","195","195","195","0.01605197135359049","0.01605197135359049","0.01605197135359049","195","195","195","0.02872261218726635","0.02872261218726635","0.02872261218726635","195","195","195","0.06040947884321213","0.06040947884321213","0.06040947884321213","195","195","195","0.02334106620401144","0.02334106620401144","0.02334106620401144","6550","6550","6550"
"6650","0.03441677242517471","0.03441677242517471","0.03441677242517471","196","196","196","0.01654796116054058","0.01654796116054058","0.01654796116054058","196","196","196","0.03759289998561144","0.03759289998561144","0.03759289998561144","196","196","196","0.06869806163012981","0.06869806163012981","0.06869806163012981","196","196","196","0.02419646829366684","0.02419646829366684","0.02419646829366684","6600","6600","6600"
"6700","0.03991955518722534","0.03991955518722534","0.03991955518722534","197","197","197","0.01621582917869091","0.01621582917869091","0.01621582917869091","197","197","197","0.03569758217781782","0.03569758217781782","0.03569758217781782","197","197","197","0.07858758047223091","0.07858758047223091","0.07858758047223091","197","197","197","0.022587303537875414","0.022587303537875414","0.022587303537875414","6650","6650","6650"
"6750","0.03483283147215843","0.03483283147215843","0.03483283147215843","198","198","198","0.01415847148746252","0.01415847148746252","0.01415847148746252","198","198","198","0.03661768604069948","0.03661768604069948","0.03661768604069948","198","198","198","0.0697211567312479","0.0697211567312479","0.0697211567312479","198","198","198","0.01925044786185026","0.01925044786185026","0.01925044786185026","6701","6701","6701"
"6800","0.038816019892692566","0.038816019892692566","0.038816019892692566","199","199","199","0.015917127020657063","0.015917127020657063","0.015917127020657063","199","199","199","0.03448362369090319","0.03448362369090319","0.03448362369090319","199","199","199","0.07176069170236588","0.07176069170236588","0.07176069170236588","199","199","199","0.0248389202170074","0.0248389202170074","0.0248389202170074","6750","6750","6750"
"6850","0.037723109126091","0.037723109126091","0.037723109126091","200","200","200","0.014599245972931385","0.014599245972931385","0.014599245972931385","200","200","200","0.033488321118056774","0.033488321118056774","0.033488321118056774","200","200","200","0.07314348593354225","0.07314348593354225","0.07314348593354225","200","200","200","0.025994985830038786","0.025994985830038786","0.025994985830038786","6800","6800","6800"
"6900","0.042122263461351395","0.042122263461351395","0.042122263461351395","201","201","201","0.014946545474231243","0.014946545474231243","0.014946545474231243","201","201","201","0.037028499878942966","0.037028499878942966","0.037028499878942966","201","201","201","0.07493682391941547","0.07493682391941547","0.07493682391941547","201","201","201","0.01883843564428389","0.01883843564428389","0.01883843564428389","6850","6850","6850"
"6950","0.039888063445687294","0.039888063445687294","0.039888063445687294","202","202","202","0.016521873883903027","0.016521873883903027","0.016521873883903027","202","202","202","0.03357252525165677","0.03357252525165677","0.03357252525165677","202","202","202","0.06981901079416275","0.06981901079416275","0.06981901079416275","202","202","202","0.02171780401840806","0.02171780401840806","0.02171780401840806","6900","6900","6900"
"7000","0.03542637266218662","0.03542637266218662","0.03542637266218662","203","203","203","0.016041608527302742","0.016041608527302742","0.016041608527302742","203","203","203","0.04221977526322007","0.04221977526322007","0.04221977526322007","203","203","203","0.0710335448384285","0.0710335448384285","0.0710335448384285","203","203","203","0.02369928639382124","0.02369928639382124","0.02369928639382124","6951","6951","6951"
"7050","","","","","","","","","","","","","0.03512165043503046","0.03512165043503046","0.03512165043503046","204","204","204","","","","","","","0.020678296219557524","0.020678296219557524","0.020678296219557524","7000","7000","7000"
"7100","","","","","","","","","","","","","0.03979858662933111","0.03979858662933111","0.03979858662933111","205","205","205","","","","","","","","","","","",""
"7150","","","","","","","","","","","","","0.037106143310666084","0.037106143310666084","0.037106143310666084","206","206","206","","","","","","","","","","","",""
"7200","","","","","","","","","","","","","0.03693025931715965","0.03693025931715965","0.03693025931715965","207","207","207","","","","","","","","","","","",""
"7250","","","","","","","","","","","","","0.04217651207000017","0.04217651207000017","0.04217651207000017","208","208","208","","","","","","","","","","","",""