"iter","env1_muon - train/loss_instant","env1_muon - train/loss_instant__MIN","env1_muon - train/loss_instant__MAX","env1_muon - _step","env1_muon - _step__MIN","env1_muon - _step__MAX","env1_lion - train/loss_instant","env1_lion - train/loss_instant__MIN","env1_lion - train/loss_instant__MAX","env1_lion - _step","env1_lion - _step__MIN","env1_lion - _step__MAX","env1_adam - train/loss_instant","env1_adam - train/loss_instant__MIN","env1_adam - train/loss_instant__MAX","env1_adam - _step","env1_adam - _step__MIN","env1_adam - _step__MAX"," env1_sgd - train/loss_instant"," env1_sgd - train/loss_instant__MIN"," env1_sgd - train/loss_instant__MAX"," env1_sgd - _step"," env1_sgd - _step__MIN"," env1_sgd - _step__MAX","env1_adamw - train/loss_instant","env1_adamw - train/loss_instant__MIN","env1_adamw - train/loss_instant__MAX","env1_adamw - _step","env1_adamw - _step__MIN","env1_adamw - _step__MAX"
"0","11.17671012878418","11.17671012878418","11.17671012878418","0","0","0","11.17671012878418","11.17671012878418","11.17671012878418","0","0","0","11.177045822143555","11.177045822143555","11.177045822143555","0","0","0","11.177045822143555","11.177045822143555","11.177045822143555","0","0","0","11.177045822143555","11.177045822143555","11.177045822143555","1","1","1"
"50","8.187454223632812","8.187454223632812","8.187454223632812","1","1","1","10.155625343322754","10.155625343322754","10.155625343322754","1","1","1","8.973876953125","8.973876953125","8.973876953125","1","1","1","10.01610279083252","10.01610279083252","10.01610279083252","1","1","1","8.973631858825684","8.973631858825684","8.973631858825684","2","2","2"
"100","7.6897873878479","7.6897873878479","7.6897873878479","2","2","2","9.32348918914795","9.32348918914795","9.32348918914795","2","2","2","7.537084579467773","7.537084579467773","7.537084579467773","2","2","2","9.030638694763184","9.030638694763184","9.030638694763184","2","2","2","7.537467956542969","7.537467956542969","7.537467956542969","50","50","50"
"150","7.402979373931885","7.402979373931885","7.402979373931885","3","3","3","8.788280487060547","8.788280487060547","8.788280487060547","3","3","3","6.959092617034912","6.959092617034912","6.959092617034912","3","3","3","8.745222091674805","8.745222091674805","8.745222091674805","3","3","3","6.958791255950928","6.958791255950928","6.958791255950928","100","100","100"
"200","6.905439376831055","6.905439376831055","6.905439376831055","4","4","4","8.078709602355957","8.078709602355957","8.078709602355957","4","4","4","6.351675987243652","6.351675987243652","6.351675987243652","4","4","4","8.334701538085938","8.334701538085938","8.334701538085938","4","4","4","6.351794242858887","6.351794242858887","6.351794242858887","150","150","150"
"250","6.843177318572998","6.843177318572998","6.843177318572998","5","5","5","7.600195407867432","7.600195407867432","7.600195407867432","5","5","5","6.241065502166748","6.241065502166748","6.241065502166748","5","5","5","8.123894691467285","8.123894691467285","8.123894691467285","5","5","5","6.333312034606934","6.333312034606934","6.333312034606934","201","201","201"
"300","6.6387529373168945","6.6387529373168945","6.6387529373168945","6","6","6","7.270359992980957","7.270359992980957","7.270359992980957","6","6","6","6.044015407562256","6.044015407562256","6.044015407562256","6","6","6","8.005800247192383","8.005800247192383","8.005800247192383","6","6","6","6.038478374481201","6.038478374481201","6.038478374481201","250","250","250"
"350","6.612227439880371","6.612227439880371","6.612227439880371","7","7","7","7.214616775512695","7.214616775512695","7.214616775512695","7","7","7","6.0435709953308105","6.0435709953308105","6.0435709953308105","7","7","7","7.984043598175049","7.984043598175049","7.984043598175049","7","7","7","5.952676773071289","5.952676773071289","5.952676773071289","300","300","300"
"400","6.192928314208984","6.192928314208984","6.192928314208984","8","8","8","6.74619722366333","6.74619722366333","6.74619722366333","8","8","8","5.640329360961914","5.640329360961914","5.640329360961914","8","8","8","7.661059379577637","7.661059379577637","7.661059379577637","8","8","8","5.800074100494385","5.800074100494385","5.800074100494385","350","350","350"
"450","6.406205177307129","6.406205177307129","6.406205177307129","9","9","9","6.844485759735107","6.844485759735107","6.844485759735107","9","9","9","5.823794841766357","5.823794841766357","5.823794841766357","9","9","9","7.778860092163086","7.778860092163086","7.778860092163086","9","9","9","5.675271987915039","5.675271987915039","5.675271987915039","400","400","400"
"500","6.188974380493164","6.188974380493164","6.188974380493164","10","10","10","6.527670860290527","6.527670860290527","6.527670860290527","10","10","10","5.596341133117676","5.596341133117676","5.596341133117676","10","10","10","7.578094482421875","7.578094482421875","7.578094482421875","10","10","10","5.544897079467773","5.544897079467773","5.544897079467773","451","451","451"
"550","6.188218116760254","6.188218116760254","6.188218116760254","11","11","11","6.466259956359863","6.466259956359863","6.466259956359863","11","11","11","5.6150803565979","5.6150803565979","5.6150803565979","11","11","11","7.565624237060547","7.565624237060547","7.565624237060547","11","11","11","5.572372913360596","5.572372913360596","5.572372913360596","500","500","500"
"600","6.116705417633057","6.116705417633057","6.116705417633057","12","12","12","6.383758544921875","6.383758544921875","6.383758544921875","12","12","12","5.549262523651123","5.549262523651123","5.549262523651123","12","12","12","7.543353080749512","7.543353080749512","7.543353080749512","12","12","12","5.571383476257324","5.571383476257324","5.571383476257324","550","550","550"
"650","5.887200832366943","5.887200832366943","5.887200832366943","13","13","13","6.206457614898682","6.206457614898682","6.206457614898682","13","13","13","5.330097198486328","5.330097198486328","5.330097198486328","13","13","13","7.352263450622559","7.352263450622559","7.352263450622559","13","13","13","5.4056596755981445","5.4056596755981445","5.4056596755981445","600","600","600"
"700","5.766041278839111","5.766041278839111","5.766041278839111","14","14","14","6.046141147613525","6.046141147613525","6.046141147613525","14","14","14","5.224511623382568","5.224511623382568","5.224511623382568","14","14","14","7.278722763061523","7.278722763061523","7.278722763061523","14","14","14","5.25984001159668","5.25984001159668","5.25984001159668","650","650","650"
"750","5.966370105743408","5.966370105743408","5.966370105743408","15","15","15","6.231355667114258","6.231355667114258","6.231355667114258","15","15","15","5.4141645431518555","5.4141645431518555","5.4141645431518555","15","15","15","7.483006000518799","7.483006000518799","7.483006000518799","15","15","15","5.334217071533203","5.334217071533203","5.334217071533203","701","701","701"
"800","5.914819717407227","5.914819717407227","5.914819717407227","16","16","16","6.120828628540039","6.120828628540039","6.120828628540039","16","16","16","5.355467796325684","5.355467796325684","5.355467796325684","16","16","16","7.353540420532227","7.353540420532227","7.353540420532227","16","16","16","5.20770788192749","5.20770788192749","5.20770788192749","750","750","750"
"850","5.683868885040283","5.683868885040283","5.683868885040283","17","17","17","5.91172981262207","5.91172981262207","5.91172981262207","17","17","17","5.1810455322265625","5.1810455322265625","5.1810455322265625","17","17","17","7.26558780670166","7.26558780670166","7.26558780670166","17","17","17","5.201690673828125","5.201690673828125","5.201690673828125","800","800","800"
"900","5.717389106750488","5.717389106750488","5.717389106750488","18","18","18","5.911319255828857","5.911319255828857","5.911319255828857","18","18","18","5.27354621887207","5.27354621887207","5.27354621887207","18","18","18","7.211920738220215","7.211920738220215","7.211920738220215","18","18","18","5.054281234741211","5.054281234741211","5.054281234741211","850","850","850"
"950","5.796309947967529","5.796309947967529","5.796309947967529","19","19","19","5.967362403869629","5.967362403869629","5.967362403869629","19","19","19","5.359322547912598","5.359322547912598","5.359322547912598","19","19","19","7.270498275756836","7.270498275756836","7.270498275756836","19","19","19","5.263972282409668","5.263972282409668","5.263972282409668","900","900","900"
"1000","5.622547626495361","5.622547626495361","5.622547626495361","20","20","20","5.766476154327393","5.766476154327393","5.766476154327393","20","20","20","5.11901330947876","5.11901330947876","5.11901330947876","20","20","20","7.166779518127441","7.166779518127441","7.166779518127441","20","20","20","5.066523551940918","5.066523551940918","5.066523551940918","951","951","951"
"1050","5.734201908111572","5.734201908111572","5.734201908111572","21","21","21","5.832213878631592","5.832213878631592","5.832213878631592","21","21","21","5.16579532623291","5.16579532623291","5.16579532623291","21","21","21","7.278672695159912","7.278672695159912","7.278672695159912","21","21","21","5.04217529296875","5.04217529296875","5.04217529296875","1000","1000","1000"
"1100","5.430202960968018","5.430202960968018","5.430202960968018","22","22","22","5.553313255310059","5.553313255310059","5.553313255310059","22","22","22","4.9773454666137695","4.9773454666137695","4.9773454666137695","22","22","22","6.917105674743652","6.917105674743652","6.917105674743652","22","22","22","5.130157947540283","5.130157947540283","5.130157947540283","1050","1050","1050"
"1150","5.674006938934326","5.674006938934326","5.674006938934326","23","23","23","5.7353668212890625","5.7353668212890625","5.7353668212890625","23","23","23","5.12332820892334","5.12332820892334","5.12332820892334","23","23","23","7.305487632751465","7.305487632751465","7.305487632751465","23","23","23","4.997056007385254","4.997056007385254","4.997056007385254","1100","1100","1100"
"1200","5.439646244049072","5.439646244049072","5.439646244049072","24","24","24","5.520060062408447","5.520060062408447","5.520060062408447","24","24","24","4.977631568908691","4.977631568908691","4.977631568908691","24","24","24","7.038818359375","7.038818359375","7.038818359375","24","24","24","5.155848979949951","5.155848979949951","5.155848979949951","1150","1150","1150"
"1250","5.350406169891357","5.350406169891357","5.350406169891357","25","25","25","5.452436923980713","5.452436923980713","5.452436923980713","25","25","25","4.925872802734375","4.925872802734375","4.925872802734375","25","25","25","6.946930885314941","6.946930885314941","6.946930885314941","25","25","25","4.895537376403809","4.895537376403809","4.895537376403809","1201","1201","1201"
"1300","5.407202243804932","5.407202243804932","5.407202243804932","26","26","26","5.501198768615723","5.501198768615723","5.501198768615723","26","26","26","4.977529525756836","4.977529525756836","4.977529525756836","26","26","26","7.017543315887451","7.017543315887451","7.017543315887451","26","26","26","4.934052467346191","4.934052467346191","4.934052467346191","1250","1250","1250"
"1350","5.286919593811035","5.286919593811035","5.286919593811035","27","27","27","5.359762191772461","5.359762191772461","5.359762191772461","27","27","27","4.914337158203125","4.914337158203125","4.914337158203125","27","27","27","6.914939880371094","6.914939880371094","6.914939880371094","27","27","27","4.837924480438232","4.837924480438232","4.837924480438232","1300","1300","1300"
"1400","5.339890480041504","5.339890480041504","5.339890480041504","28","28","28","5.453283786773682","5.453283786773682","5.453283786773682","28","28","28","4.992453575134277","4.992453575134277","4.992453575134277","28","28","28","7.016373634338379","7.016373634338379","7.016373634338379","28","28","28","4.841337203979492","4.841337203979492","4.841337203979492","1350","1350","1350"
"1450","5.399153709411621","5.399153709411621","5.399153709411621","29","29","29","5.487051486968994","5.487051486968994","5.487051486968994","29","29","29","5.042784690856934","5.042784690856934","5.042784690856934","29","29","29","7.057591438293457","7.057591438293457","7.057591438293457","29","29","29","4.886783599853516","4.886783599853516","4.886783599853516","1400","1400","1400"
"1500","5.0628557205200195","5.0628557205200195","5.0628557205200195","30","30","30","5.200326919555664","5.200326919555664","5.200326919555664","30","30","30","4.774072647094727","4.774072647094727","4.774072647094727","30","30","30","6.835165977478027","6.835165977478027","6.835165977478027","30","30","30","4.866015434265137","4.866015434265137","4.866015434265137","1451","1451","1451"
"1550","5.170620918273926","5.170620918273926","5.170620918273926","31","31","31","5.3300652503967285","5.3300652503967285","5.3300652503967285","31","31","31","4.919896125793457","4.919896125793457","4.919896125793457","31","31","31","6.999532699584961","6.999532699584961","6.999532699584961","31","31","31","4.832759380340576","4.832759380340576","4.832759380340576","1500","1500","1500"
"1600","5.042669296264648","5.042669296264648","5.042669296264648","32","32","32","5.177150726318359","5.177150726318359","5.177150726318359","32","32","32","4.752614974975586","4.752614974975586","4.752614974975586","32","32","32","6.863341331481934","6.863341331481934","6.863341331481934","32","32","32","4.810627460479736","4.810627460479736","4.810627460479736","1550","1550","1550"
"1650","5.0971455574035645","5.0971455574035645","5.0971455574035645","33","33","33","5.303060054779053","5.303060054779053","5.303060054779053","33","33","33","4.934869289398193","4.934869289398193","4.934869289398193","33","33","33","7.131036281585693","7.131036281585693","7.131036281585693","33","33","33","4.710470199584961","4.710470199584961","4.710470199584961","1600","1600","1600"
"1700","4.907047271728516","4.907047271728516","4.907047271728516","34","34","34","5.102643013000488","5.102643013000488","5.102643013000488","34","34","34","4.692068099975586","4.692068099975586","4.692068099975586","34","34","34","6.886994361877441","6.886994361877441","6.886994361877441","34","34","34","4.758322715759277","4.758322715759277","4.758322715759277","1650","1650","1650"
"1750","4.9802117347717285","4.9802117347717285","4.9802117347717285","35","35","35","5.141217231750488","5.141217231750488","5.141217231750488","35","35","35","4.806123733520508","4.806123733520508","4.806123733520508","35","35","35","6.85759973526001","6.85759973526001","6.85759973526001","35","35","35","4.69702672958374","4.69702672958374","4.69702672958374","1701","1701","1701"
"1800","4.798463821411133","4.798463821411133","4.798463821411133","36","36","36","5.006994247436523","5.006994247436523","5.006994247436523","36","36","36","4.675227165222168","4.675227165222168","4.675227165222168","36","36","36","6.826937675476074","6.826937675476074","6.826937675476074","36","36","36","4.818393707275391","4.818393707275391","4.818393707275391","1750","1750","1750"
"1850","4.964166164398193","4.964166164398193","4.964166164398193","37","37","37","5.093067646026611","5.093067646026611","5.093067646026611","37","37","37","4.777644157409668","4.777644157409668","4.777644157409668","37","37","37","6.8836822509765625","6.8836822509765625","6.8836822509765625","37","37","37","4.689926624298096","4.689926624298096","4.689926624298096","1800","1800","1800"
"1900","4.967263221740723","4.967263221740723","4.967263221740723","38","38","38","5.172801494598389","5.172801494598389","5.172801494598389","38","38","38","4.870236396789551","4.870236396789551","4.870236396789551","38","38","38","6.973166465759277","6.973166465759277","6.973166465759277","38","38","38","4.644623756408691","4.644623756408691","4.644623756408691","1850","1850","1850"
"1950","4.734691619873047","4.734691619873047","4.734691619873047","39","39","39","4.886923313140869","4.886923313140869","4.886923313140869","39","39","39","4.576842308044434","4.576842308044434","4.576842308044434","39","39","39","6.7819390296936035","6.7819390296936035","6.7819390296936035","39","39","39","4.690359592437744","4.690359592437744","4.690359592437744","1900","1900","1900"
"2000","4.592382431030273","4.592382431030273","4.592382431030273","40","40","40","4.7347612380981445","4.7347612380981445","4.7347612380981445","40","40","40","4.453150272369385","4.453150272369385","4.453150272369385","40","40","40","6.575804233551025","6.575804233551025","6.575804233551025","40","40","40","4.473372459411621","4.473372459411621","4.473372459411621","1951","1951","1951"
"2050","4.790931701660156","4.790931701660156","4.790931701660156","41","41","41","4.892045021057129","4.892045021057129","4.892045021057129","41","41","41","4.647289752960205","4.647289752960205","4.647289752960205","41","41","41","6.833273410797119","6.833273410797119","6.833273410797119","41","41","41","4.751659393310547","4.751659393310547","4.751659393310547","2000","2000","2000"
"2100","4.713569164276123","4.713569164276123","4.713569164276123","42","42","42","4.836012363433838","4.836012363433838","4.836012363433838","42","42","42","4.59684944152832","4.59684944152832","4.59684944152832","42","42","42","6.740151405334473","6.740151405334473","6.740151405334473","42","42","42","4.657014846801758","4.657014846801758","4.657014846801758","2050","2050","2050"
"2150","4.77482271194458","4.77482271194458","4.77482271194458","43","43","43","4.871984481811523","4.871984481811523","4.871984481811523","43","43","43","4.671540260314941","4.671540260314941","4.671540260314941","43","43","43","6.6743364334106445","6.6743364334106445","6.6743364334106445","43","43","43","4.617888450622559","4.617888450622559","4.617888450622559","2100","2100","2100"
"2200","4.735313415527344","4.735313415527344","4.735313415527344","44","44","44","4.928971290588379","4.928971290588379","4.928971290588379","44","44","44","4.674631595611572","4.674631595611572","4.674631595611572","44","44","44","6.916181564331055","6.916181564331055","6.916181564331055","44","44","44","4.478944778442383","4.478944778442383","4.478944778442383","2150","2150","2150"
"2250","4.723882675170898","4.723882675170898","4.723882675170898","45","45","45","4.819304466247559","4.819304466247559","4.819304466247559","45","45","45","4.637566089630127","4.637566089630127","4.637566089630127","45","45","45","6.714412689208984","6.714412689208984","6.714412689208984","45","45","45","4.531554698944092","4.531554698944092","4.531554698944092","2201","2201","2201"
"2300","4.657556056976318","4.657556056976318","4.657556056976318","46","46","46","4.8142852783203125","4.8142852783203125","4.8142852783203125","46","46","46","4.615090370178223","4.615090370178223","4.615090370178223","46","46","46","6.730201721191406","6.730201721191406","6.730201721191406","46","46","46","4.8023576736450195","4.8023576736450195","4.8023576736450195","2250","2250","2250"
"2350","4.689571380615234","4.689571380615234","4.689571380615234","47","47","47","4.784223556518555","4.784223556518555","4.784223556518555","47","47","47","4.611665725708008","4.611665725708008","4.611665725708008","47","47","47","6.716888427734375","6.716888427734375","6.716888427734375","47","47","47","4.53272008895874","4.53272008895874","4.53272008895874","2300","2300","2300"
"2400","4.576198101043701","4.576198101043701","4.576198101043701","48","48","48","4.707871437072754","4.707871437072754","4.707871437072754","48","48","48","4.542950630187988","4.542950630187988","4.542950630187988","48","48","48","6.845841407775879","6.845841407775879","6.845841407775879","48","48","48","4.599451065063477","4.599451065063477","4.599451065063477","2350","2350","2350"
"2450","4.578001499176025","4.578001499176025","4.578001499176025","49","49","49","4.634428977966309","4.634428977966309","4.634428977966309","49","49","49","4.483193874359131","4.483193874359131","4.483193874359131","49","49","49","6.721294403076172","6.721294403076172","6.721294403076172","49","49","49","4.602807998657227","4.602807998657227","4.602807998657227","2400","2400","2400"
"2500","4.566751956939697","4.566751956939697","4.566751956939697","50","50","50","4.689944744110107","4.689944744110107","4.689944744110107","50","50","50","4.558901786804199","4.558901786804199","4.558901786804199","50","50","50","6.749344825744629","6.749344825744629","6.749344825744629","50","50","50","4.629055023193359","4.629055023193359","4.629055023193359","2451","2451","2451"
"2550","4.292986869812012","4.292986869812012","4.292986869812012","51","51","51","4.391195774078369","4.391195774078369","4.391195774078369","51","51","51","4.315288066864014","4.315288066864014","4.315288066864014","51","51","51","6.468371391296387","6.468371391296387","6.468371391296387","51","51","51","4.491682529449463","4.491682529449463","4.491682529449463","2500","2500","2500"
"2600","4.65613317489624","4.65613317489624","4.65613317489624","52","52","52","4.8259196281433105","4.8259196281433105","4.8259196281433105","52","52","52","4.7853851318359375","4.7853851318359375","4.7853851318359375","52","52","52","6.866678714752197","6.866678714752197","6.866678714752197","52","52","52","4.419228553771973","4.419228553771973","4.419228553771973","2550","2550","2550"
"2650","4.436565399169922","4.436565399169922","4.436565399169922","53","53","53","4.485065460205078","4.485065460205078","4.485065460205078","53","53","53","4.405476093292236","4.405476093292236","4.405476093292236","53","53","53","6.610418796539307","6.610418796539307","6.610418796539307","53","53","53","4.41646671295166","4.41646671295166","4.41646671295166","2600","2600","2600"
"2700","4.652374267578125","4.652374267578125","4.652374267578125","54","54","54","4.680949687957764","4.680949687957764","4.680949687957764","54","54","54","4.60275936126709","4.60275936126709","4.60275936126709","54","54","54","6.722052574157715","6.722052574157715","6.722052574157715","54","54","54","4.541675567626953","4.541675567626953","4.541675567626953","2650","2650","2650"
"2750","4.356571197509766","4.356571197509766","4.356571197509766","55","55","55","4.487852096557617","4.487852096557617","4.487852096557617","55","55","55","4.524502754211426","4.524502754211426","4.524502754211426","55","55","55","6.914377689361572","6.914377689361572","6.914377689361572","55","55","55","4.546421051025391","4.546421051025391","4.546421051025391","2701","2701","2701"
"2800","4.604312896728516","4.604312896728516","4.604312896728516","56","56","56","4.631814956665039","4.631814956665039","4.631814956665039","56","56","56","4.588778972625732","4.588778972625732","4.588778972625732","56","56","56","6.67964506149292","6.67964506149292","6.67964506149292","56","56","56","4.396255970001221","4.396255970001221","4.396255970001221","2750","2750","2750"
"2850","4.5086188316345215","4.5086188316345215","4.5086188316345215","57","57","57","4.53621768951416","4.53621768951416","4.53621768951416","57","57","57","4.49419641494751","4.49419641494751","4.49419641494751","57","57","57","6.6701765060424805","6.6701765060424805","6.6701765060424805","57","57","57","4.452001571655273","4.452001571655273","4.452001571655273","2800","2800","2800"
"2900","4.429161071777344","4.429161071777344","4.429161071777344","58","58","58","4.42144775390625","4.42144775390625","4.42144775390625","58","58","58","4.413458347320557","4.413458347320557","4.413458347320557","58","58","58","6.6053032875061035","6.6053032875061035","6.6053032875061035","58","58","58","4.575672626495361","4.575672626495361","4.575672626495361","2850","2850","2850"
"2950","4.473594665527344","4.473594665527344","4.473594665527344","59","59","59","4.45652437210083","4.45652437210083","4.45652437210083","59","59","59","4.442749977111816","4.442749977111816","4.442749977111816","59","59","59","6.530418872833252","6.530418872833252","6.530418872833252","59","59","59","4.400516510009766","4.400516510009766","4.400516510009766","2900","2900","2900"
"3000","4.389257431030273","4.389257431030273","4.389257431030273","60","60","60","4.419537544250488","4.419537544250488","4.419537544250488","60","60","60","4.3867950439453125","4.3867950439453125","4.3867950439453125","60","60","60","6.6256608963012695","6.6256608963012695","6.6256608963012695","60","60","60","4.4489240646362305","4.4489240646362305","4.4489240646362305","2951","2951","2951"
"3050","4.583650588989258","4.583650588989258","4.583650588989258","61","61","61","4.578785419464111","4.578785419464111","4.578785419464111","61","61","61","4.566764831542969","4.566764831542969","4.566764831542969","61","61","61","6.7354817390441895","6.7354817390441895","6.7354817390441895","61","61","61","4.411720275878906","4.411720275878906","4.411720275878906","3000","3000","3000"
"3100","4.514871120452881","4.514871120452881","4.514871120452881","62","62","62","4.479123115539551","4.479123115539551","4.479123115539551","62","62","62","4.498272895812988","4.498272895812988","4.498272895812988","62","62","62","6.592757225036621","6.592757225036621","6.592757225036621","62","62","62","4.472585678100586","4.472585678100586","4.472585678100586","3050","3050","3050"
"3150","4.46824836730957","4.46824836730957","4.46824836730957","63","63","63","4.43178653717041","4.43178653717041","4.43178653717041","63","63","63","4.451998233795166","4.451998233795166","4.451998233795166","63","63","63","6.649620056152344","6.649620056152344","6.649620056152344","63","63","63","4.384884834289551","4.384884834289551","4.384884834289551","3100","3100","3100"
"3200","4.5413947105407715","4.5413947105407715","4.5413947105407715","64","64","64","4.502521991729736","4.502521991729736","4.502521991729736","64","64","64","4.474191188812256","4.474191188812256","4.474191188812256","64","64","64","6.594194412231445","6.594194412231445","6.594194412231445","64","64","64","4.39021110534668","4.39021110534668","4.39021110534668","3150","3150","3150"
"3250","4.359007835388184","4.359007835388184","4.359007835388184","65","65","65","4.3406219482421875","4.3406219482421875","4.3406219482421875","65","65","65","4.379538536071777","4.379538536071777","4.379538536071777","65","65","65","6.53104305267334","6.53104305267334","6.53104305267334","65","65","65","4.39639949798584","4.39639949798584","4.39639949798584","3201","3201","3201"
"3300","4.539180278778076","4.539180278778076","4.539180278778076","66","66","66","4.52581262588501","4.52581262588501","4.52581262588501","66","66","66","4.579380035400391","4.579380035400391","4.579380035400391","66","66","66","6.839222431182861","6.839222431182861","6.839222431182861","66","66","66","4.326290130615234","4.326290130615234","4.326290130615234","3250","3250","3250"
"3350","4.378126621246338","4.378126621246338","4.378126621246338","67","67","67","4.366451263427734","4.366451263427734","4.366451263427734","67","67","67","4.414721965789795","4.414721965789795","4.414721965789795","67","67","67","6.720407962799072","6.720407962799072","6.720407962799072","67","67","67","4.2466511726379395","4.2466511726379395","4.2466511726379395","3300","3300","3300"
"3400","4.399493217468262","4.399493217468262","4.399493217468262","68","68","68","4.354907989501953","4.354907989501953","4.354907989501953","68","68","68","4.36142635345459","4.36142635345459","4.36142635345459","68","68","68","6.556766510009766","6.556766510009766","6.556766510009766","68","68","68","4.274605751037598","4.274605751037598","4.274605751037598","3350","3350","3350"
"3450","4.3518757820129395","4.3518757820129395","4.3518757820129395","69","69","69","4.290289402008057","4.290289402008057","4.290289402008057","69","69","69","4.312731742858887","4.312731742858887","4.312731742858887","69","69","69","6.52394962310791","6.52394962310791","6.52394962310791","69","69","69","4.337191581726074","4.337191581726074","4.337191581726074","3400","3400","3400"
"3500","4.376092433929443","4.376092433929443","4.376092433929443","70","70","70","4.320820331573486","4.320820331573486","4.320820331573486","70","70","70","4.389530181884766","4.389530181884766","4.389530181884766","70","70","70","6.616268157958984","6.616268157958984","6.616268157958984","70","70","70","4.317913055419922","4.317913055419922","4.317913055419922","3451","3451","3451"
"3550","4.320045471191406","4.320045471191406","4.320045471191406","71","71","71","4.2861175537109375","4.2861175537109375","4.2861175537109375","71","71","71","4.347736358642578","4.347736358642578","4.347736358642578","71","71","71","6.595656871795654","6.595656871795654","6.595656871795654","71","71","71","4.327130317687988","4.327130317687988","4.327130317687988","3500","3500","3500"
"3600","4.29196834564209","4.29196834564209","4.29196834564209","72","72","72","4.252847671508789","4.252847671508789","4.252847671508789","72","72","72","4.289888381958008","4.289888381958008","4.289888381958008","72","72","72","6.579890727996826","6.579890727996826","6.579890727996826","72","72","72","4.394752502441406","4.394752502441406","4.394752502441406","3550","3550","3550"
"3650","4.267398357391357","4.267398357391357","4.267398357391357","73","73","73","4.211397171020508","4.211397171020508","4.211397171020508","73","73","73","4.246877670288086","4.246877670288086","4.246877670288086","73","73","73","6.482765197753906","6.482765197753906","6.482765197753906","73","73","73","4.229461669921875","4.229461669921875","4.229461669921875","3600","3600","3600"
"3700","4.302221298217773","4.302221298217773","4.302221298217773","74","74","74","4.248392581939697","4.248392581939697","4.248392581939697","74","74","74","4.282390594482422","4.282390594482422","4.282390594482422","74","74","74","6.5533061027526855","6.5533061027526855","6.5533061027526855","74","74","74","4.281058311462402","4.281058311462402","4.281058311462402","3650","3650","3650"
"3750","4.409721374511719","4.409721374511719","4.409721374511719","75","75","75","4.349065780639648","4.349065780639648","4.349065780639648","75","75","75","4.402708053588867","4.402708053588867","4.402708053588867","75","75","75","6.540220737457275","6.540220737457275","6.540220737457275","75","75","75","4.285847187042236","4.285847187042236","4.285847187042236","3701","3701","3701"
"3800","4.170828342437744","4.170828342437744","4.170828342437744","76","76","76","4.1118621826171875","4.1118621826171875","4.1118621826171875","76","76","76","4.172504425048828","4.172504425048828","4.172504425048828","76","76","76","6.389279365539551","6.389279365539551","6.389279365539551","76","76","76","4.242897987365723","4.242897987365723","4.242897987365723","3750","3750","3750"
"3850","4.192319869995117","4.192319869995117","4.192319869995117","77","77","77","4.154069423675537","4.154069423675537","4.154069423675537","77","77","77","4.212770462036133","4.212770462036133","4.212770462036133","77","77","77","6.4924540519714355","6.4924540519714355","6.4924540519714355","77","77","77","4.360999584197998","4.360999584197998","4.360999584197998","3800","3800","3800"
"3900","4.262999057769775","4.262999057769775","4.262999057769775","78","78","78","4.193576812744141","4.193576812744141","4.193576812744141","78","78","78","4.251834869384766","4.251834869384766","4.251834869384766","78","78","78","6.5626912117004395","6.5626912117004395","6.5626912117004395","78","78","78","4.218745708465576","4.218745708465576","4.218745708465576","3850","3850","3850"
"3950","4.328100204467773","4.328100204467773","4.328100204467773","79","79","79","4.2614946365356445","4.2614946365356445","4.2614946365356445","79","79","79","4.312502861022949","4.312502861022949","4.312502861022949","79","79","79","6.478483200073242","6.478483200073242","6.478483200073242","79","79","79","4.211609363555908","4.211609363555908","4.211609363555908","3900","3900","3900"
"4000","4.17570161819458","4.17570161819458","4.17570161819458","80","80","80","4.105251312255859","4.105251312255859","4.105251312255859","80","80","80","4.141053676605225","4.141053676605225","4.141053676605225","80","80","80","6.401600360870361","6.401600360870361","6.401600360870361","80","80","80","4.328939914703369","4.328939914703369","4.328939914703369","3951","3951","3951"
"4050","4.179970741271973","4.179970741271973","4.179970741271973","81","81","81","4.106075763702393","4.106075763702393","4.106075763702393","81","81","81","4.1676459312438965","4.1676459312438965","4.1676459312438965","81","81","81","6.590568542480469","6.590568542480469","6.590568542480469","81","81","81","4.319643020629883","4.319643020629883","4.319643020629883","4000","4000","4000"
"4100","4.197800636291504","4.197800636291504","4.197800636291504","82","82","82","4.146337985992432","4.146337985992432","4.146337985992432","82","82","82","4.201459884643555","4.201459884643555","4.201459884643555","82","82","82","6.560981750488281","6.560981750488281","6.560981750488281","82","82","82","4.315830230712891","4.315830230712891","4.315830230712891","4050","4050","4050"
"4150","4.299505233764648","4.299505233764648","4.299505233764648","83","83","83","4.248654365539551","4.248654365539551","4.248654365539551","83","83","83","4.306317329406738","4.306317329406738","4.306317329406738","83","83","83","6.4923834800720215","6.4923834800720215","6.4923834800720215","83","83","83","4.2921295166015625","4.2921295166015625","4.2921295166015625","4100","4100","4100"
"4200","4.273369789123535","4.273369789123535","4.273369789123535","84","84","84","4.215121746063232","4.215121746063232","4.215121746063232","84","84","84","4.261917591094971","4.261917591094971","4.261917591094971","84","84","84","6.558402061462402","6.558402061462402","6.558402061462402","84","84","84","4.1086015701293945","4.1086015701293945","4.1086015701293945","4150","4150","4150"
"4250","4.2546515464782715","4.2546515464782715","4.2546515464782715","85","85","85","4.191494464874268","4.191494464874268","4.191494464874268","85","85","85","4.2438507080078125","4.2438507080078125","4.2438507080078125","85","85","85","6.4569478034973145","6.4569478034973145","6.4569478034973145","85","85","85","4.144710063934326","4.144710063934326","4.144710063934326","4201","4201","4201"
"4300","4.37890625","4.37890625","4.37890625","86","86","86","4.314393997192383","4.314393997192383","4.314393997192383","86","86","86","4.349947452545166","4.349947452545166","4.349947452545166","86","86","86","6.539894104003906","6.539894104003906","6.539894104003906","86","86","86","4.214334487915039","4.214334487915039","4.214334487915039","4250","4250","4250"
"4350","4.4337849617004395","4.4337849617004395","4.4337849617004395","87","87","87","4.354397773742676","4.354397773742676","4.354397773742676","87","87","87","4.414007186889648","4.414007186889648","4.414007186889648","87","87","87","6.704294681549072","6.704294681549072","6.704294681549072","87","87","87","4.214366436004639","4.214366436004639","4.214366436004639","4300","4300","4300"
"4400","4.26851749420166","4.26851749420166","4.26851749420166","88","88","88","4.199954032897949","4.199954032897949","4.199954032897949","88","88","88","4.26593542098999","4.26593542098999","4.26593542098999","88","88","88","6.410857200622559","6.410857200622559","6.410857200622559","88","88","88","4.121277809143066","4.121277809143066","4.121277809143066","4350","4350","4350"
"4450","4.098479747772217","4.098479747772217","4.098479747772217","89","89","89","4.041588306427002","4.041588306427002","4.041588306427002","89","89","89","4.086736679077148","4.086736679077148","4.086736679077148","89","89","89","6.313364028930664","6.313364028930664","6.313364028930664","89","89","89","4.140790939331055","4.140790939331055","4.140790939331055","4400","4400","4400"
"4500","4.3113861083984375","4.3113861083984375","4.3113861083984375","90","90","90","4.233984470367432","4.233984470367432","4.233984470367432","90","90","90","4.277407646179199","4.277407646179199","4.277407646179199","90","90","90","6.582335948944092","6.582335948944092","6.582335948944092","90","90","90","4.210759162902832","4.210759162902832","4.210759162902832","4451","4451","4451"
"4550","4.353442192077637","4.353442192077637","4.353442192077637","91","91","91","4.262305736541748","4.262305736541748","4.262305736541748","91","91","91","4.307561874389648","4.307561874389648","4.307561874389648","91","91","91","6.60107421875","6.60107421875","6.60107421875","91","91","91","4.186753749847412","4.186753749847412","4.186753749847412","4500","4500","4500"
"4600","4.127039909362793","4.127039909362793","4.127039909362793","92","92","92","4.061648368835449","4.061648368835449","4.061648368835449","92","92","92","4.129459381103516","4.129459381103516","4.129459381103516","92","92","92","6.359498500823975","6.359498500823975","6.359498500823975","92","92","92","4.238674163818359","4.238674163818359","4.238674163818359","4550","4550","4550"
"4650","4.183000564575195","4.183000564575195","4.183000564575195","93","93","93","4.096024036407471","4.096024036407471","4.096024036407471","93","93","93","4.138505458831787","4.138505458831787","4.138505458831787","93","93","93","6.5147528648376465","6.5147528648376465","6.5147528648376465","93","93","93","4.229490280151367","4.229490280151367","4.229490280151367","4600","4600","4600"
"4700","4.282644748687744","4.282644748687744","4.282644748687744","94","94","94","4.204695224761963","4.204695224761963","4.204695224761963","94","94","94","4.242660045623779","4.242660045623779","4.242660045623779","94","94","94","6.5064191818237305","6.5064191818237305","6.5064191818237305","94","94","94","4.259303092956543","4.259303092956543","4.259303092956543","4650","4650","4650"
"4750","4.220373630523682","4.220373630523682","4.220373630523682","95","95","95","4.144124507904053","4.144124507904053","4.144124507904053","95","95","95","4.199111461639404","4.199111461639404","4.199111461639404","95","95","95","6.440927982330322","6.440927982330322","6.440927982330322","95","95","95","4.042234420776367","4.042234420776367","4.042234420776367","4701","4701","4701"
"4800","4.2317094802856445","4.2317094802856445","4.2317094802856445","96","96","96","4.139562606811523","4.139562606811523","4.139562606811523","96","96","96","4.181626319885254","4.181626319885254","4.181626319885254","96","96","96","6.474392890930176","6.474392890930176","6.474392890930176","96","96","96","4.153645038604736","4.153645038604736","4.153645038604736","4750","4750","4750"
"4850","4.224205493927002","4.224205493927002","4.224205493927002","97","97","97","4.144294261932373","4.144294261932373","4.144294261932373","97","97","97","4.203922271728516","4.203922271728516","4.203922271728516","97","97","97","6.441133975982666","6.441133975982666","6.441133975982666","97","97","97","4.112920761108398","4.112920761108398","4.112920761108398","4800","4800","4800"
"4900","4.0813307762146","4.0813307762146","4.0813307762146","98","98","98","4.0073747634887695","4.0073747634887695","4.0073747634887695","98","98","98","4.055044174194336","4.055044174194336","4.055044174194336","98","98","98","6.293852806091309","6.293852806091309","6.293852806091309","98","98","98","4.10676383972168","4.10676383972168","4.10676383972168","4850","4850","4850"
"4950","4.182332992553711","4.182332992553711","4.182332992553711","99","99","99","4.104006767272949","4.104006767272949","4.104006767272949","99","99","99","4.1609601974487305","4.1609601974487305","4.1609601974487305","99","99","99","6.54677152633667","6.54677152633667","6.54677152633667","99","99","99","4.174919128417969","4.174919128417969","4.174919128417969","4900","4900","4900"
"4955","4.177395820617676","4.177395820617676","4.177395820617676","100","100","100","4.1052021980285645","4.1052021980285645","4.1052021980285645","100","100","100","4.1477251052856445","4.1477251052856445","4.1477251052856445","100","100","100","6.585587501525879","6.585587501525879","6.585587501525879","100","100","100","4.254219055175781","4.254219055175781","4.254219055175781","4950","4950","4950"
"4960","4.134642124176025","4.134642124176025","4.134642124176025","101","101","101","4.060300350189209","4.060300350189209","4.060300350189209","101","101","101","4.104730606079102","4.104730606079102","4.104730606079102","101","101","101","6.3198418617248535","6.3198418617248535","6.3198418617248535","101","101","101","4.151163101196289","4.151163101196289","4.151163101196289","4955","4955","4955"
"4965","4.255737781524658","4.255737781524658","4.255737781524658","102","102","102","4.182034015655518","4.182034015655518","4.182034015655518","102","102","102","4.222476482391357","4.222476482391357","4.222476482391357","102","102","102","6.378683090209961","6.378683090209961","6.378683090209961","102","102","102","4.139760971069336","4.139760971069336","4.139760971069336","4960","4960","4960"
"4970","4.218135833740234","4.218135833740234","4.218135833740234","103","103","103","4.14307165145874","4.14307165145874","4.14307165145874","103","103","103","4.184173583984375","4.184173583984375","4.184173583984375","103","103","103","6.520381927490234","6.520381927490234","6.520381927490234","103","103","103","4.076851844787598","4.076851844787598","4.076851844787598","4965","4965","4965"
"4975","4.217324733734131","4.217324733734131","4.217324733734131","104","104","104","4.1384053230285645","4.1384053230285645","4.1384053230285645","104","104","104","4.190577507019043","4.190577507019043","4.190577507019043","104","104","104","6.4902191162109375","6.4902191162109375","6.4902191162109375","104","104","104","4.1090593338012695","4.1090593338012695","4.1090593338012695","4970","4970","4970"
"4980","4.216094493865967","4.216094493865967","4.216094493865967","105","105","105","4.135550498962402","4.135550498962402","4.135550498962402","105","105","105","4.187699317932129","4.187699317932129","4.187699317932129","105","105","105","6.362504005432129","6.362504005432129","6.362504005432129","105","105","105","4.076533317565918","4.076533317565918","4.076533317565918","4975","4975","4975"
"4985","4.258033275604248","4.258033275604248","4.258033275604248","106","106","106","4.173433780670166","4.173433780670166","4.173433780670166","106","106","106","4.217820644378662","4.217820644378662","4.217820644378662","106","106","106","6.369350433349609","6.369350433349609","6.369350433349609","106","106","106","4.110814094543457","4.110814094543457","4.110814094543457","4980","4980","4980"
"4990","4.259821891784668","4.259821891784668","4.259821891784668","107","107","107","4.1571478843688965","4.1571478843688965","4.1571478843688965","107","107","107","4.211663246154785","4.211663246154785","4.211663246154785","107","107","107","6.496837139129639","6.496837139129639","6.496837139129639","107","107","107","4.256217956542969","4.256217956542969","4.256217956542969","4985","4985","4985"
"4995","4.265729904174805","4.265729904174805","4.265729904174805","108","108","108","4.1915669441223145","4.1915669441223145","4.1915669441223145","108","108","108","4.236660003662109","4.236660003662109","4.236660003662109","108","108","108","6.553302764892578","6.553302764892578","6.553302764892578","108","108","108","4.020853519439697","4.020853519439697","4.020853519439697","4990","4990","4990"
"5000","3.862912654876709","3.862912654876709","3.862912654876709","109","109","109","4.45168924331665","4.45168924331665","4.45168924331665","109","109","109","4.064795970916748","4.064795970916748","4.064795970916748","109","109","109","6.478816986083984","6.478816986083984","6.478816986083984","109","109","109","4.378542900085449","4.378542900085449","4.378542900085449","4996","4996","4996"
"5005","3.2712924480438232","3.2712924480438232","3.2712924480438232","110","110","110","3.536794900894165","3.536794900894165","3.536794900894165","110","110","110","3.137242317199707","3.137242317199707","3.137242317199707","110","110","110","5.956948280334473","5.956948280334473","5.956948280334473","110","110","110","3.03786301612854","3.03786301612854","3.03786301612854","5000","5000","5000"
"5010","2.8469672203063965","2.8469672203063965","2.8469672203063965","111","111","111","3.315790891647339","3.315790891647339","3.315790891647339","111","111","111","2.6071386337280273","2.6071386337280273","2.6071386337280273","111","111","111","5.584463119506836","5.584463119506836","5.584463119506836","111","111","111","2.6550962924957275","2.6550962924957275","2.6550962924957275","5005","5005","5005"
"5015","2.460963010787964","2.460963010787964","2.460963010787964","112","112","112","2.7533645629882812","2.7533645629882812","2.7533645629882812","112","112","112","2.214463233947754","2.214463233947754","2.214463233947754","112","112","112","5.1828765869140625","5.1828765869140625","5.1828765869140625","112","112","112","2.3201630115509033","2.3201630115509033","2.3201630115509033","5010","5010","5010"
"5020","2.311474323272705","2.311474323272705","2.311474323272705","113","113","113","2.597749710083008","2.597749710083008","2.597749710083008","113","113","113","2.05765438079834","2.05765438079834","2.05765438079834","113","113","113","4.837774753570557","4.837774753570557","4.837774753570557","113","113","113","2.1155033111572266","2.1155033111572266","2.1155033111572266","5015","5015","5015"
"5025","2.2199862003326416","2.2199862003326416","2.2199862003326416","114","114","114","2.4686129093170166","2.4686129093170166","2.4686129093170166","114","114","114","1.967018723487854","1.967018723487854","1.967018723487854","114","114","114","4.826481819152832","4.826481819152832","4.826481819152832","114","114","114","2.028071641921997","2.028071641921997","2.028071641921997","5020","5020","5020"
"5030","2.1778788566589355","2.1778788566589355","2.1778788566589355","115","115","115","2.5033538341522217","2.5033538341522217","2.5033538341522217","115","115","115","1.8980069160461426","1.8980069160461426","1.8980069160461426","115","115","115","4.883112907409668","4.883112907409668","4.883112907409668","115","115","115","1.8111777305603027","1.8111777305603027","1.8111777305603027","5025","5025","5025"
"5035","2.2160232067108154","2.2160232067108154","2.2160232067108154","116","116","116","2.4375648498535156","2.4375648498535156","2.4375648498535156","116","116","116","1.9264230728149414","1.9264230728149414","1.9264230728149414","116","116","116","4.812526226043701","4.812526226043701","4.812526226043701","116","116","116","1.8392776250839233","1.8392776250839233","1.8392776250839233","5030","5030","5030"
"5040","2.033686399459839","2.033686399459839","2.033686399459839","117","117","117","2.335726261138916","2.335726261138916","2.335726261138916","117","117","117","1.7947643995285034","1.7947643995285034","1.7947643995285034","117","117","117","4.699339866638184","4.699339866638184","4.699339866638184","117","117","117","1.6701569557189941","1.6701569557189941","1.6701569557189941","5035","5035","5035"
"5045","1.928346872329712","1.928346872329712","1.928346872329712","118","118","118","2.1564488410949707","2.1564488410949707","2.1564488410949707","118","118","118","1.6900699138641357","1.6900699138641357","1.6900699138641357","118","118","118","4.316963195800781","4.316963195800781","4.316963195800781","118","118","118","1.6433111429214478","1.6433111429214478","1.6433111429214478","5040","5040","5040"
"5050","1.8258767127990723","1.8258767127990723","1.8258767127990723","119","119","119","2.1152119636535645","2.1152119636535645","2.1152119636535645","119","119","119","1.592365026473999","1.592365026473999","1.592365026473999","119","119","119","4.46006441116333","4.46006441116333","4.46006441116333","119","119","119","1.5065021514892578","1.5065021514892578","1.5065021514892578","5045","5045","5045"
"5055","1.8412419557571411","1.8412419557571411","1.8412419557571411","120","120","120","2.1344709396362305","2.1344709396362305","2.1344709396362305","120","120","120","1.618710994720459","1.618710994720459","1.618710994720459","120","120","120","4.52473258972168","4.52473258972168","4.52473258972168","120","120","120","1.6473016738891602","1.6473016738891602","1.6473016738891602","5050","5050","5050"
"5060","1.7023204565048218","1.7023204565048218","1.7023204565048218","121","121","121","1.9621585607528687","1.9621585607528687","1.9621585607528687","121","121","121","1.489238977432251","1.489238977432251","1.489238977432251","121","121","121","4.273606777191162","4.273606777191162","4.273606777191162","121","121","121","1.4210187196731567","1.4210187196731567","1.4210187196731567","5055","5055","5055"
"5065","1.7951641082763672","1.7951641082763672","1.7951641082763672","122","122","122","2.0497591495513916","2.0497591495513916","2.0497591495513916","122","122","122","1.5850121974945068","1.5850121974945068","1.5850121974945068","122","122","122","4.337796211242676","4.337796211242676","4.337796211242676","122","122","122","1.4325519800186157","1.4325519800186157","1.4325519800186157","5060","5060","5060"
"5070","1.680450439453125","1.680450439453125","1.680450439453125","123","123","123","1.9191064834594727","1.9191064834594727","1.9191064834594727","123","123","123","1.466111421585083","1.466111421585083","1.466111421585083","123","123","123","4.07673978805542","4.07673978805542","4.07673978805542","123","123","123","1.4076787233352661","1.4076787233352661","1.4076787233352661","5065","5065","5065"
"5075","1.6797271966934204","1.6797271966934204","1.6797271966934204","124","124","124","1.9406044483184814","1.9406044483184814","1.9406044483184814","124","124","124","1.4691369533538818","1.4691369533538818","1.4691369533538818","124","124","124","4.22026252746582","4.22026252746582","4.22026252746582","124","124","124","1.3173801898956299","1.3173801898956299","1.3173801898956299","5070","5070","5070"
"5080","1.630630373954773","1.630630373954773","1.630630373954773","125","125","125","1.8572970628738403","1.8572970628738403","1.8572970628738403","125","125","125","1.433215618133545","1.433215618133545","1.433215618133545","125","125","125","4.044668197631836","4.044668197631836","4.044668197631836","125","125","125","1.4388020038604736","1.4388020038604736","1.4388020038604736","5075","5075","5075"
"5085","1.6308213472366333","1.6308213472366333","1.6308213472366333","126","126","126","1.910084843635559","1.910084843635559","1.910084843635559","126","126","126","1.4532959461212158","1.4532959461212158","1.4532959461212158","126","126","126","4.0670294761657715","4.0670294761657715","4.0670294761657715","126","126","126","1.3334674835205078","1.3334674835205078","1.3334674835205078","5080","5080","5080"
"5090","1.5487748384475708","1.5487748384475708","1.5487748384475708","127","127","127","1.7754162549972534","1.7754162549972534","1.7754162549972534","127","127","127","1.3726794719696045","1.3726794719696045","1.3726794719696045","127","127","127","3.9547536373138428","3.9547536373138428","3.9547536373138428","127","127","127","1.2718398571014404","1.2718398571014404","1.2718398571014404","5085","5085","5085"
"5095","1.597907543182373","1.597907543182373","1.597907543182373","128","128","128","1.8531126976013184","1.8531126976013184","1.8531126976013184","128","128","128","1.4112224578857422","1.4112224578857422","1.4112224578857422","128","128","128","4.095645904541016","4.095645904541016","4.095645904541016","128","128","128","1.2779600620269775","1.2779600620269775","1.2779600620269775","5090","5090","5090"
"5100","5.012861728668213","5.012861728668213","5.012861728668213","129","129","129","5.053014278411865","5.053014278411865","5.053014278411865","129","129","129","4.835979461669922","4.835979461669922","4.835979461669922","129","129","129","6.886962890625","6.886962890625","6.886962890625","129","129","129","4.996387481689453","4.996387481689453","4.996387481689453","5095","5095","5095"
"5105","4.829379081726074","4.829379081726074","4.829379081726074","130","130","130","4.907504081726074","4.907504081726074","4.907504081726074","130","130","130","4.686394691467285","4.686394691467285","4.686394691467285","130","130","130","6.800689220428467","6.800689220428467","6.800689220428467","130","130","130","4.34797477722168","4.34797477722168","4.34797477722168","5100","5100","5100"
"5110","4.505184173583984","4.505184173583984","4.505184173583984","131","131","131","4.60382604598999","4.60382604598999","4.60382604598999","131","131","131","4.390862941741943","4.390862941741943","4.390862941741943","131","131","131","6.599875450134277","6.599875450134277","6.599875450134277","131","131","131","4.446219444274902","4.446219444274902","4.446219444274902","5105","5105","5105"
"5115","4.568824291229248","4.568824291229248","4.568824291229248","132","132","132","4.659992694854736","4.659992694854736","4.659992694854736","132","132","132","4.443922996520996","4.443922996520996","4.443922996520996","132","132","132","6.528371810913086","6.528371810913086","6.528371810913086","132","132","132","4.47258186340332","4.47258186340332","4.47258186340332","5110","5110","5110"
"5120","4.501051425933838","4.501051425933838","4.501051425933838","133","133","133","4.607585906982422","4.607585906982422","4.607585906982422","133","133","133","4.411962509155273","4.411962509155273","4.411962509155273","133","133","133","6.462780952453613","6.462780952453613","6.462780952453613","133","133","133","4.41799259185791","4.41799259185791","4.41799259185791","5115","5115","5115"
"5125","4.460603713989258","4.460603713989258","4.460603713989258","134","134","134","4.576738357543945","4.576738357543945","4.576738357543945","134","134","134","4.385505676269531","4.385505676269531","4.385505676269531","134","134","134","6.643176078796387","6.643176078796387","6.643176078796387","134","134","134","4.4954514503479","4.4954514503479","4.4954514503479","5120","5120","5120"
"5130","4.32975435256958","4.32975435256958","4.32975435256958","135","135","135","4.459864139556885","4.459864139556885","4.459864139556885","135","135","135","4.271566390991211","4.271566390991211","4.271566390991211","135","135","135","6.4449968338012695","6.4449968338012695","6.4449968338012695","135","135","135","4.204399108886719","4.204399108886719","4.204399108886719","5125","5125","5125"
"5135","4.3303375244140625","4.3303375244140625","4.3303375244140625","136","136","136","4.4707841873168945","4.4707841873168945","4.4707841873168945","136","136","136","4.295507431030273","4.295507431030273","4.295507431030273","136","136","136","6.577907562255859","6.577907562255859","6.577907562255859","136","136","136","4.193905830383301","4.193905830383301","4.193905830383301","5130","5130","5130"
"5140","4.403973579406738","4.403973579406738","4.403973579406738","137","137","137","4.5012311935424805","4.5012311935424805","4.5012311935424805","137","137","137","4.353341102600098","4.353341102600098","4.353341102600098","137","137","137","6.504059314727783","6.504059314727783","6.504059314727783","137","137","137","4.260408401489258","4.260408401489258","4.260408401489258","5135","5135","5135"
"5145","4.279973030090332","4.279973030090332","4.279973030090332","138","138","138","4.393702983856201","4.393702983856201","4.393702983856201","138","138","138","4.238350868225098","4.238350868225098","4.238350868225098","138","138","138","6.458441734313965","6.458441734313965","6.458441734313965","138","138","138","4.285497665405273","4.285497665405273","4.285497665405273","5140","5140","5140"
"5150","4.263267993927002","4.263267993927002","4.263267993927002","139","139","139","4.370953559875488","4.370953559875488","4.370953559875488","139","139","139","4.23199987411499","4.23199987411499","4.23199987411499","139","139","139","6.5157976150512695","6.5157976150512695","6.5157976150512695","139","139","139","4.197240352630615","4.197240352630615","4.197240352630615","5145","5145","5145"
"5155","4.198626518249512","4.198626518249512","4.198626518249512","140","140","140","4.305734157562256","4.305734157562256","4.305734157562256","140","140","140","4.162116050720215","4.162116050720215","4.162116050720215","140","140","140","6.445420265197754","6.445420265197754","6.445420265197754","140","140","140","4.190120697021484","4.190120697021484","4.190120697021484","5150","5150","5150"
"5160","4.208775520324707","4.208775520324707","4.208775520324707","141","141","141","4.315190315246582","4.315190315246582","4.315190315246582","141","141","141","4.191443920135498","4.191443920135498","4.191443920135498","141","141","141","6.472989082336426","6.472989082336426","6.472989082336426","141","141","141","4.167060375213623","4.167060375213623","4.167060375213623","5155","5155","5155"
"5165","4.170252799987793","4.170252799987793","4.170252799987793","142","142","142","4.293318748474121","4.293318748474121","4.293318748474121","142","142","142","4.149594783782959","4.149594783782959","4.149594783782959","142","142","142","6.395079135894775","6.395079135894775","6.395079135894775","142","142","142","4.149028778076172","4.149028778076172","4.149028778076172","5160","5160","5160"
"5170","4.197682857513428","4.197682857513428","4.197682857513428","143","143","143","4.303323745727539","4.303323745727539","4.303323745727539","143","143","143","4.174283027648926","4.174283027648926","4.174283027648926","143","143","143","6.317319869995117","6.317319869995117","6.317319869995117","143","143","143","4.301878929138184","4.301878929138184","4.301878929138184","5165","5165","5165"
"5175","4.3319220542907715","4.3319220542907715","4.3319220542907715","144","144","144","4.428487777709961","4.428487777709961","4.428487777709961","144","144","144","4.319123268127441","4.319123268127441","4.319123268127441","144","144","144","6.481509685516357","6.481509685516357","6.481509685516357","144","144","144","4.184308052062988","4.184308052062988","4.184308052062988","5170","5170","5170"
"5180","4.115314483642578","4.115314483642578","4.115314483642578","145","145","145","4.205311298370361","4.205311298370361","4.205311298370361","145","145","145","4.082401275634766","4.082401275634766","4.082401275634766","145","145","145","6.476889133453369","6.476889133453369","6.476889133453369","145","145","145","4.279153347015381","4.279153347015381","4.279153347015381","5175","5175","5175"
"5185","4.128871440887451","4.128871440887451","4.128871440887451","146","146","146","4.262897491455078","4.262897491455078","4.262897491455078","146","146","146","4.147713661193848","4.147713661193848","4.147713661193848","146","146","146","6.437167167663574","6.437167167663574","6.437167167663574","146","146","146","4.245291709899902","4.245291709899902","4.245291709899902","5180","5180","5180"
"5190","4.235012054443359","4.235012054443359","4.235012054443359","147","147","147","4.337709426879883","4.337709426879883","4.337709426879883","147","147","147","4.224065780639648","4.224065780639648","4.224065780639648","147","147","147","6.500446319580078","6.500446319580078","6.500446319580078","147","147","147","4.165153503417969","4.165153503417969","4.165153503417969","5185","5185","5185"
"5195","4.070886611938477","4.070886611938477","4.070886611938477","148","148","148","4.161083698272705","4.161083698272705","4.161083698272705","148","148","148","4.054165840148926","4.054165840148926","4.054165840148926","148","148","148","6.478390693664551","6.478390693664551","6.478390693664551","148","148","148","4.152341842651367","4.152341842651367","4.152341842651367","5190","5190","5190"
"5200","4.25685453414917","4.25685453414917","4.25685453414917","149","149","149","4.340491771697998","4.340491771697998","4.340491771697998","149","149","149","4.2409186363220215","4.2409186363220215","4.2409186363220215","149","149","149","6.41847038269043","6.41847038269043","6.41847038269043","149","149","149","4.227365493774414","4.227365493774414","4.227365493774414","5195","5195","5195"
"5205","4.233273029327393","4.233273029327393","4.233273029327393","150","150","150","4.328927040100098","4.328927040100098","4.328927040100098","150","150","150","4.221987724304199","4.221987724304199","4.221987724304199","150","150","150","6.502724647521973","6.502724647521973","6.502724647521973","150","150","150","4.273055076599121","4.273055076599121","4.273055076599121","5200","5200","5200"
"5210","4.155745029449463","4.155745029449463","4.155745029449463","151","151","151","4.2458343505859375","4.2458343505859375","4.2458343505859375","151","151","151","4.13840389251709","4.13840389251709","4.13840389251709","151","151","151","6.357802867889404","6.357802867889404","6.357802867889404","151","151","151","4.0884318351745605","4.0884318351745605","4.0884318351745605","5205","5205","5205"
"5215","4.177523136138916","4.177523136138916","4.177523136138916","152","152","152","4.266957759857178","4.266957759857178","4.266957759857178","152","152","152","4.144961357116699","4.144961357116699","4.144961357116699","152","152","152","6.3698015213012695","6.3698015213012695","6.3698015213012695","152","152","152","4.181618690490723","4.181618690490723","4.181618690490723","5210","5210","5210"
"5220","4.246246814727783","4.246246814727783","4.246246814727783","153","153","153","4.317779064178467","4.317779064178467","4.317779064178467","153","153","153","4.222005844116211","4.222005844116211","4.222005844116211","153","153","153","6.489116668701172","6.489116668701172","6.489116668701172","153","153","153","4.172599792480469","4.172599792480469","4.172599792480469","5215","5215","5215"
"5225","4.193630695343018","4.193630695343018","4.193630695343018","154","154","154","4.2372517585754395","4.2372517585754395","4.2372517585754395","154","154","154","4.173391342163086","4.173391342163086","4.173391342163086","154","154","154","6.374748229980469","6.374748229980469","6.374748229980469","154","154","154","4.190131187438965","4.190131187438965","4.190131187438965","5220","5220","5220"
"5230","4.205135822296143","4.205135822296143","4.205135822296143","155","155","155","4.271367073059082","4.271367073059082","4.271367073059082","155","155","155","4.17467737197876","4.17467737197876","4.17467737197876","155","155","155","6.365171432495117","6.365171432495117","6.365171432495117","155","155","155","4.079579830169678","4.079579830169678","4.079579830169678","5225","5225","5225"
"5235","4.10624361038208","4.10624361038208","4.10624361038208","156","156","156","4.163934707641602","4.163934707641602","4.163934707641602","156","156","156","4.0917205810546875","4.0917205810546875","4.0917205810546875","156","156","156","6.38014554977417","6.38014554977417","6.38014554977417","156","156","156","4.204259872436523","4.204259872436523","4.204259872436523","5234","5234","5234"
"5240","4.063104629516602","4.063104629516602","4.063104629516602","157","157","157","4.1531476974487305","4.1531476974487305","4.1531476974487305","157","157","157","4.055705547332764","4.055705547332764","4.055705547332764","157","157","157","6.495033264160156","6.495033264160156","6.495033264160156","157","157","157","4.1429219245910645","4.1429219245910645","4.1429219245910645","5235","5235","5235"
"5245","4.178544044494629","4.178544044494629","4.178544044494629","158","158","158","4.242562770843506","4.242562770843506","4.242562770843506","158","158","158","4.153934478759766","4.153934478759766","4.153934478759766","158","158","158","6.360130786895752","6.360130786895752","6.360130786895752","158","158","158","4.1533284187316895","4.1533284187316895","4.1533284187316895","5240","5240","5240"
"5250","4.285660743713379","4.285660743713379","4.285660743713379","159","159","159","4.331353664398193","4.331353664398193","4.331353664398193","159","159","159","4.26118278503418","4.26118278503418","4.26118278503418","159","159","159","6.447203159332275","6.447203159332275","6.447203159332275","159","159","159","4.003359317779541","4.003359317779541","4.003359317779541","5246","5246","5246"
"5255","3.990488290786743","3.990488290786743","3.990488290786743","160","160","160","4.051025390625","4.051025390625","4.051025390625","160","160","160","3.982473373413086","3.982473373413086","3.982473373413086","160","160","160","6.317288875579834","6.317288875579834","6.317288875579834","160","160","160","4.200005054473877","4.200005054473877","4.200005054473877","5250","5250","5250"
"5260","4.204697608947754","4.204697608947754","4.204697608947754","161","161","161","4.249545574188232","4.249545574188232","4.249545574188232","161","161","161","4.186985015869141","4.186985015869141","4.186985015869141","161","161","161","6.416145324707031","6.416145324707031","6.416145324707031","161","161","161","4.20697546005249","4.20697546005249","4.20697546005249","5255","5255","5255"
"5265","4.277761936187744","4.277761936187744","4.277761936187744","162","162","162","4.336577892303467","4.336577892303467","4.336577892303467","162","162","162","4.2694292068481445","4.2694292068481445","4.2694292068481445","162","162","162","6.544925689697266","6.544925689697266","6.544925689697266","162","162","162","4.281813621520996","4.281813621520996","4.281813621520996","5260","5260","5260"
"5270","4.2880778312683105","4.2880778312683105","4.2880778312683105","163","163","163","4.329771518707275","4.329771518707275","4.329771518707275","163","163","163","4.259522438049316","4.259522438049316","4.259522438049316","163","163","163","6.493684768676758","6.493684768676758","6.493684768676758","163","163","163","4.176000595092773","4.176000595092773","4.176000595092773","5265","5265","5265"
"5275","4.403397083282471","4.403397083282471","4.403397083282471","164","164","164","4.439441680908203","4.439441680908203","4.439441680908203","164","164","164","4.386087417602539","4.386087417602539","4.386087417602539","164","164","164","6.643233299255371","6.643233299255371","6.643233299255371","164","164","164","4.124974250793457","4.124974250793457","4.124974250793457","5270","5270","5270"
"5280","4.1437554359436035","4.1437554359436035","4.1437554359436035","165","165","165","4.18923807144165","4.18923807144165","4.18923807144165","165","165","165","4.119942665100098","4.119942665100098","4.119942665100098","165","165","165","6.446774482727051","6.446774482727051","6.446774482727051","165","165","165","4.103080749511719","4.103080749511719","4.103080749511719","5275","5275","5275"
"5285","4.146842002868652","4.146842002868652","4.146842002868652","166","166","166","4.185500621795654","4.185500621795654","4.185500621795654","166","166","166","4.133194446563721","4.133194446563721","4.133194446563721","166","166","166","6.323704719543457","6.323704719543457","6.323704719543457","166","166","166","4.237139701843262","4.237139701843262","4.237139701843262","5280","5280","5280"
"5290","4.213527679443359","4.213527679443359","4.213527679443359","167","167","167","4.238381862640381","4.238381862640381","4.238381862640381","167","167","167","4.201632976531982","4.201632976531982","4.201632976531982","167","167","167","6.45041561126709","6.45041561126709","6.45041561126709","167","167","167","4.1254682540893555","4.1254682540893555","4.1254682540893555","5285","5285","5285"
"5295","4.246046543121338","4.246046543121338","4.246046543121338","168","168","168","4.278449535369873","4.278449535369873","4.278449535369873","168","168","168","4.243708610534668","4.243708610534668","4.243708610534668","168","168","168","6.375246524810791","6.375246524810791","6.375246524810791","168","168","168","4.165925979614258","4.165925979614258","4.165925979614258","5290","5290","5290"
"5300","4.1898112297058105","4.1898112297058105","4.1898112297058105","169","169","169","4.208744525909424","4.208744525909424","4.208744525909424","169","169","169","4.170468330383301","4.170468330383301","4.170468330383301","169","169","169","6.499298095703125","6.499298095703125","6.499298095703125","169","169","169","4.121344566345215","4.121344566345215","4.121344566345215","5295","5295","5295"
"5350","4.247492790222168","4.247492790222168","4.247492790222168","170","170","170","4.256121635437012","4.256121635437012","4.256121635437012","170","170","170","4.2264323234558105","4.2264323234558105","4.2264323234558105","170","170","170","6.274426460266113","6.274426460266113","6.274426460266113","170","170","170","4.0387115478515625","4.0387115478515625","4.0387115478515625","5300","5300","5300"
"5400","4.217265605926514","4.217265605926514","4.217265605926514","171","171","171","4.1967644691467285","4.1967644691467285","4.1967644691467285","171","171","171","4.180117130279541","4.180117130279541","4.180117130279541","171","171","171","6.480802536010742","6.480802536010742","6.480802536010742","171","171","171","4.210750579833984","4.210750579833984","4.210750579833984","5350","5350","5350"
"5450","4.281732559204102","4.281732559204102","4.281732559204102","172","172","172","4.24371862411499","4.24371862411499","4.24371862411499","172","172","172","4.250835418701172","4.250835418701172","4.250835418701172","172","172","172","6.5078511238098145","6.5078511238098145","6.5078511238098145","172","172","172","4.020089149475098","4.020089149475098","4.020089149475098","5400","5400","5400"
"5500","4.083028316497803","4.083028316497803","4.083028316497803","173","173","173","4.0443339347839355","4.0443339347839355","4.0443339347839355","173","173","173","4.051965236663818","4.051965236663818","4.051965236663818","173","173","173","6.356476783752441","6.356476783752441","6.356476783752441","173","173","173","4.169279098510742","4.169279098510742","4.169279098510742","5451","5451","5451"
"5550","4.267172336578369","4.267172336578369","4.267172336578369","174","174","174","4.197550296783447","4.197550296783447","4.197550296783447","174","174","174","4.222855567932129","4.222855567932129","4.222855567932129","174","174","174","6.507024765014648","6.507024765014648","6.507024765014648","174","174","174","4.170635223388672","4.170635223388672","4.170635223388672","5500","5500","5500"
"5600","4.072783470153809","4.072783470153809","4.072783470153809","175","175","175","4.025050640106201","4.025050640106201","4.025050640106201","175","175","175","4.0385870933532715","4.0385870933532715","4.0385870933532715","175","175","175","6.097403526306152","6.097403526306152","6.097403526306152","175","175","175","4.04827880859375","4.04827880859375","4.04827880859375","5550","5550","5550"
"5650","4.233699798583984","4.233699798583984","4.233699798583984","176","176","176","4.180396556854248","4.180396556854248","4.180396556854248","176","176","176","4.211862564086914","4.211862564086914","4.211862564086914","176","176","176","6.393337726593018","6.393337726593018","6.393337726593018","176","176","176","4.184003829956055","4.184003829956055","4.184003829956055","5600","5600","5600"
"5700","4.246037006378174","4.246037006378174","4.246037006378174","177","177","177","4.192568302154541","4.192568302154541","4.192568302154541","177","177","177","4.228977680206299","4.228977680206299","4.228977680206299","177","177","177","6.339079856872559","6.339079856872559","6.339079856872559","177","177","177","4.076182842254639","4.076182842254639","4.076182842254639","5650","5650","5650"
"5750","4.039157867431641","4.039157867431641","4.039157867431641","178","178","178","3.979649782180786","3.979649782180786","3.979649782180786","178","178","178","4.004624366760254","4.004624366760254","4.004624366760254","178","178","178","6.225940227508545","6.225940227508545","6.225940227508545","178","178","178","4.099559783935547","4.099559783935547","4.099559783935547","5701","5701","5701"
"5800","4.2346510887146","4.2346510887146","4.2346510887146","179","179","179","4.174325942993164","4.174325942993164","4.174325942993164","179","179","179","4.222378730773926","4.222378730773926","4.222378730773926","179","179","179","6.367467403411865","6.367467403411865","6.367467403411865","179","179","179","4.089244842529297","4.089244842529297","4.089244842529297","5750","5750","5750"
"5850","4.099501132965088","4.099501132965088","4.099501132965088","180","180","180","4.031610488891602","4.031610488891602","4.031610488891602","180","180","180","4.059093952178955","4.059093952178955","4.059093952178955","180","180","180","6.346333026885986","6.346333026885986","6.346333026885986","180","180","180","4.077584266662598","4.077584266662598","4.077584266662598","5800","5800","5800"
"5900","4.0413336753845215","4.0413336753845215","4.0413336753845215","181","181","181","3.974240303039551","3.974240303039551","3.974240303039551","181","181","181","4.010849952697754","4.010849952697754","4.010849952697754","181","181","181","6.240359306335449","6.240359306335449","6.240359306335449","181","181","181","4.115145683288574","4.115145683288574","4.115145683288574","5850","5850","5850"
"5950","4.16295862197876","4.16295862197876","4.16295862197876","182","182","182","4.09128999710083","4.09128999710083","4.09128999710083","182","182","182","4.11457633972168","4.11457633972168","4.11457633972168","182","182","182","6.33873176574707","6.33873176574707","6.33873176574707","182","182","182","4.078250885009766","4.078250885009766","4.078250885009766","5900","5900","5900"
"6000","4.084742069244385","4.084742069244385","4.084742069244385","183","183","183","4.023360252380371","4.023360252380371","4.023360252380371","183","183","183","4.061519622802734","4.061519622802734","4.061519622802734","183","183","183","6.425218105316162","6.425218105316162","6.425218105316162","183","183","183","4.11496114730835","4.11496114730835","4.11496114730835","5951","5951","5951"
"6050","4.153993129730225","4.153993129730225","4.153993129730225","184","184","184","4.0762481689453125","4.0762481689453125","4.0762481689453125","184","184","184","4.119927406311035","4.119927406311035","4.119927406311035","184","184","184","6.310951232910156","6.310951232910156","6.310951232910156","184","184","184","4.078766345977783","4.078766345977783","4.078766345977783","6000","6000","6000"
"6100","4.0321574211120605","4.0321574211120605","4.0321574211120605","185","185","185","3.9668538570404053","3.9668538570404053","3.9668538570404053","185","185","185","3.981992244720459","3.981992244720459","3.981992244720459","185","185","185","6.431405067443848","6.431405067443848","6.431405067443848","185","185","185","4.131793975830078","4.131793975830078","4.131793975830078","6050","6050","6050"
"6150","4.148339748382568","4.148339748382568","4.148339748382568","186","186","186","4.068353652954102","4.068353652954102","4.068353652954102","186","186","186","4.114967346191406","4.114967346191406","4.114967346191406","186","186","186","6.291456699371338","6.291456699371338","6.291456699371338","186","186","186","4.107903957366943","4.107903957366943","4.107903957366943","6100","6100","6100"
"6200","4.066041946411133","4.066041946411133","4.066041946411133","187","187","187","3.9917497634887695","3.9917497634887695","3.9917497634887695","187","187","187","4.034646987915039","4.034646987915039","4.034646987915039","187","187","187","6.294017791748047","6.294017791748047","6.294017791748047","187","187","187","4.06088924407959","4.06088924407959","4.06088924407959","6150","6150","6150"
"6250","4.2054595947265625","4.2054595947265625","4.2054595947265625","188","188","188","4.1298933029174805","4.1298933029174805","4.1298933029174805","188","188","188","4.182916641235352","4.182916641235352","4.182916641235352","188","188","188","6.2649078369140625","6.2649078369140625","6.2649078369140625","188","188","188","4.076021194458008","4.076021194458008","4.076021194458008","6201","6201","6201"
"6300","4.184473991394043","4.184473991394043","4.184473991394043","189","189","189","4.107672691345215","4.107672691345215","4.107672691345215","189","189","189","4.156560897827148","4.156560897827148","4.156560897827148","189","189","189","6.511663436889648","6.511663436889648","6.511663436889648","189","189","189","4.045086860656738","4.045086860656738","4.045086860656738","6250","6250","6250"
"6350","4.117799758911133","4.117799758911133","4.117799758911133","190","190","190","4.045089244842529","4.045089244842529","4.045089244842529","190","190","190","4.0889482498168945","4.0889482498168945","4.0889482498168945","190","190","190","6.259581565856934","6.259581565856934","6.259581565856934","190","190","190","4.134725570678711","4.134725570678711","4.134725570678711","6300","6300","6300"
"6400","4.282593250274658","4.282593250274658","4.282593250274658","191","191","191","4.191609859466553","4.191609859466553","4.191609859466553","191","191","191","4.226459503173828","4.226459503173828","4.226459503173828","191","191","191","6.426692962646484","6.426692962646484","6.426692962646484","191","191","191","4.134909152984619","4.134909152984619","4.134909152984619","6350","6350","6350"
"6450","3.9756531715393066","3.9756531715393066","3.9756531715393066","192","192","192","3.9183990955352783","3.9183990955352783","3.9183990955352783","192","192","192","3.994708776473999","3.994708776473999","3.994708776473999","192","192","192","6.367293834686279","6.367293834686279","6.367293834686279","192","192","192","4.015250205993652","4.015250205993652","4.015250205993652","6400","6400","6400"
"6500","4.131706237792969","4.131706237792969","4.131706237792969","193","193","193","4.048841953277588","4.048841953277588","4.048841953277588","193","193","193","4.090778827667236","4.090778827667236","4.090778827667236","193","193","193","6.352371692657471","6.352371692657471","6.352371692657471","193","193","193","4.052374839782715","4.052374839782715","4.052374839782715","6451","6451","6451"
"6550","4.132924556732178","4.132924556732178","4.132924556732178","194","194","194","4.066174507141113","4.066174507141113","4.066174507141113","194","194","194","4.088983535766602","4.088983535766602","4.088983535766602","194","194","194","6.368849754333496","6.368849754333496","6.368849754333496","194","194","194","4.230062484741211","4.230062484741211","4.230062484741211","6500","6500","6500"
"6600","4.065958499908447","4.065958499908447","4.065958499908447","195","195","195","4.03186559677124","4.03186559677124","4.03186559677124","195","195","195","4.0118727684021","4.0118727684021","4.0118727684021","195","195","195","6.375030040740967","6.375030040740967","6.375030040740967","195","195","195","4.053236484527588","4.053236484527588","4.053236484527588","6550","6550","6550"
"6650","4.108285903930664","4.108285903930664","4.108285903930664","196","196","196","4.040439605712891","4.040439605712891","4.040439605712891","196","196","196","4.096258163452148","4.096258163452148","4.096258163452148","196","196","196","6.335631847381592","6.335631847381592","6.335631847381592","196","196","196","4.111024379730225","4.111024379730225","4.111024379730225","6600","6600","6600"
"6700","4.114415168762207","4.114415168762207","4.114415168762207","197","197","197","4.041750907897949","4.041750907897949","4.041750907897949","197","197","197","4.083555221557617","4.083555221557617","4.083555221557617","197","197","197","6.470479965209961","6.470479965209961","6.470479965209961","197","197","197","4.067949295043945","4.067949295043945","4.067949295043945","6650","6650","6650"
"6750","4.066503524780273","4.066503524780273","4.066503524780273","198","198","198","3.9944896697998047","3.9944896697998047","3.9944896697998047","198","198","198","4.042732238769531","4.042732238769531","4.042732238769531","198","198","198","6.197421073913574","6.197421073913574","6.197421073913574","198","198","198","4.043906211853027","4.043906211853027","4.043906211853027","6701","6701","6701"
"6800","4.100097179412842","4.100097179412842","4.100097179412842","199","199","199","4.027215480804443","4.027215480804443","4.027215480804443","199","199","199","4.065269470214844","4.065269470214844","4.065269470214844","199","199","199","6.296006202697754","6.296006202697754","6.296006202697754","199","199","199","3.99552059173584","3.99552059173584","3.99552059173584","6750","6750","6750"
"6850","4.025309085845947","4.025309085845947","4.025309085845947","200","200","200","3.9613447189331055","3.9613447189331055","3.9613447189331055","200","200","200","4.000412940979004","4.000412940979004","4.000412940979004","200","200","200","6.227148056030273","6.227148056030273","6.227148056030273","200","200","200","3.9936795234680176","3.9936795234680176","3.9936795234680176","6800","6800","6800"
"6900","4.05342435836792","4.05342435836792","4.05342435836792","201","201","201","3.990204095840454","3.990204095840454","3.990204095840454","201","201","201","4.026075839996338","4.026075839996338","4.026075839996338","201","201","201","6.28428840637207","6.28428840637207","6.28428840637207","201","201","201","3.9670870304107666","3.9670870304107666","3.9670870304107666","6850","6850","6850"
"6950","4.015958309173584","4.015958309173584","4.015958309173584","202","202","202","3.967331647872925","3.967331647872925","3.967331647872925","202","202","202","3.9818978309631348","3.9818978309631348","3.9818978309631348","202","202","202","6.269455909729004","6.269455909729004","6.269455909729004","202","202","202","4.049462795257568","4.049462795257568","4.049462795257568","6900","6900","6900"
"7000","4.126980304718018","4.126980304718018","4.126980304718018","203","203","203","4.103955268859863","4.103955268859863","4.103955268859863","203","203","203","4.101212024688721","4.101212024688721","4.101212024688721","203","203","203","6.169839382171631","6.169839382171631","6.169839382171631","203","203","203","4.062314987182617","4.062314987182617","4.062314987182617","6951","6951","6951"
"7050","","","","","","","","","","","","","3.991304874420166","3.991304874420166","3.991304874420166","204","204","204","","","","","","","4.1445722579956055","4.1445722579956055","4.1445722579956055","7000","7000","7000"
"7100","","","","","","","","","","","","","4.093411922454834","4.093411922454834","4.093411922454834","205","205","205","","","","","","","","","","","",""
"7150","","","","","","","","","","","","","4.080235004425049","4.080235004425049","4.080235004425049","206","206","206","","","","","","","","","","","",""
"7200","","","","","","","","","","","","","4.029220104217529","4.029220104217529","4.029220104217529","207","207","207","","","","","","","","","","","",""
"7250","","","","","","","","","","","","","4.046304225921631","4.046304225921631","4.046304225921631","208","208","208","","","","","","","","","","","",""