"iter","env2_sgd_2500-3000 - EMA/Grad_Norm","env2_sgd_2500-3000 - EMA/Grad_Norm__MIN","env2_sgd_2500-3000 - EMA/Grad_Norm__MAX","env2_sgd_2500-3000 - _step","env2_sgd_2500-3000 - _step__MIN","env2_sgd_2500-3000 - _step__MAX","env2_lion_shock_2500-3000 - EMA/Grad_Norm","env2_lion_shock_2500-3000 - EMA/Grad_Norm__MIN","env2_lion_shock_2500-3000 - EMA/Grad_Norm__MAX","env2_lion_shock_2500-3000 - _step","env2_lion_shock_2500-3000 - _step__MIN","env2_lion_shock_2500-3000 - _step__MAX","env2_muon_shock_2500-3000 - EMA/Grad_Norm","env2_muon_shock_2500-3000 - EMA/Grad_Norm__MIN","env2_muon_shock_2500-3000 - EMA/Grad_Norm__MAX","env2_muon_shock_2500-3000 - _step","env2_muon_shock_2500-3000 - _step__MIN","env2_muon_shock_2500-3000 - _step__MAX","env2_adamw_shock_2500-3000 - EMA/Grad_Norm","env2_adamw_shock_2500-3000 - EMA/Grad_Norm__MIN","env2_adamw_shock_2500-3000 - EMA/Grad_Norm__MAX","env2_adamw_shock_2500-3000 - _step","env2_adamw_shock_2500-3000 - _step__MIN","env2_adamw_shock_2500-3000 - _step__MAX"
"0","16.189117431640625","16.189117431640625","16.189117431640625","0","0","0","16.189109802246094","16.189109802246094","16.189109802246094","0","0","0","16.189138412475586","16.189138412475586","16.189138412475586","0","0","0","16.1890811920166","16.1890811920166","16.1890811920166","0","0","0"
"50","1.2631663713616834","1.2631663713616834","1.2631663713616834","1","1","1","1.030778689467674","1.030778689467674","1.030778689467674","1","1","1","0.7416281355974573","0.7416281355974573","0.7416281355974573","1","1","1","0.36810799812264505","0.36810799812264505","0.36810799812264505","1","1","1"
"100","1.8082932137964707","1.8082932137964707","1.8082932137964707","2","2","2","0.5955996801184524","0.5955996801184524","0.5955996801184524","2","2","2","0.41919649066097453","0.41919649066097453","0.41919649066097453","2","2","2","0.3826212235253333","0.3826212235253333","0.3826212235253333","2","2","2"
"150","1.8685250949555874","1.8685250949555874","1.8685250949555874","3","3","3","0.5009871903289893","0.5009871903289893","0.5009871903289893","3","3","3","0.39175497110716173","0.39175497110716173","0.39175497110716173","3","3","3","0.36272283502809144","0.36272283502809144","0.36272283502809144","3","3","3"
"200","1.3575389734621632","1.3575389734621632","1.3575389734621632","4","4","4","0.4941099200738353","0.4941099200738353","0.4941099200738353","4","4","4","0.41189533579817594","0.41189533579817594","0.41189533579817594","4","4","4","0.3859708349543736","0.3859708349543736","0.3859708349543736","4","4","4"
"250","1.4425363118560282","1.4425363118560282","1.4425363118560282","5","5","5","0.3994208285838745","0.3994208285838745","0.3994208285838745","5","5","5","0.43559047283703256","0.43559047283703256","0.43559047283703256","5","5","5","0.3920190015156604","0.3920190015156604","0.3920190015156604","5","5","5"
"300","1.5337098892659937","1.5337098892659937","1.5337098892659937","6","6","6","0.3700958321166167","0.3700958321166167","0.3700958321166167","6","6","6","0.466238681460145","0.466238681460145","0.466238681460145","6","6","6","0.4171075103176647","0.4171075103176647","0.4171075103176647","6","6","6"
"350","1.4949193322179828","1.4949193322179828","1.4949193322179828","7","7","7","0.36389677444037777","0.36389677444037777","0.36389677444037777","7","7","7","0.46152598908513115","0.46152598908513115","0.46152598908513115","7","7","7","0.40914470089520694","0.40914470089520694","0.40914470089520694","7","7","7"
"400","1.6411389041575268","1.6411389041575268","1.6411389041575268","8","8","8","0.3594129157162018","0.3594129157162018","0.3594129157162018","8","8","8","0.4977894886861403","0.4977894886861403","0.4977894886861403","8","8","8","0.43869909736305873","0.43869909736305873","0.43869909736305873","8","8","8"
"450","1.436199283010229","1.436199283010229","1.436199283010229","9","9","9","0.3874978792837737","0.3874978792837737","0.3874978792837737","9","9","9","0.47531246927224946","0.47531246927224946","0.47531246927224946","9","9","9","0.421739504373839","0.421739504373839","0.421739504373839","9","9","9"
"500","1.4859264219120538","1.4859264219120538","1.4859264219120538","10","10","10","0.3897878524481786","0.3897878524481786","0.3897878524481786","10","10","10","0.518476244067055","0.518476244067055","0.518476244067055","10","10","10","0.4167653786721535","0.4167653786721535","0.4167653786721535","10","10","10"
"550","1.2912583140048637","1.2912583140048637","1.2912583140048637","11","11","11","0.3731934414973848","0.3731934414973848","0.3731934414973848","11","11","11","0.5078511104300288","0.5078511104300288","0.5078511104300288","11","11","11","0.40656007395934757","0.40656007395934757","0.40656007395934757","11","11","11"
"600","1.4124086444397368","1.4124086444397368","1.4124086444397368","12","12","12","0.37849657571102135","0.37849657571102135","0.37849657571102135","12","12","12","0.5375452259307245","0.5375452259307245","0.5375452259307245","12","12","12","0.41122304757641304","0.41122304757641304","0.41122304757641304","12","12","12"
"650","1.2787162924925755","1.2787162924925755","1.2787162924925755","13","13","13","0.38911575441378216","0.38911575441378216","0.38911575441378216","13","13","13","0.5153195130815819","0.5153195130815819","0.5153195130815819","13","13","13","0.3971161870148651","0.3971161870148651","0.3971161870148651","13","13","13"
"700","1.2762281343021404","1.2762281343021404","1.2762281343021404","14","14","14","0.39415901608026455","0.39415901608026455","0.39415901608026455","14","14","14","0.5568446457610183","0.5568446457610183","0.5568446457610183","14","14","14","0.3931055658787599","0.3931055658787599","0.3931055658787599","14","14","14"
"750","1.928836561835281","1.928836561835281","1.928836561835281","15","15","15","0.39378765511852026","0.39378765511852026","0.39378765511852026","15","15","15","0.5386116953954314","0.5386116953954314","0.5386116953954314","15","15","15","0.41086045595137843","0.41086045595137843","0.41086045595137843","15","15","15"
"800","1.414057789671533","1.414057789671533","1.414057789671533","16","16","16","0.3893842709575347","0.3893842709575347","0.3893842709575347","16","16","16","0.5247445408789454","0.5247445408789454","0.5247445408789454","16","16","16","0.4254210786056751","0.4254210786056751","0.4254210786056751","16","16","16"
"850","1.4735388107993503","1.4735388107993503","1.4735388107993503","17","17","17","0.39879951567401445","0.39879951567401445","0.39879951567401445","17","17","17","0.5031944505156505","0.5031944505156505","0.5031944505156505","17","17","17","0.4069565092077135","0.4069565092077135","0.4069565092077135","17","17","17"
"900","1.4480358735004935","1.4480358735004935","1.4480358735004935","18","18","18","0.3939975553612459","0.3939975553612459","0.3939975553612459","18","18","18","0.5112478603242141","0.5112478603242141","0.5112478603242141","18","18","18","0.38592742377318046","0.38592742377318046","0.38592742377318046","18","18","18"
"950","1.7729093807503977","1.7729093807503977","1.7729093807503977","19","19","19","0.40933002533611157","0.40933002533611157","0.40933002533611157","19","19","19","0.4956972113307436","0.4956972113307436","0.4956972113307436","19","19","19","0.3902129163093325","0.3902129163093325","0.3902129163093325","19","19","19"
"1000","1.5056162713039587","1.5056162713039587","1.5056162713039587","20","20","20","0.417929345171537","0.417929345171537","0.417929345171537","20","20","20","0.4791604972918784","0.4791604972918784","0.4791604972918784","20","20","20","0.3803443848083309","0.3803443848083309","0.3803443848083309","20","20","20"
"1050","1.3114421124321998","1.3114421124321998","1.3114421124321998","21","21","21","0.4152275464047283","0.4152275464047283","0.4152275464047283","21","21","21","0.46603400297140657","0.46603400297140657","0.46603400297140657","21","21","21","0.36699831925535237","0.36699831925535237","0.36699831925535237","21","21","21"
"1100","1.9125871907259435","1.9125871907259435","1.9125871907259435","22","22","22","0.4331839399406286","0.4331839399406286","0.4331839399406286","22","22","22","0.43159137783546786","0.43159137783546786","0.43159137783546786","22","22","22","0.36391934945058846","0.36391934945058846","0.36391934945058846","22","22","22"
"1150","1.551796297072149","1.551796297072149","1.551796297072149","23","23","23","0.44098098502588357","0.44098098502588357","0.44098098502588357","23","23","23","0.4639650460388092","0.4639650460388092","0.4639650460388092","23","23","23","0.3513938306991828","0.3513938306991828","0.3513938306991828","23","23","23"
"1200","1.672912654407125","1.672912654407125","1.672912654407125","24","24","24","0.44471267148582355","0.44471267148582355","0.44471267148582355","24","24","24","0.4652713725407856","0.4652713725407856","0.4652713725407856","24","24","24","0.3409824821849429","0.3409824821849429","0.3409824821849429","24","24","24"
"1250","1.8703996981350672","1.8703996981350672","1.8703996981350672","25","25","25","0.4221703610338535","0.4221703610338535","0.4221703610338535","25","25","25","0.47235931584430024","0.47235931584430024","0.47235931584430024","25","25","25","0.34175138490726326","0.34175138490726326","0.34175138490726326","25","25","25"
"1300","1.8987253211504358","1.8987253211504358","1.8987253211504358","26","26","26","0.4327641543914032","0.4327641543914032","0.4327641543914032","26","26","26","0.42565235293164844","0.42565235293164844","0.42565235293164844","26","26","26","0.34245571823405757","0.34245571823405757","0.34245571823405757","26","26","26"
"1350","2.6224820120696175","2.6224820120696175","2.6224820120696175","27","27","27","0.41093903186662384","0.41093903186662384","0.41093903186662384","27","27","27","0.4308908783366313","0.4308908783366313","0.4308908783366313","27","27","27","0.36025535558145433","0.36025535558145433","0.36025535558145433","27","27","27"
"1400","1.9770265088125436","1.9770265088125436","1.9770265088125436","28","28","28","0.4041385554080632","0.4041385554080632","0.4041385554080632","28","28","28","0.4303036833480263","0.4303036833480263","0.4303036833480263","28","28","28","0.3333085413333318","0.3333085413333318","0.3333085413333318","28","28","28"
"1450","2.198095006865553","2.198095006865553","2.198095006865553","29","29","29","0.40103714026142356","0.40103714026142356","0.40103714026142356","29","29","29","0.4063352314622115","0.4063352314622115","0.4063352314622115","29","29","29","0.33328396415527173","0.33328396415527173","0.33328396415527173","29","29","29"
"1500","1.8633104569209609","1.8633104569209609","1.8633104569209609","30","30","30","0.38631661124265837","0.38631661124265837","0.38631661124265837","30","30","30","0.42640857269039745","0.42640857269039745","0.42640857269039745","30","30","30","0.31972752767813356","0.31972752767813356","0.31972752767813356","30","30","30"
"1550","2.263068925398974","2.263068925398974","2.263068925398974","31","31","31","0.38357003876154794","0.38357003876154794","0.38357003876154794","31","31","31","0.40245997485993507","0.40245997485993507","0.40245997485993507","31","31","31","0.32694916236902016","0.32694916236902016","0.32694916236902016","31","31","31"
"1600","2.0414160458317","2.0414160458317","2.0414160458317","32","32","32","0.37301633833020714","0.37301633833020714","0.37301633833020714","32","32","32","0.3944681990696939","0.3944681990696939","0.3944681990696939","32","32","32","0.316951447507806","0.316951447507806","0.316951447507806","32","32","32"
"1650","2.1517902400953957","2.1517902400953957","2.1517902400953957","33","33","33","0.37204048629557046","0.37204048629557046","0.37204048629557046","33","33","33","0.3952335275536099","0.3952335275536099","0.3952335275536099","33","33","33","0.3140921981136548","0.3140921981136548","0.3140921981136548","33","33","33"
"1700","1.9589027390557974","1.9589027390557974","1.9589027390557974","34","34","34","0.3698282523499858","0.3698282523499858","0.3698282523499858","34","34","34","0.41136915323035816","0.41136915323035816","0.41136915323035816","34","34","34","0.31772057073388493","0.31772057073388493","0.31772057073388493","34","34","34"
"1750","2.3527525392724824","2.3527525392724824","2.3527525392724824","35","35","35","0.3567984418103365","0.3567984418103365","0.3567984418103365","35","35","35","0.3760260583908108","0.3760260583908108","0.3760260583908108","35","35","35","0.3057599253016475","0.3057599253016475","0.3057599253016475","35","35","35"
"1800","2.0173923554291715","2.0173923554291715","2.0173923554291715","36","36","36","0.34635955298890714","0.34635955298890714","0.34635955298890714","36","36","36","0.37772115926662475","0.37772115926662475","0.37772115926662475","36","36","36","0.3101967602167593","0.3101967602167593","0.3101967602167593","36","36","36"
"1850","2.612004684825478","2.612004684825478","2.612004684825478","37","37","37","0.35956835619407634","0.35956835619407634","0.35956835619407634","37","37","37","0.40028429708599944","0.40028429708599944","0.40028429708599944","37","37","37","0.3116865478728595","0.3116865478728595","0.3116865478728595","37","37","37"
"1900","2.170270860693269","2.170270860693269","2.170270860693269","38","38","38","0.35800094993682624","0.35800094993682624","0.35800094993682624","38","38","38","0.36296006365082695","0.36296006365082695","0.36296006365082695","38","38","38","0.30207499332472637","0.30207499332472637","0.30207499332472637","38","38","38"
"1950","1.99159843612925","1.99159843612925","1.99159843612925","39","39","39","0.34972339289739757","0.34972339289739757","0.34972339289739757","39","39","39","0.3646959424647181","0.3646959424647181","0.3646959424647181","39","39","39","0.3000838002663172","0.3000838002663172","0.3000838002663172","39","39","39"
"2000","2.237821256680245","2.237821256680245","2.237821256680245","40","40","40","0.34214482765771714","0.34214482765771714","0.34214482765771714","40","40","40","0.36331627003476724","0.36331627003476724","0.36331627003476724","40","40","40","0.28709711055485837","0.28709711055485837","0.28709711055485837","40","40","40"
"2050","2.040628933309873","2.040628933309873","2.040628933309873","41","41","41","0.3485467413108802","0.3485467413108802","0.3485467413108802","41","41","41","0.3789234288246665","0.3789234288246665","0.3789234288246665","41","41","41","0.2937530793351692","0.2937530793351692","0.2937530793351692","41","41","41"
"2100","2.26971117189266","2.26971117189266","2.26971117189266","42","42","42","0.34757525806123846","0.34757525806123846","0.34757525806123846","42","42","42","0.3711139421313197","0.3711139421313197","0.3711139421313197","42","42","42","0.30054727265622033","0.30054727265622033","0.30054727265622033","42","42","42"
"2150","2.2888800786421695","2.2888800786421695","2.2888800786421695","43","43","43","0.33430734765472775","0.33430734765472775","0.33430734765472775","43","43","43","0.3588446884379826","0.3588446884379826","0.3588446884379826","43","43","43","0.2980358020764112","0.2980358020764112","0.2980358020764112","43","43","43"
"2200","2.035884819443602","2.035884819443602","2.035884819443602","44","44","44","0.3377389059695575","0.3377389059695575","0.3377389059695575","44","44","44","0.36280481335326464","0.36280481335326464","0.36280481335326464","44","44","44","0.29839209936553646","0.29839209936553646","0.29839209936553646","44","44","44"
"2250","2.6585904957003375","2.6585904957003375","2.6585904957003375","45","45","45","0.32781707393034837","0.32781707393034837","0.32781707393034837","45","45","45","0.3714293449245127","0.3714293449245127","0.3714293449245127","45","45","45","0.30232871800746125","0.30232871800746125","0.30232871800746125","45","45","45"
"2300","2.1415043502043885","2.1415043502043885","2.1415043502043885","46","46","46","0.33323423513768546","0.33323423513768546","0.33323423513768546","46","46","46","0.37395435640056396","0.37395435640056396","0.37395435640056396","46","46","46","0.2926783461898649","0.2926783461898649","0.2926783461898649","46","46","46"
"2350","2.354554123821377","2.354554123821377","2.354554123821377","47","47","47","0.3326947967187881","0.3326947967187881","0.3326947967187881","47","47","47","0.428317007902255","0.428317007902255","0.428317007902255","47","47","47","0.29119326823992076","0.29119326823992076","0.29119326823992076","47","47","47"
"2400","2.2181613877515787","2.2181613877515787","2.2181613877515787","48","48","48","0.3184025656372041","0.3184025656372041","0.3184025656372041","48","48","48","0.36895333495251637","0.36895333495251637","0.36895333495251637","48","48","48","0.28873555893798913","0.28873555893798913","0.28873555893798913","48","48","48"
"2450","2.436181537655408","2.436181537655408","2.436181537655408","49","49","49","0.3158024109158776","0.3158024109158776","0.3158024109158776","49","49","49","0.3508930038078735","0.3508930038078735","0.3508930038078735","49","49","49","0.2872922223285116","0.2872922223285116","0.2872922223285116","49","49","49"
"2455","2.4217281138805795","2.4217281138805795","2.4217281138805795","50","50","50","0.32017904543127496","0.32017904543127496","0.32017904543127496","50","50","50","0.3535534839247516","0.3535534839247516","0.3535534839247516","50","50","50","0.28627550111841527","0.28627550111841527","0.28627550111841527","50","50","50"
"2460","2.4153958255733916","2.4153958255733916","2.4153958255733916","51","51","51","0.322055069263443","0.322055069263443","0.322055069263443","51","51","51","0.3647448625742361","0.3647448625742361","0.3647448625742361","51","51","51","0.2852168007215932","0.2852168007215932","0.2852168007215932","51","51","51"
"2465","2.3503008571973503","2.3503008571973503","2.3503008571973503","52","52","52","0.32389486161221415","0.32389486161221415","0.32389486161221415","52","52","52","0.3716426450851374","0.3716426450851374","0.3716426450851374","52","52","52","0.2965926958705942","0.2965926958705942","0.2965926958705942","52","52","52"
"2470","2.3607484526330733","2.3607484526330733","2.3607484526330733","53","53","53","0.32624442796713626","0.32624442796713626","0.32624442796713626","53","53","53","0.3905272370058391","0.3905272370058391","0.3905272370058391","53","53","53","0.28979250894299885","0.28979250894299885","0.28979250894299885","53","53","53"
"2475","2.3534828900616303","2.3534828900616303","2.3534828900616303","54","54","54","0.32336593102685646","0.32336593102685646","0.32336593102685646","54","54","54","0.3691334076397578","0.3691334076397578","0.3691334076397578","54","54","54","0.2778313854833049","0.2778313854833049","0.2778313854833049","54","54","54"
"2480","2.3672214995279135","2.3672214995279135","2.3672214995279135","55","55","55","0.324022274776318","0.324022274776318","0.324022274776318","55","55","55","0.35078331424518494","0.35078331424518494","0.35078331424518494","55","55","55","0.28590247088179194","0.28590247088179194","0.28590247088179194","55","55","55"
"2485","2.437867096431525","2.437867096431525","2.437867096431525","56","56","56","0.34445607184185306","0.34445607184185306","0.34445607184185306","56","56","56","0.34301323835112774","0.34301323835112774","0.34301323835112774","56","56","56","0.2917947765338848","0.2917947765338848","0.2917947765338848","56","56","56"
"2490","2.4763074672909364","2.4763074672909364","2.4763074672909364","57","57","57","0.3333079195579321","0.3333079195579321","0.3333079195579321","57","57","57","0.34269008481219293","0.34269008481219293","0.34269008481219293","57","57","57","0.2855652583819317","0.2855652583819317","0.2855652583819317","57","57","57"
"2495","2.5636571165977853","2.5636571165977853","2.5636571165977853","58","58","58","0.3300454507530897","0.3300454507530897","0.3300454507530897","58","58","58","0.36156633868683585","0.36156633868683585","0.36156633868683585","58","58","58","0.2942767584224199","0.2942767584224199","0.2942767584224199","58","58","58"
"2500","6.626871695948455","6.626871695948455","6.626871695948455","59","59","59","1.6796622872767168","1.6796622872767168","1.6796622872767168","59","59","59","1.4682291608701799","1.4682291608701799","1.4682291608701799","59","59","59","1.2249462894146945","1.2249462894146945","1.2249462894146945","59","59","59"
"2505","19.707386636579105","19.707386636579105","19.707386636579105","60","60","60","5.407008333364767","5.407008333364767","5.407008333364767","60","60","60","2.682054634112328","2.682054634112328","2.682054634112328","60","60","60","4.660737098260183","4.660737098260183","4.660737098260183","60","60","60"
"2510","20.764616047012893","20.764616047012893","20.764616047012893","61","61","61","5.361397591277594","5.361397591277594","5.361397591277594","61","61","61","3.0723787532210363","3.0723787532210363","3.0723787532210363","61","61","61","3.882599045968387","3.882599045968387","3.882599045968387","61","61","61"
"2515","15.846158754333617","15.846158754333617","15.846158754333617","62","62","62","4.334590169640172","4.334590169640172","4.334590169640172","62","62","62","2.3133553782381147","2.3133553782381147","2.3133553782381147","62","62","62","3.0309351695929014","3.0309351695929014","3.0309351695929014","62","62","62"
"2520","12.215942337149626","12.215942337149626","12.215942337149626","63","63","63","3.558418176530652","3.558418176530652","3.558418176530652","63","63","63","2.009788978503167","2.009788978503167","2.009788978503167","63","63","63","2.4141544629467955","2.4141544629467955","2.4141544629467955","63","63","63"
"2525","9.74717358740974","9.74717358740974","9.74717358740974","64","64","64","2.9000222047023803","2.9000222047023803","2.9000222047023803","64","64","64","1.5104471245227955","1.5104471245227955","1.5104471245227955","64","64","64","1.9031320271148384","1.9031320271148384","1.9031320271148384","64","64","64"
"2530","8.141110500537891","8.141110500537891","8.141110500537891","65","65","65","2.4135478638076284","2.4135478638076284","2.4135478638076284","65","65","65","1.3718172566638842","1.3718172566638842","1.3718172566638842","65","65","65","1.4509552813581603","1.4509552813581603","1.4509552813581603","65","65","65"
"2535","6.793207519942624","6.793207519942624","6.793207519942624","66","66","66","2.0840844910972995","2.0840844910972995","2.0840844910972995","66","66","66","1.1529482319837923","1.1529482319837923","1.1529482319837923","66","66","66","1.0963694318863357","1.0963694318863357","1.0963694318863357","66","66","66"
"2540","5.450202749638589","5.450202749638589","5.450202749638589","67","67","67","1.7887634985135668","1.7887634985135668","1.7887634985135668","67","67","67","1.021053294477771","1.021053294477771","1.021053294477771","67","67","67","0.7958763070932979","0.7958763070932979","0.7958763070932979","67","67","67"
"2545","5.551965443120182","5.551965443120182","5.551965443120182","68","68","68","1.6825984659868338","1.6825984659868338","1.6825984659868338","68","68","68","0.8443558890156296","0.8443558890156296","0.8443558890156296","68","68","68","0.8074981175147088","0.8074981175147088","0.8074981175147088","68","68","68"
"2550","5.496425272290554","5.496425272290554","5.496425272290554","69","69","69","1.5319534507393882","1.5319534507393882","1.5319534507393882","69","69","69","0.8129688353313571","0.8129688353313571","0.8129688353313571","69","69","69","0.6678597072301158","0.6678597072301158","0.6678597072301158","69","69","69"
"2555","5.602690610562922","5.602690610562922","5.602690610562922","70","70","70","1.3871847621168554","1.3871847621168554","1.3871847621168554","70","70","70","0.799273305003979","0.799273305003979","0.799273305003979","70","70","70","0.58612082659937","0.58612082659937","0.58612082659937","70","70","70"
"2560","5.332486738678067","5.332486738678067","5.332486738678067","71","71","71","1.2782311643979278","1.2782311643979278","1.2782311643979278","71","71","71","0.7097203895933781","0.7097203895933781","0.7097203895933781","71","71","71","0.5123192627902045","0.5123192627902045","0.5123192627902045","71","71","71"
"2565","5.236682434591102","5.236682434591102","5.236682434591102","72","72","72","1.1716389895939268","1.1716389895939268","1.1716389895939268","72","72","72","0.6353444589319456","0.6353444589319456","0.6353444589319456","72","72","72","0.4386854782130934","0.4386854782130934","0.4386854782130934","72","72","72"
"2570","5.048058295679095","5.048058295679095","5.048058295679095","73","73","73","0.989699201872125","0.989699201872125","0.989699201872125","73","73","73","0.5965314911596369","0.5965314911596369","0.5965314911596369","73","73","73","0.38015189055102805","0.38015189055102805","0.38015189055102805","73","73","73"
"2575","4.998148679714653","4.998148679714653","4.998148679714653","74","74","74","0.9820133773424004","0.9820133773424004","0.9820133773424004","74","74","74","0.6054750594040592","0.6054750594040592","0.6054750594040592","74","74","74","0.5291173642882961","0.5291173642882961","0.5291173642882961","74","74","74"
"2580","6.720120455270738","6.720120455270738","6.720120455270738","75","75","75","0.8836299969136693","0.8836299969136693","0.8836299969136693","75","75","75","0.5728877995232979","0.5728877995232979","0.5728877995232979","75","75","75","0.5440907194781908","0.5440907194781908","0.5440907194781908","75","75","75"
"2585","7.089508607789527","7.089508607789527","7.089508607789527","76","76","76","0.7617507615157905","0.7617507615157905","0.7617507615157905","76","76","76","0.55720217747755","0.55720217747755","0.55720217747755","76","76","76","0.42896230482862574","0.42896230482862574","0.42896230482862574","76","76","76"
"2590","7.117605142528414","7.117605142528414","7.117605142528414","77","77","77","0.8051643657671935","0.8051643657671935","0.8051643657671935","77","77","77","0.5478763024574719","0.5478763024574719","0.5478763024574719","77","77","77","0.35312173608961617","0.35312173608961617","0.35312173608961617","77","77","77"
"2595","6.443252864346956","6.443252864346956","6.443252864346956","78","78","78","0.7447288098134355","0.7447288098134355","0.7447288098134355","78","78","78","0.5675437088121909","0.5675437088121909","0.5675437088121909","78","78","78","0.3341299411871741","0.3341299411871741","0.3341299411871741","78","78","78"
"2600","6.17021128235914","6.17021128235914","6.17021128235914","79","79","79","0.7535392456318095","0.7535392456318095","0.7535392456318095","79","79","79","0.5271679458546803","0.5271679458546803","0.5271679458546803","79","79","79","0.5804250097048756","0.5804250097048756","0.5804250097048756","79","79","79"
"2605","6.293626680134439","6.293626680134439","6.293626680134439","80","80","80","0.6537979838507219","0.6537979838507219","0.6537979838507219","80","80","80","0.5005993765787689","0.5005993765787689","0.5005993765787689","80","80","80","0.5793872929905942","0.5793872929905942","0.5793872929905942","80","80","80"
"2610","6.2156161279274755","6.2156161279274755","6.2156161279274755","81","81","81","0.6246528543251947","0.6246528543251947","0.6246528543251947","81","81","81","0.4920591681992767","0.4920591681992767","0.4920591681992767","81","81","81","0.47019983447325014","0.47019983447325014","0.47019983447325014","81","81","81"
"2615","6.402706836809676","6.402706836809676","6.402706836809676","82","82","82","0.5886995655059986","0.5886995655059986","0.5886995655059986","82","82","82","0.44566298189815856","0.44566298189815856","0.44566298189815856","82","82","82","0.37977308249730823","0.37977308249730823","0.37977308249730823","82","82","82"
"2620","5.951432130782506","5.951432130782506","5.951432130782506","83","83","83","0.5463664479965732","0.5463664479965732","0.5463664479965732","83","83","83","0.4288765496849867","0.4288765496849867","0.4288765496849867","83","83","83","0.3185216827109829","0.3185216827109829","0.3185216827109829","83","83","83"
"2625","5.611622919691342","5.611622919691342","5.611622919691342","84","84","84","0.5440818105262707","0.5440818105262707","0.5440818105262707","84","84","84","0.4269164350677395","0.4269164350677395","0.4269164350677395","84","84","84","0.3608633198893171","0.3608633198893171","0.3608633198893171","84","84","84"
"2630","5.482200264866592","5.482200264866592","5.482200264866592","85","85","85","0.5459357378334615","0.5459357378334615","0.5459357378334615","85","85","85","0.41952255408246153","0.41952255408246153","0.41952255408246153","85","85","85","0.49843113848608656","0.49843113848608656","0.49843113848608656","85","85","85"
"2635","5.441953657723944","5.441953657723944","5.441953657723944","86","86","86","0.5157899874274862","0.5157899874274862","0.5157899874274862","86","86","86","0.46627649175548813","0.46627649175548813","0.46627649175548813","86","86","86","0.4137837158677674","0.4137837158677674","0.4137837158677674","86","86","86"
"2640","6.325621906551577","6.325621906551577","6.325621906551577","87","87","87","0.481481778570259","0.481481778570259","0.481481778570259","87","87","87","0.5047297195624209","0.5047297195624209","0.5047297195624209","87","87","87","0.35233384027154147","0.35233384027154147","0.35233384027154147","87","87","87"
"2645","6.324509860255885","6.324509860255885","6.324509860255885","88","88","88","0.4786255323971896","0.4786255323971896","0.4786255323971896","88","88","88","0.4510311972926144","0.4510311972926144","0.4510311972926144","88","88","88","0.3004223538780444","0.3004223538780444","0.3004223538780444","88","88","88"
"2650","6.007561691296035","6.007561691296035","6.007561691296035","89","89","89","0.4507240947282215","0.4507240947282215","0.4507240947282215","89","89","89","0.4577894569858657","0.4577894569858657","0.4577894569858657","89","89","89","0.28080009302665154","0.28080009302665154","0.28080009302665154","89","89","89"
"2655","5.785289953104267","5.785289953104267","5.785289953104267","90","90","90","0.428259803156924","0.428259803156924","0.428259803156924","90","90","90","0.4433517326552371","0.4433517326552371","0.4433517326552371","90","90","90","0.31180474056931046","0.31180474056931046","0.31180474056931046","90","90","90"
"2660","5.722248806489037","5.722248806489037","5.722248806489037","91","91","91","0.4267893270066697","0.4267893270066697","0.4267893270066697","91","91","91","0.4325496587440328","0.4325496587440328","0.4325496587440328","91","91","91","0.306585639796911","0.306585639796911","0.306585639796911","91","91","91"
"2665","5.289252754468737","5.289252754468737","5.289252754468737","92","92","92","0.41770459332704846","0.41770459332704846","0.41770459332704846","92","92","92","0.42843430180653275","0.42843430180653275","0.42843430180653275","92","92","92","0.28965180996594103","0.28965180996594103","0.28965180996594103","92","92","92"
"2670","5.142555370676384","5.142555370676384","5.142555370676384","93","93","93","0.43806589093571824","0.43806589093571824","0.43806589093571824","93","93","93","0.43081490017900687","0.43081490017900687","0.43081490017900687","93","93","93","0.3401756802036358","0.3401756802036358","0.3401756802036358","93","93","93"
"2675","5.1467790095997525","5.1467790095997525","5.1467790095997525","94","94","94","0.43794202383360076","0.43794202383360076","0.43794202383360076","94","94","94","0.39566358808795","0.39566358808795","0.39566358808795","94","94","94","0.5937411189514682","0.5937411189514682","0.5937411189514682","94","94","94"
"2680","6.282674042285213","6.282674042285213","6.282674042285213","95","95","95","0.43391540156257874","0.43391540156257874","0.43391540156257874","95","95","95","0.39803534288857045","0.39803534288857045","0.39803534288857045","95","95","95","0.48862258813299764","0.48862258813299764","0.48862258813299764","95","95","95"
"2685","5.880040067819061","5.880040067819061","5.880040067819061","96","96","96","0.4253901970647303","0.4253901970647303","0.4253901970647303","96","96","96","0.40531794964343404","0.40531794964343404","0.40531794964343404","96","96","96","0.3941206237566887","0.3941206237566887","0.3941206237566887","96","96","96"
"2690","5.652373513034499","5.652373513034499","5.652373513034499","97","97","97","0.40310813143409296","0.40310813143409296","0.40310813143409296","97","97","97","0.3816301444369902","0.3816301444369902","0.3816301444369902","97","97","97","0.3363759912768468","0.3363759912768468","0.3363759912768468","97","97","97"
"2695","5.61123957750938","5.61123957750938","5.61123957750938","98","98","98","0.3851233894527392","0.3851233894527392","0.3851233894527392","98","98","98","0.3767716490920816","0.3767716490920816","0.3767716490920816","98","98","98","0.4368428992322453","0.4368428992322453","0.4368428992322453","98","98","98"
"2700","5.863073663614007","5.863073663614007","5.863073663614007","99","99","99","0.391130904344813","0.391130904344813","0.391130904344813","99","99","99","0.39637589051382816","0.39637589051382816","0.39637589051382816","99","99","99","0.4290385535382611","0.4290385535382611","0.4290385535382611","99","99","99"
"2705","6.4279602272236875","6.4279602272236875","6.4279602272236875","100","100","100","0.3903949768693952","0.3903949768693952","0.3903949768693952","100","100","100","0.3769775403281526","0.3769775403281526","0.3769775403281526","100","100","100","0.3517543179163731","0.3517543179163731","0.3517543179163731","100","100","100"
"2710","6.399768193320226","6.399768193320226","6.399768193320226","101","101","101","0.3936213331426254","0.3936213331426254","0.3936213331426254","101","101","101","0.37271398530736805","0.37271398530736805","0.37271398530736805","101","101","101","0.30372313474472423","0.30372313474472423","0.30372313474472423","101","101","101"
"2715","6.09194017097453","6.09194017097453","6.09194017097453","102","102","102","0.37707909591374045","0.37707909591374045","0.37707909591374045","102","102","102","0.4070725652193894","0.4070725652193894","0.4070725652193894","102","102","102","0.2893756246292031","0.2893756246292031","0.2893756246292031","102","102","102"
"2720","5.916271672230214","5.916271672230214","5.916271672230214","103","103","103","0.36731753039846615","0.36731753039846615","0.36731753039846615","103","103","103","0.39747311770563776","0.39747311770563776","0.39747311770563776","103","103","103","0.3412733246328963","0.3412733246328963","0.3412733246328963","103","103","103"
"2725","5.611939358802908","5.611939358802908","5.611939358802908","104","104","104","0.3650004095406368","0.3650004095406368","0.3650004095406368","104","104","104","0.39013370342174825","0.39013370342174825","0.39013370342174825","104","104","104","0.31150248351108245","0.31150248351108245","0.31150248351108245","104","104","104"
"2730","6.321590613288887","6.321590613288887","6.321590613288887","105","105","105","0.36494737532257343","0.36494737532257343","0.36494737532257343","105","105","105","0.401377323701774","0.401377323701774","0.401377323701774","105","105","105","0.2876126485277891","0.2876126485277891","0.2876126485277891","105","105","105"
"2735","6.464634136319424","6.464634136319424","6.464634136319424","106","106","106","0.37491708368602383","0.37491708368602383","0.37491708368602383","106","106","106","0.3862447577153763","0.3862447577153763","0.3862447577153763","106","106","106","0.28016633876186053","0.28016633876186053","0.28016633876186053","106","106","106"
"2740","6.289270026186881","6.289270026186881","6.289270026186881","107","107","107","0.35825382648360665","0.35825382648360665","0.35825382648360665","107","107","107","0.40498577338020664","0.40498577338020664","0.40498577338020664","107","107","107","0.4279373631249447","0.4279373631249447","0.4279373631249447","107","107","107"
"2745","6.585272139010422","6.585272139010422","6.585272139010422","108","108","108","0.3549698169207185","0.3549698169207185","0.3549698169207185","108","108","108","0.4072270992295321","0.4072270992295321","0.4072270992295321","108","108","108","0.5749563066218171","0.5749563066218171","0.5749563066218171","108","108","108"
"2750","6.796389332077674","6.796389332077674","6.796389332077674","109","109","109","0.34485514226997355","0.34485514226997355","0.34485514226997355","109","109","109","0.42772861331465656","0.42772861331465656","0.42772861331465656","109","109","109","0.4692301228164566","0.4692301228164566","0.4692301228164566","109","109","109"
"2755","6.57319914129602","6.57319914129602","6.57319914129602","110","110","110","0.35652767727863116","0.35652767727863116","0.35652767727863116","110","110","110","0.4057374742690211","0.4057374742690211","0.4057374742690211","110","110","110","0.37520296588228985","0.37520296588228985","0.37520296588228985","110","110","110"
"2760","6.287943525076007","6.287943525076007","6.287943525076007","111","111","111","0.35782796128002625","0.35782796128002625","0.35782796128002625","111","111","111","0.3996522876782733","0.3996522876782733","0.3996522876782733","111","111","111","0.30842544717198045","0.30842544717198045","0.30842544717198045","111","111","111"
"2765","6.039097945061433","6.039097945061433","6.039097945061433","112","112","112","0.3627647389210511","0.3627647389210511","0.3627647389210511","112","112","112","0.4064830602333473","0.4064830602333473","0.4064830602333473","112","112","112","0.29670138984558664","0.29670138984558664","0.29670138984558664","112","112","112"
"2770","5.766819650728976","5.766819650728976","5.766819650728976","113","113","113","0.37528279907040835","0.37528279907040835","0.37528279907040835","113","113","113","0.40468193857232854","0.40468193857232854","0.40468193857232854","113","113","113","0.28211396861844024","0.28211396861844024","0.28211396861844024","113","113","113"
"2775","6.282924590285363","6.282924590285363","6.282924590285363","114","114","114","0.3759569732992143","0.3759569732992143","0.3759569732992143","114","114","114","0.3810668581177688","0.3810668581177688","0.3810668581177688","114","114","114","0.2789526612070305","0.2789526612070305","0.2789526612070305","114","114","114"
"2780","7.362421978822945","7.362421978822945","7.362421978822945","115","115","115","0.35763961217619283","0.35763961217619283","0.35763961217619283","115","115","115","0.46623530835352633","0.46623530835352633","0.46623530835352633","115","115","115","0.2766956663482526","0.2766956663482526","0.2766956663482526","115","115","115"
"2785","6.79630188335002","6.79630188335002","6.79630188335002","116","116","116","1.609618393326816","1.609618393326816","1.609618393326816","116","116","116","0.4560052237362432","0.4560052237362432","0.4560052237362432","116","116","116","0.2717460307300354","0.2717460307300354","0.2717460307300354","116","116","116"
"2790","6.383075033465772","6.383075033465772","6.383075033465772","117","117","117","1.102817623995995","1.102817623995995","1.102817623995995","117","117","117","0.4276144736832245","0.4276144736832245","0.4276144736832245","117","117","117","0.27641314826560404","0.27641314826560404","0.27641314826560404","117","117","117"
"2795","5.929486350376332","5.929486350376332","5.929486350376332","118","118","118","0.8058495279021268","0.8058495279021268","0.8058495279021268","118","118","118","0.41435311501590755","0.41435311501590755","0.41435311501590755","118","118","118","0.5227177317538397","0.5227177317538397","0.5227177317538397","118","118","118"
"2800","6.200428546290282","6.200428546290282","6.200428546290282","119","119","119","0.6287144153503604","0.6287144153503604","0.6287144153503604","119","119","119","0.40963388545729085","0.40963388545729085","0.40963388545729085","119","119","119","0.5041298866424144","0.5041298866424144","0.5041298866424144","119","119","119"
"2805","6.763213126993583","6.763213126993583","6.763213126993583","120","120","120","0.5227115946650742","0.5227115946650742","0.5227115946650742","120","120","120","0.42708991206563834","0.42708991206563834","0.42708991206563834","120","120","120","0.4085545401460382","0.4085545401460382","0.4085545401460382","120","120","120"
"2810","7.162273611303325","7.162273611303325","7.162273611303325","121","121","121","0.45439328668014056","0.45439328668014056","0.45439328668014056","121","121","121","0.40975446736051335","0.40975446736051335","0.40975446736051335","121","121","121","0.3346691584646447","0.3346691584646447","0.3346691584646447","121","121","121"
"2815","6.55952861100208","6.55952861100208","6.55952861100208","122","122","122","0.4234673806938741","0.4234673806938741","0.4234673806938741","122","122","122","0.4048928574252441","0.4048928574252441","0.4048928574252441","122","122","122","0.28503263129360656","0.28503263129360656","0.28503263129360656","122","122","122"
"2820","6.313204488245627","6.313204488245627","6.313204488245627","123","123","123","0.4129633501827681","0.4129633501827681","0.4129633501827681","123","123","123","0.39057976687957","0.39057976687957","0.39057976687957","123","123","123","0.2588170493219802","0.2588170493219802","0.2588170493219802","123","123","123"
"2825","6.512716458256685","6.512716458256685","6.512716458256685","124","124","124","0.38968437371216735","0.38968437371216735","0.38968437371216735","124","124","124","0.38673851215631827","0.38673851215631827","0.38673851215631827","124","124","124","0.23924819968149086","0.23924819968149086","0.23924819968149086","124","124","124"
"2830","7.017475132947146","7.017475132947146","7.017475132947146","125","125","125","0.38794583218461376","0.38794583218461376","0.38794583218461376","125","125","125","0.3835367455909191","0.3835367455909191","0.3835367455909191","125","125","125","0.24408778123548175","0.24408778123548175","0.24408778123548175","125","125","125"
"2835","6.578031359992517","6.578031359992517","6.578031359992517","126","126","126","0.39431657806659953","0.39431657806659953","0.39431657806659953","126","126","126","0.3993666480899747","0.3993666480899747","0.3993666480899747","126","126","126","0.397206647325853","0.397206647325853","0.397206647325853","126","126","126"
"2840","6.005695907221326","6.005695907221326","6.005695907221326","127","127","127","0.38454338292233686","0.38454338292233686","0.38454338292233686","127","127","127","0.38983642865316875","0.38983642865316875","0.38983642865316875","127","127","127","0.4316721251623035","0.4316721251623035","0.4316721251623035","127","127","127"
"2845","5.690325350565995","5.690325350565995","5.690325350565995","128","128","128","0.37456803072142786","0.37456803072142786","0.37456803072142786","128","128","128","0.3838874470697202","0.3838874470697202","0.3838874470697202","128","128","128","0.3589218902113196","0.3589218902113196","0.3589218902113196","128","128","128"
"2850","6.085350105128816","6.085350105128816","6.085350105128816","129","129","129","0.37840734454513864","0.37840734454513864","0.37840734454513864","129","129","129","0.3933367725612511","0.3933367725612511","0.3933367725612511","129","129","129","0.29568028932639545","0.29568028932639545","0.29568028932639545","129","129","129"
"2855","6.894723087065866","6.894723087065866","6.894723087065866","130","130","130","0.38464239299703135","0.38464239299703135","0.38464239299703135","130","130","130","0.37632353117607964","0.37632353117607964","0.37632353117607964","130","130","130","0.265652273643632","0.265652273643632","0.265652273643632","130","130","130"
"2860","6.4281288576553255","6.4281288576553255","6.4281288576553255","131","131","131","0.38813540147603165","0.38813540147603165","0.38813540147603165","131","131","131","0.40532283796743057","0.40532283796743057","0.40532283796743057","131","131","131","0.30440175896675803","0.30440175896675803","0.30440175896675803","131","131","131"
"2865","5.966467969696521","5.966467969696521","5.966467969696521","132","132","132","0.385749244501125","0.385749244501125","0.385749244501125","132","132","132","0.42802827445254077","0.42802827445254077","0.42802827445254077","132","132","132","0.27912135302450436","0.27912135302450436","0.27912135302450436","132","132","132"
"2870","5.67721024535684","5.67721024535684","5.67721024535684","133","133","133","0.39261978560629124","0.39261978560629124","0.39261978560629124","133","133","133","0.4140121295000143","0.4140121295000143","0.4140121295000143","133","133","133","0.24882908564858006","0.24882908564858006","0.24882908564858006","133","133","133"
"2875","6.263191789822425","6.263191789822425","6.263191789822425","134","134","134","0.3912899493500212","0.3912899493500212","0.3912899493500212","134","134","134","0.3851827024221419","0.3851827024221419","0.3851827024221419","134","134","134","0.22789724633890296","0.22789724633890296","0.22789724633890296","134","134","134"
"2880","6.18569369457914","6.18569369457914","6.18569369457914","135","135","135","0.390969558450599","0.390969558450599","0.390969558450599","135","135","135","0.3717150470781338","0.3717150470781338","0.3717150470781338","135","135","135","0.21646930971348294","0.21646930971348294","0.21646930971348294","135","135","135"
"2885","6.375072398375099","6.375072398375099","6.375072398375099","136","136","136","0.3847717390628548","0.3847717390628548","0.3847717390628548","136","136","136","0.3749452126044928","0.3749452126044928","0.3749452126044928","136","136","136","0.24393869023803555","0.24393869023803555","0.24393869023803555","136","136","136"
"2890","6.933359550285914","6.933359550285914","6.933359550285914","137","137","137","0.38017292309433626","0.38017292309433626","0.38017292309433626","137","137","137","0.38689490499945883","0.38689490499945883","0.38689490499945883","137","137","137","0.27188997399252857","0.27188997399252857","0.27188997399252857","137","137","137"
"2895","6.686021028580683","6.686021028580683","6.686021028580683","138","138","138","0.4197577691265084","0.4197577691265084","0.4197577691265084","138","138","138","0.3817499858648669","0.3817499858648669","0.3817499858648669","138","138","138","0.544754876024001","0.544754876024001","0.544754876024001","138","138","138"
"2900","6.336624840940984","6.336624840940984","6.336624840940984","139","139","139","0.42199243145689713","0.42199243145689713","0.42199243145689713","139","139","139","0.3670649852522189","0.3670649852522189","0.3670649852522189","139","139","139","0.4877803436256937","0.4877803436256937","0.4877803436256937","139","139","139"
"2905","5.827229734457865","5.827229734457865","5.827229734457865","140","140","140","0.4128029162091666","0.4128029162091666","0.4128029162091666","140","140","140","0.39839957315285285","0.39839957315285285","0.39839957315285285","140","140","140","0.3857125845934625","0.3857125845934625","0.3857125845934625","140","140","140"
"2910","5.551650329292778","5.551650329292778","5.551650329292778","141","141","141","0.3933131568768245","0.3933131568768245","0.3933131568768245","141","141","141","0.41130771689442475","0.41130771689442475","0.41130771689442475","141","141","141","0.30698699566445437","0.30698699566445437","0.30698699566445437","141","141","141"
"2915","6.268478003846269","6.268478003846269","6.268478003846269","142","142","142","0.38757968365576123","0.38757968365576123","0.38757968365576123","142","142","142","0.3845801969411991","0.3845801969411991","0.3845801969411991","142","142","142","0.2539856270506385","0.2539856270506385","0.2539856270506385","142","142","142"
"2920","6.73887620912344","6.73887620912344","6.73887620912344","143","143","143","0.3908909889100693","0.3908909889100693","0.3908909889100693","143","143","143","0.37491665788712153","0.37491665788712153","0.37491665788712153","143","143","143","0.24371789423202672","0.24371789423202672","0.24371789423202672","143","143","143"
"2925","7.302261583373495","7.302261583373495","7.302261583373495","144","144","144","0.3857856074587041","0.3857856074587041","0.3857856074587041","144","144","144","0.369501735885541","0.369501735885541","0.369501735885541","144","144","144","0.3696110977593848","0.3696110977593848","0.3696110977593848","144","144","144"
"2930","7.436589184128378","7.436589184128378","7.436589184128378","145","145","145","0.3822550261887091","0.3822550261887091","0.3822550261887091","145","145","145","0.3588635992244511","0.3588635992244511","0.3588635992244511","145","145","145","0.35237306334358737","0.35237306334358737","0.35237306334358737","145","145","145"
"2935","7.018734183058127","7.018734183058127","7.018734183058127","146","146","146","0.3745367166237208","0.3745367166237208","0.3745367166237208","146","146","146","0.3384125674543706","0.3384125674543706","0.3384125674543706","146","146","146","0.29061682911461256","0.29061682911461256","0.29061682911461256","146","146","146"
"2940","6.342704571774953","6.342704571774953","6.342704571774953","147","147","147","0.36872489251150614","0.36872489251150614","0.36872489251150614","147","147","147","0.3514958603279708","0.3514958603279708","0.3514958603279708","147","147","147","0.24402499029524025","0.24402499029524025","0.24402499029524025","147","147","147"
"2945","6.4306351611072525","6.4306351611072525","6.4306351611072525","148","148","148","0.48025845110651433","0.48025845110651433","0.48025845110651433","148","148","148","0.33762093460976084","0.33762093460976084","0.33762093460976084","148","148","148","0.2209412915045889","0.2209412915045889","0.2209412915045889","148","148","148"
"2950","6.428360912951839","6.428360912951839","6.428360912951839","149","149","149","0.4362494441032757","0.4362494441032757","0.4362494441032757","149","149","149","0.3327728718865381","0.3327728718865381","0.3327728718865381","149","149","149","0.2031543381138858","0.2031543381138858","0.2031543381138858","149","149","149"
"2955","6.359375546842235","6.359375546842235","6.359375546842235","150","150","150","0.41346415669260084","0.41346415669260084","0.41346415669260084","150","150","150","0.3267760471942689","0.3267760471942689","0.3267760471942689","150","150","150","0.20042630812789788","0.20042630812789788","0.20042630812789788","150","150","150"
"2960","6.3464725323870645","6.3464725323870645","6.3464725323870645","151","151","151","0.4061064682943084","0.4061064682943084","0.4061064682943084","151","151","151","0.3633015389838249","0.3633015389838249","0.3633015389838249","151","151","151","0.25613389855732166","0.25613389855732166","0.25613389855732166","151","151","151"
"2965","6.301454946812835","6.301454946812835","6.301454946812835","152","152","152","0.3950558949322201","0.3950558949322201","0.3950558949322201","152","152","152","0.36031571702207305","0.36031571702207305","0.36031571702207305","152","152","152","0.24489724765085463","0.24489724765085463","0.24489724765085463","152","152","152"
"2970","6.0728333469194125","6.0728333469194125","6.0728333469194125","153","153","153","0.37355759073865696","0.37355759073865696","0.37355759073865696","153","153","153","0.3520233981640928","0.3520233981640928","0.3520233981640928","153","153","153","0.2352257631467578","0.2352257631467578","0.2352257631467578","153","153","153"
"2975","5.859410125516532","5.859410125516532","5.859410125516532","154","154","154","0.3689016861417804","0.3689016861417804","0.3689016861417804","154","154","154","0.33886443554338275","0.33886443554338275","0.33886443554338275","154","154","154","0.22393230502725758","0.22393230502725758","0.22393230502725758","154","154","154"
"2980","5.76911893120671","5.76911893120671","5.76911893120671","155","155","155","0.3657692002186261","0.3657692002186261","0.3657692002186261","155","155","155","0.3351606859285216","0.3351606859285216","0.3351606859285216","155","155","155","0.210335487220902","0.210335487220902","0.210335487220902","155","155","155"
"2985","5.740393976269717","5.740393976269717","5.740393976269717","156","156","156","0.34478961550338605","0.34478961550338605","0.34478961550338605","156","156","156","0.3306429754097648","0.3306429754097648","0.3306429754097648","156","156","156","0.2106726199929866","0.2106726199929866","0.2106726199929866","156","156","156"
"2990","6.104620929288365","6.104620929288365","6.104620929288365","157","157","157","0.3539692082797987","0.3539692082797987","0.3539692082797987","157","157","157","0.33129869962445246","0.33129869962445246","0.33129869962445246","157","157","157","0.48223210893248414","0.48223210893248414","0.48223210893248414","157","157","157"
"2995","6.042875732218753","6.042875732218753","6.042875732218753","158","158","158","0.34766928696260424","0.34766928696260424","0.34766928696260424","158","158","158","0.3267087849943977","0.3267087849943977","0.3267087849943977","158","158","158","0.5706159425261523","0.5706159425261523","0.5706159425261523","158","158","158"
"3000","7.1395114559760975","7.1395114559760975","7.1395114559760975","159","159","159","0.6528729054089135","0.6528729054089135","0.6528729054089135","159","159","159","0.6523153433873403","0.6523153433873403","0.6523153433873403","159","159","159","0.8455692788792284","0.8455692788792284","0.8455692788792284","159","159","159"
"3005","6.8475096984490635","6.8475096984490635","6.8475096984490635","160","160","160","1.72019485516486","1.72019485516486","1.72019485516486","160","160","160","1.2790253758661043","1.2790253758661043","1.2790253758661043","160","160","160","2.5866227213429474","2.5866227213429474","2.5866227213429474","160","160","160"
"3010","5.513469447929793","5.513469447929793","5.513469447929793","161","161","161","1.8182070216106756","1.8182070216106756","1.8182070216106756","161","161","161","1.2665913190125475","1.2665913190125475","1.2665913190125475","161","161","161","2.145064101757673","2.145064101757673","2.145064101757673","161","161","161"
"3015","4.296665426651146","4.296665426651146","4.296665426651146","162","162","162","1.7510196294028995","1.7510196294028995","1.7510196294028995","162","162","162","1.099082831828656","1.099082831828656","1.099082831828656","162","162","162","1.5751557267688012","1.5751557267688012","1.5751557267688012","162","162","162"
"3020","3.492083464282774","3.492083464282774","3.492083464282774","163","163","163","1.5649198173712524","1.5649198173712524","1.5649198173712524","163","163","163","0.9101122534548542","0.9101122534548542","0.9101122534548542","163","163","163","1.1110256633641202","1.1110256633641202","1.1110256633641202","163","163","163"
"3025","3.123277227622073","3.123277227622073","3.123277227622073","164","164","164","5.5412302055099625","5.5412302055099625","5.5412302055099625","164","164","164","0.7454746696795427","0.7454746696795427","0.7454746696795427","164","164","164","0.8155411030504938","0.8155411030504938","0.8155411030504938","164","164","164"
"3030","2.8972969789595693","2.8972969789595693","2.8972969789595693","165","165","165","3.698220624982984","3.698220624982984","3.698220624982984","165","165","165","0.6470408010071691","0.6470408010071691","0.6470408010071691","165","165","165","0.621447386657907","0.621447386657907","0.621447386657907","165","165","165"
"3035","2.765716088355394","2.765716088355394","2.765716088355394","166","166","166","2.565460997118048","2.565460997118048","2.565460997118048","166","166","166","0.5646315099450908","0.5646315099450908","0.5646315099450908","166","166","166","0.5080092321464474","0.5080092321464474","0.5080092321464474","166","166","166"
"3040","2.579649952315116","2.579649952315116","2.579649952315116","167","167","167","1.851586645578379","1.851586645578379","1.851586645578379","167","167","167","0.5469692579679943","0.5469692579679943","0.5469692579679943","167","167","167","0.4264424324556938","0.4264424324556938","0.4264424324556938","167","167","167"
"3045","2.2913511111394813","2.2913511111394813","2.2913511111394813","168","168","168","1.4175458764881697","1.4175458764881697","1.4175458764881697","168","168","168","0.5148975326913388","0.5148975326913388","0.5148975326913388","168","168","168","0.37063039025297373","0.37063039025297373","0.37063039025297373","168","168","168"
"3050","2.056621263689903","2.056621263689903","2.056621263689903","169","169","169","1.1339265142214046","1.1339265142214046","1.1339265142214046","169","169","169","0.4903636375859482","0.4903636375859482","0.4903636375859482","169","169","169","0.3514234681725062","0.3514234681725062","0.3514234681725062","169","169","169"
"3055","2.1280163521691415","2.1280163521691415","2.1280163521691415","170","170","170","0.9500587288163654","0.9500587288163654","0.9500587288163654","170","170","170","0.4773229250686378","0.4773229250686378","0.4773229250686378","170","170","170","0.3484558709089002","0.3484558709089002","0.3484558709089002","170","170","170"
"3060","2.1657742221511325","2.1657742221511325","2.1657742221511325","171","171","171","0.8293750337451778","0.8293750337451778","0.8293750337451778","171","171","171","0.47804430128815095","0.47804430128815095","0.47804430128815095","171","171","171","0.334295051236105","0.334295051236105","0.334295051236105","171","171","171"
"3065","2.3190469790423585","2.3190469790423585","2.3190469790423585","172","172","172","0.7478753704429147","0.7478753704429147","0.7478753704429147","172","172","172","0.4743429792809824","0.4743429792809824","0.4743429792809824","172","172","172","0.3432721325753131","0.3432721325753131","0.3432721325753131","172","172","172"
"3070","2.238485790855242","2.238485790855242","2.238485790855242","173","173","173","0.6832277435523071","0.6832277435523071","0.6832277435523071","173","173","173","0.45925695361125835","0.45925695361125835","0.45925695361125835","173","173","173","0.3401908387475241","0.3401908387475241","0.3401908387475241","173","173","173"
"3075","2.231885540098026","2.231885540098026","2.231885540098026","174","174","174","0.6342758588740337","0.6342758588740337","0.6342758588740337","174","174","174","0.46246889744487246","0.46246889744487246","0.46246889744487246","174","174","174","0.3313582826509333","0.3313582826509333","0.3313582826509333","174","174","174"
"3080","2.1947368381193018","2.1947368381193018","2.1947368381193018","175","175","175","0.5954403605164906","0.5954403605164906","0.5954403605164906","175","175","175","0.4542332458757485","0.4542332458757485","0.4542332458757485","175","175","175","0.33310970611220103","0.33310970611220103","0.33310970611220103","175","175","175"
"3085","2.2249010091916364","2.2249010091916364","2.2249010091916364","176","176","176","0.5668502658732598","0.5668502658732598","0.5668502658732598","176","176","176","0.4367581252441498","0.4367581252441498","0.4367581252441498","176","176","176","0.33023540203981405","0.33023540203981405","0.33023540203981405","176","176","176"
"3090","2.1499959666618227","2.1499959666618227","2.1499959666618227","177","177","177","0.5550708248375261","0.5550708248375261","0.5550708248375261","177","177","177","0.43857360068382917","0.43857360068382917","0.43857360068382917","177","177","177","0.33005235605694766","0.33005235605694766","0.33005235605694766","177","177","177"
"3095","2.2306474733369925","2.2306474733369925","2.2306474733369925","178","178","178","0.5370010824741718","0.5370010824741718","0.5370010824741718","178","178","178","0.445587140589743","0.445587140589743","0.445587140589743","178","178","178","0.34808054510204667","0.34808054510204667","0.34808054510204667","178","178","178"
"3100","2.201739891676444","2.201739891676444","2.201739891676444","179","179","179","0.5316399986539895","0.5316399986539895","0.5316399986539895","179","179","179","0.4559840255986531","0.4559840255986531","0.4559840255986531","179","179","179","0.3428865320113004","0.3428865320113004","0.3428865320113004","179","179","179"
"3105","2.2765051841157984","2.2765051841157984","2.2765051841157984","180","180","180","0.5228801129062742","0.5228801129062742","0.5228801129062742","180","180","180","0.4552957993594294","0.4552957993594294","0.4552957993594294","180","180","180","0.3215779793028633","0.3215779793028633","0.3215779793028633","180","180","180"
"3110","2.140757385005685","2.140757385005685","2.140757385005685","181","181","181","0.5066894871573833","0.5066894871573833","0.5066894871573833","181","181","181","0.4463662056604149","0.4463662056604149","0.4463662056604149","181","181","181","0.3151435873819072","0.3151435873819072","0.3151435873819072","181","181","181"
"3115","2.1517265078388674","2.1517265078388674","2.1517265078388674","182","182","182","0.5073466216526792","0.5073466216526792","0.5073466216526792","182","182","182","0.4575367120194869","0.4575367120194869","0.4575367120194869","182","182","182","0.31802423913957856","0.31802423913957856","0.31802423913957856","182","182","182"
"3120","2.115177700928877","2.115177700928877","2.115177700928877","183","183","183","0.5075780642997967","0.5075780642997967","0.5075780642997967","183","183","183","0.4445493129774282","0.4445493129774282","0.4445493129774282","183","183","183","0.3248890721907331","0.3248890721907331","0.3248890721907331","183","183","183"
"3125","2.1363111383905053","2.1363111383905053","2.1363111383905053","184","184","184","0.48509115495879324","0.48509115495879324","0.48509115495879324","184","184","184","0.43013766008373405","0.43013766008373405","0.43013766008373405","184","184","184","0.32780883117866333","0.32780883117866333","0.32780883117866333","184","184","184"
"3130","2.267120863063459","2.267120863063459","2.267120863063459","185","185","185","0.47502577047931605","0.47502577047931605","0.47502577047931605","185","185","185","0.4286208749719374","0.4286208749719374","0.4286208749719374","185","185","185","0.32234579415585307","0.32234579415585307","0.32234579415585307","185","185","185"
"3135","2.3917527094090407","2.3917527094090407","2.3917527094090407","186","186","186","0.4701246715151457","0.4701246715151457","0.4701246715151457","186","186","186","0.4309584327804162","0.4309584327804162","0.4309584327804162","186","186","186","0.3230756186820029","0.3230756186820029","0.3230756186820029","186","186","186"
"3140","2.33037576252192","2.33037576252192","2.33037576252192","187","187","187","0.4646519413276113","0.4646519413276113","0.4646519413276113","187","187","187","0.4301261394047189","0.4301261394047189","0.4301261394047189","187","187","187","0.3143356459499856","0.3143356459499856","0.3143356459499856","187","187","187"
"3145","2.2328359236607698","2.2328359236607698","2.2328359236607698","188","188","188","0.4515037096063055","0.4515037096063055","0.4515037096063055","188","188","188","0.406170447863972","0.406170447863972","0.406170447863972","188","188","188","0.30972350445624897","0.30972350445624897","0.30972350445624897","188","188","188"
"3150","2.1312358222149403","2.1312358222149403","2.1312358222149403","189","189","189","0.43840485720926053","0.43840485720926053","0.43840485720926053","189","189","189","0.425658723587215","0.425658723587215","0.425658723587215","189","189","189","0.3197558198275686","0.3197558198275686","0.3197558198275686","189","189","189"
"3155","2.119887140880285","2.119887140880285","2.119887140880285","190","190","190","0.4387508135174776","0.4387508135174776","0.4387508135174776","190","190","190","0.43855078165028133","0.43855078165028133","0.43855078165028133","190","190","190","0.3182441246852974","0.3182441246852974","0.3182441246852974","190","190","190"
"3160","2.142198307439409","2.142198307439409","2.142198307439409","191","191","191","0.44674194382352084","0.44674194382352084","0.44674194382352084","191","191","191","0.42212441528860684","0.42212441528860684","0.42212441528860684","191","191","191","0.3183888131347907","0.3183888131347907","0.3183888131347907","191","191","191"
"3165","2.1874594943667627","2.1874594943667627","2.1874594943667627","192","192","192","0.4342981090135807","0.4342981090135807","0.4342981090135807","192","192","192","0.41399886246131856","0.41399886246131856","0.41399886246131856","192","192","192","0.3031593600314394","0.3031593600314394","0.3031593600314394","192","192","192"
"3170","2.171684766864336","2.171684766864336","2.171684766864336","193","193","193","0.42269605127538057","0.42269605127538057","0.42269605127538057","193","193","193","0.409230306492404","0.409230306492404","0.409230306492404","193","193","193","0.2959897586254491","0.2959897586254491","0.2959897586254491","193","193","193"
"3175","2.2336129838648","2.2336129838648","2.2336129838648","194","194","194","0.42187745462318016","0.42187745462318016","0.42187745462318016","194","194","194","0.4041640701484259","0.4041640701484259","0.4041640701484259","194","194","194","0.3029017220647171","0.3029017220647171","0.3029017220647171","194","194","194"
"3180","2.3441382786217906","2.3441382786217906","2.3441382786217906","195","195","195","0.8265260919635056","0.8265260919635056","0.8265260919635056","195","195","195","0.42558803435692194","0.42558803435692194","0.42558803435692194","195","195","195","0.3048742682430307","0.3048742682430307","0.3048742682430307","195","195","195"
"3185","2.349615332137069","2.349615332137069","2.349615332137069","196","196","196","0.6318093986148531","0.6318093986148531","0.6318093986148531","196","196","196","0.4170324679165842","0.4170324679165842","0.4170324679165842","196","196","196","0.3147415001843974","0.3147415001843974","0.3147415001843974","196","196","196"
"3190","2.4751152701852392","2.4751152701852392","2.4751152701852392","197","197","197","0.5344203867536284","0.5344203867536284","0.5344203867536284","197","197","197","0.415430793426094","0.415430793426094","0.415430793426094","197","197","197","0.33681445370746144","0.33681445370746144","0.33681445370746144","197","197","197"
"3195","2.9179039273590446","2.9179039273590446","2.9179039273590446","198","198","198","0.4703953102562938","0.4703953102562938","0.4703953102562938","198","198","198","0.40822463860682273","0.40822463860682273","0.40822463860682273","198","198","198","0.32449454516816123","0.32449454516816123","0.32449454516816123","198","198","198"
"3200","2.928891501149464","2.928891501149464","2.928891501149464","199","199","199","0.44578840332770764","0.44578840332770764","0.44578840332770764","199","199","199","0.4115969962965076","0.4115969962965076","0.4115969962965076","199","199","199","0.31053647083553804","0.31053647083553804","0.31053647083553804","199","199","199"
"3250","2.255070643430606","2.255070643430606","2.255070643430606","200","200","200","0.3863701283687998","0.3863701283687998","0.3863701283687998","200","200","200","0.3866917110042665","0.3866917110042665","0.3866917110042665","200","200","200","0.30949375187420824","0.30949375187420824","0.30949375187420824","200","200","200"
"3300","2.4585623327003994","2.4585623327003994","2.4585623327003994","201","201","201","0.3527216126230632","0.3527216126230632","0.3527216126230632","201","201","201","0.3790630477784259","0.3790630477784259","0.3790630477784259","201","201","201","0.29795604071058035","0.29795604071058035","0.29795604071058035","201","201","201"
"3350","2.3427564942495107","2.3427564942495107","2.3427564942495107","202","202","202","0.3113308351169802","0.3113308351169802","0.3113308351169802","202","202","202","0.39362739390104035","0.39362739390104035","0.39362739390104035","202","202","202","0.2968046409569885","0.2968046409569885","0.2968046409569885","202","202","202"
"3400","2.528847408510108","2.528847408510108","2.528847408510108","203","203","203","0.3193532530243502","0.3193532530243502","0.3193532530243502","203","203","203","0.37404170231635875","0.37404170231635875","0.37404170231635875","203","203","203","0.292628193831733","0.292628193831733","0.292628193831733","203","203","203"
"3450","2.5402770378818706","2.5402770378818706","2.5402770378818706","204","204","204","0.31045270778649564","0.31045270778649564","0.31045270778649564","204","204","204","0.37241622835789023","0.37241622835789023","0.37241622835789023","204","204","204","0.2855546791461207","0.2855546791461207","0.2855546791461207","204","204","204"
"3500","2.3290210968952008","2.3290210968952008","2.3290210968952008","205","205","205","0.29175062778451705","0.29175062778451705","0.29175062778451705","205","205","205","0.36340579235298853","0.36340579235298853","0.36340579235298853","205","205","205","0.2754843290420183","0.2754843290420183","0.2754843290420183","205","205","205"
"3550","2.4323744491500747","2.4323744491500747","2.4323744491500747","206","206","206","0.2978467405006909","0.2978467405006909","0.2978467405006909","206","206","206","0.36539768851448606","0.36539768851448606","0.36539768851448606","206","206","206","0.2781317417325023","0.2781317417325023","0.2781317417325023","206","206","206"
"3600","2.3676452138386845","2.3676452138386845","2.3676452138386845","207","207","207","0.3324349546805476","0.3324349546805476","0.3324349546805476","207","207","207","0.37431323190421273","0.37431323190421273","0.37431323190421273","207","207","207","0.2776353395756758","0.2776353395756758","0.2776353395756758","207","207","207"
"3650","2.4909382347889215","2.4909382347889215","2.4909382347889215","208","208","208","0.30245423822977013","0.30245423822977013","0.30245423822977013","208","208","208","0.36968278089348794","0.36968278089348794","0.36968278089348794","208","208","208","0.28605116969025135","0.28605116969025135","0.28605116969025135","208","208","208"
"3700","2.776873891017124","2.776873891017124","2.776873891017124","209","209","209","0.3000102777278828","0.3000102777278828","0.3000102777278828","209","209","209","0.34404245838845937","0.34404245838845937","0.34404245838845937","209","209","209","0.2822308635958862","0.2822308635958862","0.2822308635958862","209","209","209"
"3750","2.8948905276671497","2.8948905276671497","2.8948905276671497","210","210","210","0.3050596234986003","0.3050596234986003","0.3050596234986003","210","210","210","0.3488670405771569","0.3488670405771569","0.3488670405771569","210","210","210","0.2816193990466517","0.2816193990466517","0.2816193990466517","210","210","210"
"3800","2.7850076565495736","2.7850076565495736","2.7850076565495736","211","211","211","0.29176102476218135","0.29176102476218135","0.29176102476218135","211","211","211","0.3505164611060126","0.3505164611060126","0.3505164611060126","211","211","211","0.26660641384946066","0.26660641384946066","0.26660641384946066","211","211","211"
"3850","2.96362533062596","2.96362533062596","2.96362533062596","212","212","212","0.28963370081367457","0.28963370081367457","0.28963370081367457","212","212","212","0.3399053816298762","0.3399053816298762","0.3399053816298762","212","212","212","0.2662161151504095","0.2662161151504095","0.2662161151504095","212","212","212"
"3900","3.5190027344630264","3.5190027344630264","3.5190027344630264","213","213","213","0.29261726855584586","0.29261726855584586","0.29261726855584586","213","213","213","0.3512208660357276","0.3512208660357276","0.3512208660357276","213","213","213","0.2751702925533194","0.2751702925533194","0.2751702925533194","213","213","213"
"3950","2.6788417276950978","2.6788417276950978","2.6788417276950978","214","214","214","0.2937852584871445","0.2937852584871445","0.2937852584871445","214","214","214","0.34492805007832017","0.34492805007832017","0.34492805007832017","214","214","214","0.28186239990551293","0.28186239990551293","0.28186239990551293","214","214","214"
"4000","2.9242454182362154","2.9242454182362154","2.9242454182362154","215","215","215","0.2926414285667969","0.2926414285667969","0.2926414285667969","215","215","215","0.34311674841506795","0.34311674841506795","0.34311674841506795","215","215","215","0.27519066034164885","0.27519066034164885","0.27519066034164885","215","215","215"
"4050","2.8172591618243485","2.8172591618243485","2.8172591618243485","216","216","216","","","","","","","","","","","","","","","","","",""
"4100","2.917262837540086","2.917262837540086","2.917262837540086","217","217","217","","","","","","","","","","","","","","","","","",""
"4150","2.8473119689709154","2.8473119689709154","2.8473119689709154","218","218","218","","","","","","","","","","","","","","","","","",""
"4200","3.1267685047242333","3.1267685047242333","3.1267685047242333","219","219","219","","","","","","","","","","","","","","","","","",""
"4250","3.1163049952700357","3.1163049952700357","3.1163049952700357","220","220","220","","","","","","","","","","","","","","","","","",""
"4300","3.0031805131082687","3.0031805131082687","3.0031805131082687","221","221","221","","","","","","","","","","","","","","","","","",""
"4350","2.897562673054972","2.897562673054972","2.897562673054972","222","222","222","","","","","","","","","","","","","","","","","",""
"4400","3.4819505788156384","3.4819505788156384","3.4819505788156384","223","223","223","","","","","","","","","","","","","","","","","",""
"4450","3.1065242700338156","3.1065242700338156","3.1065242700338156","224","224","224","","","","","","","","","","","","","","","","","",""
"4500","2.854594383811047","2.854594383811047","2.854594383811047","225","225","225","","","","","","","","","","","","","","","","","",""
"4550","3.196690770421359","3.196690770421359","3.196690770421359","226","226","226","","","","","","","","","","","","","","","","","",""
"4600","3.3593278159565845","3.3593278159565845","3.3593278159565845","227","227","227","","","","","","","","","","","","","","","","","",""
"4650","3.240093790227265","3.240093790227265","3.240093790227265","228","228","228","","","","","","","","","","","","","","","","","",""
"4700","3.3364591267268255","3.3364591267268255","3.3364591267268255","229","229","229","","","","","","","","","","","","","","","","","",""
"4750","3.169585153210381","3.169585153210381","3.169585153210381","230","230","230","","","","","","","","","","","","","","","","","",""
"4800","3.464812340283831","3.464812340283831","3.464812340283831","231","231","231","","","","","","","","","","","","","","","","","",""
"4850","3.2368199662819537","3.2368199662819537","3.2368199662819537","232","232","232","","","","","","","","","","","","","","","","","",""
"4900","3.0533935029076225","3.0533935029076225","3.0533935029076225","233","233","233","","","","","","","","","","","","","","","","","",""
"4950","3.1933231522836065","3.1933231522836065","3.1933231522836065","234","234","234","","","","","","","","","","","","","","","","","",""
"5000","3.3157060841514","3.3157060841514","3.3157060841514","235","235","235","","","","","","","","","","","","","","","","","",""