"iter","env2_sgd_2500-3000 - EMA/dropped_tokens","env2_sgd_2500-3000 - EMA/dropped_tokens__MIN","env2_sgd_2500-3000 - EMA/dropped_tokens__MAX","env2_sgd_2500-3000 - _step","env2_sgd_2500-3000 - _step__MIN","env2_sgd_2500-3000 - _step__MAX","env2_lion_shock_2500-3000 - EMA/dropped_tokens","env2_lion_shock_2500-3000 - EMA/dropped_tokens__MIN","env2_lion_shock_2500-3000 - EMA/dropped_tokens__MAX","env2_lion_shock_2500-3000 - _step","env2_lion_shock_2500-3000 - _step__MIN","env2_lion_shock_2500-3000 - _step__MAX","env2_muon_shock_2500-3000 - EMA/dropped_tokens","env2_muon_shock_2500-3000 - EMA/dropped_tokens__MIN","env2_muon_shock_2500-3000 - EMA/dropped_tokens__MAX","env2_muon_shock_2500-3000 - _step","env2_muon_shock_2500-3000 - _step__MIN","env2_muon_shock_2500-3000 - _step__MAX","env2_adamw_shock_2500-3000 - EMA/dropped_tokens","env2_adamw_shock_2500-3000 - EMA/dropped_tokens__MIN","env2_adamw_shock_2500-3000 - EMA/dropped_tokens__MAX","env2_adamw_shock_2500-3000 - _step","env2_adamw_shock_2500-3000 - _step__MIN","env2_adamw_shock_2500-3000 - _step__MAX"
"0","25220","25220","25220","0","0","0","25220","25220","25220","0","0","0","25220","25220","25220","0","0","0","25220","25220","25220","0","0","0"
"50","683.5782107286134","683.5782107286134","683.5782107286134","1","1","1","1901.4782107286135","1901.4782107286135","1901.4782107286135","1","1","1","897.2782107286134","897.2782107286134","897.2782107286134","1","1","1","2479.078210728613","2479.078210728613","2479.078210728613","1","1","1"
"100","176.7230084347174","176.7230084347174","176.7230084347174","2","2","2","208.69979125971255","208.69979125971255","208.69979125971255","2","2","2","437.0243701965217","437.0243701965217","437.0243701965217","2","2","2","1336.3766118194608","1336.3766118194608","1336.3766118194608","2","2","2"
"150","179.71079065943388","179.71079065943388","179.71079065943388","3","3","3","156.7755918099672","156.7755918099672","156.7755918099672","3","3","3","402.0523253641135","402.0523253641135","402.0523253641135","3","3","3","1199.8873846496376","1199.8873846496376","1199.8873846496376","3","3","3"
"200","186.3261890173885","186.3261890173885","186.3261890173885","4","4","4","58.40798615818315","58.40798615818315","58.40798615818315","4","4","4","475.67208730650697","475.67208730650697","475.67208730650697","4","4","4","838.7839498545835","838.7839498545835","838.7839498545835","4","4","4"
"250","205.1602832934323","205.1602832934323","205.1602832934323","5","5","5","139.10102163097156","139.10102163097156","139.10102163097156","5","5","5","58.551507010374486","58.551507010374486","58.551507010374486","5","5","5","720.5229039250586","720.5229039250586","720.5229039250586","5","5","5"
"300","183.45734998156448","183.45734998156448","183.45734998156448","6","6","6","161.5168953965946","161.5168953965946","161.5168953965946","6","6","6","158.7017613051813","158.7017613051813","158.7017613051813","6","6","6","793.7134130785553","793.7134130785553","793.7134130785553","6","6","6"
"350","298.9454979419356","298.9454979419356","298.9454979419356","7","7","7","7.132421771058287","7.132421771058287","7.132421771058287","7","7","7","59.617913202772684","59.617913202772684","59.617913202772684","7","7","7","577.6906205100418","577.6906205100418","577.6906205100418","7","7","7"
"400","147.84069789563313","147.84069789563313","147.84069789563313","8","8","8","49.03675889849183","49.03675889849183","49.03675889849183","8","8","8","54.80725732297661","54.80725732297661","54.80725732297661","8","8","8","610.177287597486","610.177287597486","610.177287597486","8","8","8"
"450","117.76193772344742","117.76193772344742","117.76193772344742","9","9","9","0.2527244322583816","0.2527244322583816","0.2527244322583816","9","9","9","93.48246428397238","93.48246428397238","93.48246428397238","9","9","9","501.5447165768898","501.5447165768898","501.5447165768898","9","9","9"
"500","126.60691855500508","126.60691855500508","126.60691855500508","10","10","10","20.20130248491326","20.20130248491326","20.20130248491326","10","10","10","87.08178760674593","87.08178760674593","87.08178760674593","10","10","10","417.88484872565635","417.88484872565635","417.88484872565635","10","10","10"
"550","164.552503597924","164.552503597924","164.552503597924","11","11","11","0.10411297190232029","0.10411297190232029","0.10411297190232029","11","11","11","71.64879995797676","71.64879995797676","71.64879995797676","11","11","11","364.35368457287706","364.35368457287706","364.35368457287706","11","11","11"
"600","287.4480666133455","287.4480666133455","287.4480666133455","12","12","12","134.90053657485336","134.90053657485336","134.90053657485336","12","12","12","77.26926180885766","77.26926180885766","77.26926180885766","12","12","12","430.6777969862474","430.6777969862474","430.6777969862474","12","12","12"
"650","208.48144271910397","208.48144271910397","208.48144271910397","13","13","13","0.6952470408536604","0.6952470408536604","0.6952470408536604","13","13","13","23.898228405798417","23.898228405798417","23.898228405798417","13","13","13","152.61961655245096","152.61961655245096","152.61961655245096","13","13","13"
"700","152.67446649067205","152.67446649067205","152.67446649067205","14","14","14","51.20358314696212","51.20358314696212","51.20358314696212","14","14","14","16.72316609705668","16.72316609705668","16.72316609705668","14","14","14","140.08656719593873","140.08656719593873","140.08656719593873","14","14","14"
"750","244.48684988019048","244.48684988019048","244.48684988019048","15","15","15","12.263891757348768","12.263891757348768","12.263891757348768","15","15","15","29.78618743881891","29.78618743881891","29.78618743881891","15","15","15","153.12197467689302","153.12197467689302","153.12197467689302","15","15","15"
"800","260.7600302654283","260.7600302654283","260.7600302654283","16","16","16","2.6632053412842818","2.6632053412842818","2.6632053412842818","16","16","16","48.353511314342775","48.353511314342775","48.353511314342775","16","16","16","147.68915623678566","147.68915623678566","147.68915623678566","16","16","16"
"850","231.14389857904203","231.14389857904203","231.14389857904203","17","17","17","5.013725561659913","5.013725561659913","5.013725561659913","17","17","17","7.449203127798733","7.449203127798733","7.449203127798733","17","17","17","147.26115671180318","147.26115671180318","147.26115671180318","17","17","17"
"900","222.89126369382","222.89126369382","222.89126369382","18","18","18","76.125839614496","76.125839614496","76.125839614496","18","18","18","69.63839151839434","69.63839151839434","69.63839151839434","18","18","18","399.4589508984626","399.4589508984626","399.4589508984626","18","18","18"
"950","126.54873146875347","126.54873146875347","126.54873146875347","19","19","19","0.39233546484161747","0.39233546484161747","0.39233546484161747","19","19","19","2.9589006156851525","2.9589006156851525","2.9589006156851525","19","19","19","94.85872163748262","94.85872163748262","94.85872163748262","19","19","19"
"1000","158.2522037147615","158.2522037147615","158.2522037147615","20","20","20","0.002022008791653143","0.002022008791653143","0.002022008791653143","20","20","20","63.01524950863404","63.01524950863404","63.01524950863404","20","20","20","100.08888052777334","100.08888052777334","100.08888052777334","20","20","20"
"1050","187.3155962840089","187.3155962840089","187.3155962840089","21","21","21","0.000010420978779405283","0.000010420978779405283","0.000010420978779405283","21","21","21","39.52476643060069","39.52476643060069","39.52476643060069","21","21","21","134.01583559099245","134.01583559099245","134.01583559099245","21","21","21"
"1100","169.26538247607292","169.26538247607292","169.26538247607292","22","22","22","5.3707382069308036e-8","5.3707382069308036e-8","5.3707382069308036e-8","22","22","22","2.6037017613051487","2.6037017613051487","2.6037017613051487","22","22","22","87.89068749085715","87.89068749085715","87.89068749085715","22","22","22"
"1150","447.6723557316628","447.6723557316628","447.6723557316628","23","23","23","195.9000000002768","195.9000000002768","195.9000000002768","23","23","23","221.51341889358466","221.51341889358466","221.51341889358466","23","23","23","419.7529688461447","419.7529688461447","419.7529688461447","23","23","23"
"1200","224.20720268797245","224.20720268797245","224.20720268797245","24","24","24","1.0096245631154381","1.0096245631154381","1.0096245631154381","24","24","24","22.341630366382475","22.341630366382475","22.341630366382475","24","24","24","119.76331244403829","119.76331244403829","119.76331244403829","24","24","24"
"1250","122.05551352251588","122.05551352251588","122.05551352251588","25","25","25","4.405203378042086","4.405203378042086","4.405203378042086","25","25","25","8.115143740673373","8.115143740673373","8.115143740673373","25","25","25","100.31723319042062","100.31723319042062","100.31723319042062","25","25","25"
"1300","213.82904667950908","213.82904667950908","213.82904667950908","26","26","26","0.022703427952956146","0.022703427952956146","0.022703427952956146","26","26","26","19.941823626614525","19.941823626614525","19.941823626614525","26","26","26","91.91701246928375","91.91701246928375","91.91701246928375","26","26","26"
"1350","171.00202683938176","171.00202683938176","171.00202683938176","27","27","27","8.900117008364106","8.900117008364106","8.900117008364106","27","27","27","45.502775676195604","45.502775676195604","45.502775676195604","27","27","27","86.37371961999513","86.37371961999513","86.37371961999513","27","27","27"
"1400","253.1813060063263","253.1813060063263","253.1813060063263","28","28","28","27.845869202379955","27.845869202379955","27.845869202379955","28","28","28","31.13451107714423","31.13451107714423","31.13451107714423","28","28","28","153.44515073474156","153.44515073474156","153.44515073474156","28","28","28"
"1450","158.10483953785234","158.10483953785234","158.10483953785234","29","29","29","4.143511350321504","4.143511350321504","4.143511350321504","29","29","29","2.46046027128142","2.46046027128142","2.46046027128142","29","29","29","5.29082181354021","5.29082181354021","5.29082181354021","29","29","29"
"1500","160.91483680216754","160.91483680216754","160.91483680216754","30","30","30","7.721354726068537","7.721354726068537","7.721354726068537","30","30","30","22.012680659144728","22.012680659144728","22.012680659144728","30","30","30","15.427267706288973","15.427267706288973","15.427267706288973","30","30","30"
"1550","327.229318896401","327.229318896401","327.229318896401","31","31","31","45.73979412655414","45.73979412655414","45.73979412655414","31","31","31","62.113448407827754","62.113448407827754","62.113448407827754","31","31","31","58.27950866982137","58.27950866982137","58.27950866982137","31","31","31"
"1600","158.68646635083653","158.68646635083653","158.68646635083653","32","32","32","0.2357326169573611","0.2357326169573611","0.2357326169573611","32","32","32","0.3201187504454199","0.3201187504454199","0.3201187504454199","32","32","32","4.400359486877324","4.400359486877324","4.400359486877324","32","32","32"
"1650","205.31783437601618","205.31783437601618","205.31783437601618","33","33","33","0.001214912916831538","0.001214912916831538","0.001214912916831538","33","33","33","19.501649820079443","19.501649820079443","19.501649820079443","33","33","33","83.92267846362677","83.92267846362677","83.92267846362677","33","33","33"
"1700","233.1581619644278","233.1581619644278","233.1581619644278","34","34","34","0.000006261388069819352","0.000006261388069819352","0.000006261388069819352","34","34","34","33.10050711934456","33.10050711934456","33.10050711934456","34","34","34","42.33251861959774","42.33251861959774","42.33251861959774","34","34","34"
"1750","153.0016447545166","153.0016447545166","153.0016447545166","35","35","35","18.600000032269786","18.600000032269786","18.600000032269786","35","35","35","3.670592572941401","3.670592572941401","3.670592572941401","35","35","35","90.61817228492511","90.61817228492511","90.61817228492511","35","35","35"
"1800","464.68853608341504","464.68853608341504","464.68853608341504","36","36","36","102.99586021902248","102.99586021902248","102.99586021902248","36","36","36","105.81891740899862","105.81891740899862","105.81891740899862","36","36","36","261.6670256896547","261.6670256896547","261.6670256896547","36","36","36"
"1850","293.2949002563926","293.2949002563926","293.2949002563926","37","37","37","0.5308175108534067","0.5308175108534067","0.5308175108534067","37","37","37","28.145366913007955","28.145366913007955","28.145366913007955","37","37","37","20.94857302957254","20.94857302957254","20.94857302957254","37","37","37"
"1900","180.51157598537483","180.51157598537483","180.51157598537483","38","38","38","27.70273571412705","27.70273571412705","27.70273571412705","38","38","38","45.54505489419719","45.54505489419719","45.54505489419719","38","38","38","60.30796423630855","60.30796423630855","60.30796423630855","38","38","38"
"1950","159.23031608494773","159.23031608494773","159.23031608494773","39","39","39","0.1427736724984096","0.1427736724984096","0.1427736724984096","39","39","39","0.23472897472974735","0.23472897472974735","0.23472897472974735","39","39","39","99.31081369088504","99.31081369088504","99.31081369088504","39","39","39"
"2000","179.52063725529237","179.52063725529237","179.52063725529237","40","40","40","0.0007358234135803459","0.0007358234135803459","0.0007358234135803459","40","40","40","21.001209740370403","21.001209740370403","21.001209740370403","40","40","40","14.911825609418871","14.911825609418871","14.911825609418871","40","40","40"
"2050","240.62520900948866","240.62520900948866","240.62520900948866","41","41","41","0.0000037922684658760446","0.0000037922684658760446","0.0000037922684658760446","41","41","41","20.408235514083653","20.408235514083653","20.408235514083653","41","41","41","81.67685219712172","81.67685219712172","81.67685219712172","41","41","41"
"2100","123.74012823644932","123.74012823644932","123.74012823644932","42","42","42","2.0000000195444994","2.0000000195444994","2.0000000195444994","42","42","42","14.005179458217635","14.005179458217635","14.005179458217635","42","42","42","36.12094413586548","36.12094413586548","36.12094413586548","42","42","42"
"2150","138.83772880505563","138.83772880505563","138.83772880505563","43","43","43","0.010307550515368195","0.010307550515368195","0.010307550515368195","43","43","43","12.872179546665832","12.872179546665832","12.872179546665832","43","43","43","1.6861592263524188","1.6861592263524188","1.6861592263524188","43","43","43"
"2200","176.91553844455615","176.91553844455615","176.91553844455615","44","44","44","14.800053122798294","14.800053122798294","14.800053122798294","44","44","44","24.06634031981178","24.06634031981178","24.06634031981178","44","44","44","8.608690085616368","8.608690085616368","8.608690085616368","44","44","44"
"2250","133.91178291582526","133.91178291582526","133.91178291582526","45","45","45","9.5762761468513","9.5762761468513","9.5762761468513","45","45","45","13.924032508071175","13.924032508071175","13.924032508071175","45","45","45","25.644367253530753","25.644367253530753","25.644367253530753","45","45","45"
"2300","125.79015122675962","125.79015122675962","125.79015122675962","46","46","46","13.649353974584095","13.649353974584095","13.649353974584095","46","46","46","15.671761333526018","15.671761333526018","15.671761333526018","46","46","46","124.83216530415866","124.83216530415866","124.83216530415866","46","46","46"
"2350","308.44829416271756","308.44829416271756","308.44829416271756","47","47","47","8.170345702110147","8.170345702110147","8.170345702110147","47","47","47","121.88076873501578","121.88076873501578","121.88076873501578","47","47","47","109.94335691862067","109.94335691862067","109.94335691862067","47","47","47"
"2400","224.38967317119602","224.38967317119602","224.38967317119602","48","48","48","9.142108125114769","9.142108125114769","9.142108125114769","48","48","48","69.82814608415565","69.82814608415565","69.82814608415565","48","48","48","0.5666233470967342","0.5666233470967342","0.5666233470967342","48","48","48"
"2450","882.8564539343685","882.8564539343685","882.8564539343685","49","49","49","244.6471163701979","244.6471163701979","244.6471163701979","49","49","49","186.75987856806165","186.75987856806165","186.75987856806165","49","49","49","238.00292024935817","238.00292024935817","238.00292024935817","49","49","49"
"2455","632.1179074837053","632.1179074837053","632.1179074837053","50","50","50","151.56167574543818","151.56167574543818","151.56167574543818","50","50","50","128.07984069565475","128.07984069565475","128.07984069565475","50","50","50","175.03834437804352","175.03834437804352","175.03834437804352","50","50","50"
"2460","713.0593031900531","713.0593031900531","713.0593031900531","51","51","51","143.2956539109238","143.2956539109238","143.2956539109238","51","51","51","101.42986513237717","101.42986513237717","101.42986513237717","51","51","51","142.95839197179092","142.95839197179092","142.95839197179092","51","51","51"
"2465","534.5543879406946","534.5543879406946","534.5543879406946","52","52","52","84.61465067786139","84.61465067786139","84.61465067786139","52","52","52","88.4933210620174","88.4933210620174","88.4933210620174","52","52","52","115.21550087542283","115.21550087542283","115.21550087542283","52","52","52"
"2470","597.1490205351008","597.1490205351008","597.1490205351008","53","53","53","216.4641050787704","216.4641050787704","216.4641050787704","53","53","53","138.95442115391066","138.95442115391066","138.95442115391066","53","53","53","168.93360111192845","168.93360111192845","168.93360111192845","53","53","53"
"2475","480.31052513577174","480.31052513577174","480.31052513577174","54","54","54","136.71988940796314","136.71988940796314","136.71988940796314","54","54","54","85.2511961471727","85.2511961471727","85.2511961471727","54","54","54","114.75360212058266","114.75360212058266","114.75360212058266","54","54","54"
"2480","428.21856198742194","428.21856198742194","428.21856198742194","55","55","55","80.73172749650816","80.73172749650816","80.73172749650816","55","55","55","68.93997881294402","68.93997881294402","68.93997881294402","55","55","55","86.26085451618286","86.26085451618286","86.26085451618286","55","55","55"
"2485","506.35877866795283","506.35877866795283","506.35877866795283","56","56","56","47.67127776941311","47.67127776941311","47.67127776941311","56","56","56","51.30836808925532","51.30836808925532","51.30836808925532","56","56","56","52.03617198326083","52.03617198326083","52.03617198326083","56","56","56"
"2490","455.5997952156395","455.5997952156395","455.5997952156395","57","57","57","28.149412810060753","28.149412810060753","28.149412810060753","57","57","57","42.49707827302437","42.49707827302437","42.49707827302437","57","57","57","30.726839194395698","30.726839194395698","30.726839194395698","57","57","57"
"2495","404.42712307688305","404.42712307688305","404.42712307688305","58","58","58","16.621946770212777","16.621946770212777","16.621946770212777","58","58","58","45.39409974943816","45.39409974943816","45.39409974943816","58","58","58","64.14389127589871","64.14389127589871","64.14389127589871","58","58","58"
"2500","7345.110171905669","7345.110171905669","7345.110171905669","59","59","59","4821.315093348343","4821.315093348343","4821.315093348343","59","59","59","4810.504761961046","4810.504761961046","4810.504761961046","59","59","59","5038.376326359506","5038.376326359506","5038.376326359506","59","59","59"
"2505","11343.21410540858","11343.21410540858","11343.21410540858","60","60","60","6855.638349471264","6855.638349471264","6855.638349471264","60","60","60","6749.854956890378","6749.854956890378","6749.854956890378","60","60","60","6516.610836952024","6516.610836952024","6516.610836952024","60","60","60"
"2510","11468.354497102715","11468.354497102715","11468.354497102715","61","61","61","7994.385888979286","7994.385888979286","7994.385888979286","61","61","61","6481.5218534942","6481.5218534942","6481.5218534942","61","61","61","7320.193533111802","7320.193533111802","7320.193533111802","61","61","61"
"2515","10467.148646994183","10467.148646994183","10467.148646994183","62","62","62","8153.504923583379","8153.504923583379","8153.504923583379","62","62","62","5868.77383926979","5868.77383926979","5868.77383926979","62","62","62","6971.101079367189","6971.101079367189","6971.101079367189","62","62","62"
"2520","9538.946604563596","9538.946604563596","9538.946604563596","63","63","63","7480.66312232675","7480.66312232675","7480.66312232675","63","63","63","5873.852264350418","5873.852264350418","5873.852264350418","63","63","63","7302.6654763555325","7302.6654763555325","7302.6654763555325","63","63","63"
"2525","8672.45258052876","8672.45258052876","8672.45258052876","64","64","64","6682.656767102724","6682.656767102724","6682.656767102724","64","64","64","5227.15102357628","5227.15102357628","5227.15102357628","64","64","64","6470.75093713318","6470.75093713318","6470.75093713318","64","64","64"
"2530","7391.796524276428","7391.796524276428","7391.796524276428","65","65","65","5804.841994406488","5804.841994406488","5804.841994406488","65","65","65","4866.980407911558","4866.980407911558","4866.980407911558","65","65","65","5555.113720867771","5555.113720867771","5555.113720867771","65","65","65"
"2535","6562.881929619987","6562.881929619987","6562.881929619987","66","66","66","5393.8011492770875","5393.8011492770875","5393.8011492770875","66","66","66","4239.803261067696","4239.803261067696","4239.803261067696","66","66","66","4875.439101035211","4875.439101035211","4875.439101035211","66","66","66"
"2540","5542.816150621307","5542.816150621307","5542.816150621307","67","67","67","4371.985640636627","4371.985640636627","4371.985640636627","67","67","67","3411.5614276278643","3411.5614276278643","3411.5614276278643","67","67","67","4289.898034770282","4289.898034770282","4289.898034770282","67","67","67"
"2545","5515.377508780377","5515.377508780377","5515.377508780377","68","68","68","4091.9138009395224","4091.9138009395224","4091.9138009395224","68","68","68","3587.492907399978","3587.492907399978","3587.492907399978","68","68","68","4073.9418905515045","4073.9418905515045","4073.9418905515045","68","68","68"
"2550","4956.875265159725","4956.875265159725","4956.875265159725","69","69","69","3455.2341803167787","3455.2341803167787","3455.2341803167787","69","69","69","3322.0786868906125","3322.0786868906125","3322.0786868906125","69","69","69","3493.9219469517584","3493.9219469517584","3493.9219469517584","69","69","69"
"2555","4405.785275324167","4405.785275324167","4405.785275324167","70","70","70","3221.381231135255","3221.381231135255","3221.381231135255","70","70","70","2946.1542438220376","2946.1542438220376","2946.1542438220376","70","70","70","2554.225970455544","2554.225970455544","2554.225970455544","70","70","70"
"2560","3965.0721472261675","3965.0721472261675","3965.0721472261675","71","71","71","2469.2934031730565","2469.2934031730565","2469.2934031730565","71","71","71","2436.274619434475","2436.274619434475","2436.274619434475","71","71","71","2127.3448932942943","2127.3448932942943","2127.3448932942943","71","71","71"
"2565","3427.73545221558","3427.73545221558","3427.73545221558","72","72","72","1969.0930616396583","1969.0930616396583","1969.0930616396583","72","72","72","1971.5958000298633","1971.5958000298633","1971.5958000298633","72","72","72","1467.675886041348","1467.675886041348","1467.675886041348","72","72","72"
"2570","3263.043507178778","3263.043507178778","3263.043507178778","73","73","73","1659.4297619676022","1659.4297619676022","1659.4297619676022","73","73","73","1886.5076039596343","1886.5076039596343","1886.5076039596343","73","73","73","1176.6479339485556","1176.6479339485556","1176.6479339485556","73","73","73"
"2575","3094.6945605539972","3094.6945605539972","3094.6945605539972","74","74","74","1423.5766801442496","1423.5766801442496","1423.5766801442496","74","74","74","1827.1638750621248","1827.1638750621248","1827.1638750621248","74","74","74","1124.7988385172828","1124.7988385172828","1124.7988385172828","74","74","74"
"2580","3147.3861910615296","3147.3861910615296","3147.3861910615296","75","75","75","1408.207793858378","1408.207793858378","1408.207793858378","75","75","75","2158.221996585434","2158.221996585434","2158.221996585434","75","75","75","1395.1824661560704","1395.1824661560704","1395.1824661560704","75","75","75"
"2585","3059.200071959923","3059.200071959923","3059.200071959923","76","76","76","1250.2326201954338","1250.2326201954338","1250.2326201954338","76","76","76","1994.0085067637328","1994.0085067637328","1994.0085067637328","76","76","76","1579.5412944404982","1579.5412944404982","1579.5412944404982","76","76","76"
"2590","3159.0270504916152","3159.0270504916152","3159.0270504916152","77","77","77","1192.049859899202","1192.049859899202","1192.049859899202","77","77","77","1744.2420831589166","1744.2420831589166","1744.2420831589166","77","77","77","1394.00333895417","1394.00333895417","1394.00333895417","77","77","77"
"2595","3262.8738830447946","3262.8738830447946","3262.8738830447946","78","78","78","1194.89352177188","1194.89352177188","1194.89352177188","78","78","78","1598.657507684509","1598.657507684509","1598.657507684509","78","78","78","1185.3450316190479","1185.3450316190479","1185.3450316190479","78","78","78"
"2600","3095.4943991991213","3095.4943991991213","3095.4943991991213","79","79","79","923.0726756710774","923.0726756710774","923.0726756710774","79","79","79","1641.391271712626","1641.391271712626","1641.391271712626","79","79","79","1531.9343877207318","1531.9343877207318","1531.9343877207318","79","79","79"
"2605","2792.3584877830895","2792.3584877830895","2792.3584877830895","80","80","80","845.9651842570145","845.9651842570145","845.9651842570145","80","80","80","1428.7251320335886","1428.7251320335886","1428.7251320335886","80","80","80","1600.9919366052152","1600.9919366052152","1600.9919366052152","80","80","80"
"2610","2449.6597634510367","2449.6597634510367","2449.6597634510367","81","81","81","714.9339816519245","714.9339816519245","714.9339816519245","81","81","81","1218.2479032145138","1218.2479032145138","1218.2479032145138","81","81","81","1378.4697286460137","1378.4697286460137","1378.4697286460137","81","81","81"
"2615","2408.6995937202028","2408.6995937202028","2408.6995937202028","82","82","82","584.0613668256449","584.0613668256449","584.0613668256449","82","82","82","889.1632043691384","889.1632043691384","889.1632043691384","82","82","82","974.1725900681847","974.1725900681847","974.1725900681847","82","82","82"
"2620","2435.3130230958427","2435.3130230958427","2435.3130230958427","83","83","83","600.1823964968751","600.1823964968751","600.1823964968751","83","83","83","1065.0419805479328","1065.0419805479328","1065.0419805479328","83","83","83","943.9391727093625","943.9391727093625","943.9391727093625","83","83","83"
"2625","2413.0279870078643","2413.0279870078643","2413.0279870078643","84","84","84","531.1017033074398","531.1017033074398","531.1017033074398","84","84","84","992.296639093749","992.296639093749","992.296639093749","84","84","84","976.2866420931516","976.2866420931516","976.2866420931516","84","84","84"
"2630","2605.368896048274","2605.368896048274","2605.368896048274","85","85","85","511.31024478601023","511.31024478601023","511.31024478601023","85","85","85","1087.741242418468","1087.741242418468","1087.741242418468","85","85","85","1587.7874992895854","1587.7874992895854","1587.7874992895854","85","85","85"
"2635","2597.1442794275454","2597.1442794275454","2597.1442794275454","86","86","86","479.12358644369124","479.12358644369124","479.12358644369124","86","86","86","916.3003262356813","916.3003262356813","916.3003262356813","86","86","86","1434.3726404555075","1434.3726404555075","1434.3726404555075","86","86","86"
"2640","2636.6877255591717","2636.6877255591717","2636.6877255591717","87","87","87","612.3176865591354","612.3176865591354","612.3176865591354","87","87","87","1249.5661796389074","1249.5661796389074","1249.5661796389074","87","87","87","1387.4827004625727","1387.4827004625727","1387.4827004625727","87","87","87"
"2645","2850.1377350654357","2850.1377350654357","2850.1377350654357","88","88","88","765.5674707363039","765.5674707363039","765.5674707363039","88","88","88","1345.9563334149784","1345.9563334149784","1345.9563334149784","88","88","88","1135.8946597961447","1135.8946597961447","1135.8946597961447","88","88","88"
"2650","3299.877831178789","3299.877831178789","3299.877831178789","89","89","89","800.4599357950801","800.4599357950801","800.4599357950801","89","89","89","1367.4737553182108","1367.4737553182108","1367.4737553182108","89","89","89","1160.0344376630255","1160.0344376630255","1160.0344376630255","89","89","89"
"2655","3013.4448605327634","3013.4448605327634","3013.4448605327634","90","90","90","615.663587487637","615.663587487637","615.663587487637","90","90","90","1240.6795777778502","1240.6795777778502","1240.6795777778502","90","90","90","771.98873509564","771.98873509564","771.98873509564","90","90","90"
"2660","3182.6090556959916","3182.6090556959916","3182.6090556959916","91","91","91","989.3431917755748","989.3431917755748","989.3431917755748","91","91","91","1238.008883882043","1238.008883882043","1238.008883882043","91","91","91","1010.7516281866244","1010.7516281866244","1010.7516281866244","91","91","91"
"2665","3105.8988212979266","3105.8988212979266","3105.8988212979266","92","92","92","971.8972613115594","971.8972613115594","971.8972613115594","92","92","92","1249.6318658435077","1249.6318658435077","1249.6318658435077","92","92","92","1002.6387289279198","1002.6387289279198","1002.6387289279198","92","92","92"
"2670","2831.702194988213","2831.702194988213","2831.702194988213","93","93","93","746.5956138318629","746.5956138318629","746.5956138318629","93","93","93","967.395120461933","967.395120461933","967.395120461933","93","93","93","760.1481430446476","760.1481430446476","760.1481430446476","93","93","93"
"2675","2483.19182911859","2483.19182911859","2483.19182911859","94","94","94","571.0572440115768","571.0572440115768","571.0572440115768","94","94","94","744.9371446815669","744.9371446815669","744.9371446815669","94","94","94","906.159876986434","906.159876986434","906.159876986434","94","94","94"
"2680","2464.3999431762363","2464.3999431762363","2464.3999431762363","95","95","95","422.40359201639603","422.40359201639603","422.40359201639603","95","95","95","510.8779345630185","510.8779345630185","510.8779345630185","95","95","95","895.6783457617195","895.6783457617195","895.6783457617195","95","95","95"
"2685","2656.203522446136","2656.203522446136","2656.203522446136","96","96","96","381.5250970497617","381.5250970497617","381.5250970497617","96","96","96","508.06831158011687","508.06831158011687","508.06831158011687","96","96","96","980.0891063888378","980.0891063888378","980.0891063888378","96","96","96"
"2690","2360.0616179692192","2360.0616179692192","2360.0616179692192","97","97","97","391.2867545569138","391.2867545569138","391.2867545569138","97","97","97","623.6092573049433","623.6092573049433","623.6092573049433","97","97","97","983.0328164315449","983.0328164315449","983.0328164315449","97","97","97"
"2695","2314.6927847946445","2314.6927847946445","2314.6927847946445","98","98","98","453.0509156983121","453.0509156983121","453.0509156983121","98","98","98","522.7350303459959","522.7350303459959","522.7350303459959","98","98","98","788.471047774663","788.471047774663","788.471047774663","98","98","98"
"2700","2306.00294249339","2306.00294249339","2306.00294249339","99","99","99","386.62203521069637","386.62203521069637","386.62203521069637","99","99","99","590.1698080690072","590.1698080690072","590.1698080690072","99","99","99","752.1842690004609","752.1842690004609","752.1842690004609","99","99","99"
"2705","2431.3716775129224","2431.3716775129224","2431.3716775129224","100","100","100","358.0964455715641","358.0964455715641","358.0964455715641","100","100","100","585.2893699666681","585.2893699666681","585.2893699666681","100","100","100","585.7572890020822","585.7572890020822","585.7572890020822","100","100","100"
"2710","2321.8006618546056","2321.8006618546056","2321.8006618546056","101","101","101","380.65237014555294","380.65237014555294","380.65237014555294","101","101","101","490.00752007161793","490.00752007161793","490.00752007161793","101","101","101","569.7838215828396","569.7838215828396","569.7838215828396","101","101","101"
"2715","2015.5000728185264","2015.5000728185264","2015.5000728185264","102","102","102","279.4714180472476","279.4714180472476","279.4714180472476","102","102","102","443.8445405270897","443.8445405270897","443.8445405270897","102","102","102","508.151648806451","508.151648806451","508.151648806451","102","102","102"
"2720","2176.532637998612","2176.532637998612","2176.532637998612","103","103","103","340.92507764271926","340.92507764271926","340.92507764271926","103","103","103","699.9857627358413","699.9857627358413","699.9857627358413","103","103","103","434.7584671037214","434.7584671037214","434.7584671037214","103","103","103"
"2725","2246.520757411801","2246.520757411801","2246.520757411801","104","104","104","291.8128490972493","291.8128490972493","291.8128490972493","104","104","104","533.8345930378869","533.8345930378869","533.8345930378869","104","104","104","355.0205272400765","355.0205272400765","355.0205272400765","104","104","104"
"2730","2576.4480420440946","2576.4480420440946","2576.4480420440946","105","105","105","410.81256926343474","410.81256926343474","410.81256926343474","105","105","105","415.52398884294183","415.52398884294183","415.52398884294183","105","105","105","381.83607112999283","381.83607112999283","381.83607112999283","105","105","105"
"2735","2599.7668043466174","2599.7668043466174","2599.7668043466174","106","106","106","338.5807140243656","338.5807140243656","338.5807140243656","106","106","106","305.76276017186876","305.76276017186876","305.76276017186876","106","106","106","329.87038164154956","329.87038164154956","329.87038164154956","106","106","106"
"2740","2505.6363002986345","2505.6363002986345","2505.6363002986345","107","107","107","305.5285258242477","305.5285258242477","305.5285258242477","107","107","107","328.9498522538868","328.9498522538868","328.9498522538868","107","107","107","475.18516165551864","475.18516165551864","475.18516165551864","107","107","107"
"2745","2645.3531789633407","2645.3531789633407","2645.3531789633407","108","108","108","354.2115392139601","354.2115392139601","354.2115392139601","108","108","108","420.74159825739764","420.74159825739764","420.74159825739764","108","108","108","714.0920861059672","714.0920861059672","714.0920861059672","108","108","108"
"2750","2657.554598646063","2657.554598646063","2657.554598646063","109","109","109","457.05837179045136","457.05837179045136","457.05837179045136","109","109","109","528.0437063550107","528.0437063550107","528.0437063550107","109","109","109","1081.4642359247125","1081.4642359247125","1081.4642359247125","109","109","109"
"2755","2363.059414954514","2363.059414954514","2363.059414954514","110","110","110","317.68839795854365","317.68839795854365","317.68839795854365","110","110","110","391.3045281655703","391.3045281655703","391.3045281655703","110","110","110","901.0938166711836","901.0938166711836","901.0938166711836","110","110","110"
"2760","2368.7629539364916","2368.7629539364916","2368.7629539364916","111","111","111","296.29182211054047","296.29182211054047","296.29182211054047","111","111","111","361.46141083648763","361.46141083648763","361.46141083648763","111","111","111","711.5868878061673","711.5868878061673","711.5868878061673","111","111","111"
"2765","2298.3308366699594","2298.3308366699594","2298.3308366699594","112","112","112","249.65735803805308","249.65735803805308","249.65735803805308","112","112","112","303.8393484848376","303.8393484848376","303.8393484848376","112","112","112","618.7849413806639","618.7849413806639","618.7849413806639","112","112","112"
"2770","2166.6413757452447","2166.6413757452447","2166.6413757452447","113","113","113","174.72017334789","174.72017334789","174.72017334789","113","113","113","304.7140968868118","304.7140968868118","304.7140968868118","113","113","113","427.08632003586825","427.08632003586825","427.08632003586825","113","113","113"
"2775","2140.98006596381","2140.98006596381","2140.98006596381","114","114","114","173.2705151601956","173.2705151601956","173.2705151601956","114","114","114","356.2306270706936","356.2306270706936","356.2306270706936","114","114","114","313.79020111797985","313.79020111797985","313.79020111797985","114","114","114"
"2780","2367.1273191509704","2367.1273191509704","2367.1273191509704","115","115","115","197.71450649694393","197.71450649694393","197.71450649694393","115","115","115","494.9506229789739","494.9506229789739","494.9506229789739","115","115","115","290.68997585815595","290.68997585815595","290.68997585815595","115","115","115"
"2785","2649.3650106854566","2649.3650106854566","2649.3650106854566","116","116","116","406.4484389413804","406.4484389413804","406.4484389413804","116","116","116","636.1633933628543","636.1633933628543","636.1633933628543","116","116","116","446.04952384448256","446.04952384448256","446.04952384448256","116","116","116"
"2790","2421.9235451596555","2421.9235451596555","2421.9235451596555","117","117","117","340.60373871049575","340.60373871049575","340.60373871049575","117","117","117","432.6481221468319","432.6481221468319","432.6481221468319","117","117","117","342.9877833349285","342.9877833349285","342.9877833349285","117","117","117"
"2795","2493.121634181325","2493.121634181325","2493.121634181325","118","118","118","334.72310167116063","334.72310167116063","334.72310167116063","118","118","118","447.5743896464828","447.5743896464828","447.5743896464828","118","118","118","708.830856181442","708.830856181442","708.830856181442","118","118","118"
"2800","2245.063393767731","2245.063393767731","2245.063393767731","119","119","119","219.1506443058036","219.1506443058036","219.1506443058036","119","119","119","316.8882013423517","316.8882013423517","316.8882013423517","119","119","119","871.3575322665797","871.3575322665797","871.3575322665797","119","119","119"
"2805","2478.9874833859076","2478.9874833859076","2478.9874833859076","120","120","120","237.406263956134","237.406263956134","237.406263956134","120","120","120","252.91931401064528","252.91931401064528","252.91931401064528","120","120","120","789.4279092280929","789.4279092280929","789.4279092280929","120","120","120"
"2810","2444.9173190645447","2444.9173190645447","2444.9173190645447","121","121","121","286.88602480345764","286.88602480345764","286.88602480345764","121","121","121","401.446325730146","401.446325730146","401.446325730146","121","121","121","852.1492861200966","852.1492861200966","852.1492861200966","121","121","121"
"2815","2315.2992277344233","2315.2992277344233","2315.2992277344233","122","122","122","265.4033287861937","265.4033287861937","265.4033287861937","122","122","122","489.450040880394","489.450040880394","489.450040880394","122","122","122","695.5856319610559","695.5856319610559","695.5856319610559","122","122","122"
"2820","2391.1610409849","2391.1610409849","2391.1610409849","123","123","123","208.21801161495955","208.21801161495955","208.21801161495955","123","123","123","295.51535463946385","295.51535463946385","295.51535463946385","123","123","123","577.236359816684","577.236359816684","577.236359816684","123","123","123"
"2825","2209.7566830911737","2209.7566830911737","2209.7566830911737","124","124","124","209.5506536785175","209.5506536785175","209.5506536785175","124","124","124","288.2988617610571","288.2988617610571","288.2988617610571","124","124","124","489.55229810815376","489.55229810815376","489.55229810815376","124","124","124"
"2830","2587.1392237985074","2587.1392237985074","2587.1392237985074","125","125","125","182.43756549062783","182.43756549062783","182.43756549062783","125","125","125","286.13759488128665","286.13759488128665","286.13759488128665","125","125","125","448.07573650988377","448.07573650988377","448.07573650988377","125","125","125"
"2835","2820.1798402607806","2820.1798402607806","2820.1798402607806","126","126","126","427.42755804656093","427.42755804656093","427.42755804656093","126","126","126","571.861388401451","571.861388401451","571.861388401451","126","126","126","932.1842416517213","932.1842416517213","932.1842416517213","126","126","126"
"2840","2677.9879938755885","2677.9879938755885","2677.9879938755885","127","127","127","318.2916987509138","318.2916987509138","318.2916987509138","127","127","127","759.8784312371729","759.8784312371729","759.8784312371729","127","127","127","896.2454728529251","896.2454728529251","896.2454728529251","127","127","127"
"2845","2342.1251305035967","2342.1251305035967","2342.1251305035967","128","128","128","299.1480651954271","299.1480651954271","299.1480651954271","128","128","128","536.3006148612383","536.3006148612383","536.3006148612383","128","128","128","653.6239892649238","653.6239892649238","653.6239892649238","128","128","128"
"2850","2221.701468311069","2221.701468311069","2221.701468311069","129","129","129","239.74394101724775","239.74394101724775","239.74394101724775","129","129","129","316.6801500694126","316.6801500694126","316.6801500694126","129","129","129","413.1584294210449","413.1584294210449","413.1584294210449","129","129","129"
"2855","2445.692500023003","2445.692500023003","2445.692500023003","130","130","130","203.96639973127463","203.96639973127463","203.96639973127463","130","130","130","235.2964618144875","235.2964618144875","235.2964618144875","130","130","130","454.1659209888329","454.1659209888329","454.1659209888329","130","130","130"
"2860","2221.3569643385836","2221.3569643385836","2221.3569643385836","131","131","131","122.34011937732038","122.34011937732038","122.34011937732038","131","131","131","272.1402077368367","272.1402077368367","272.1402077368367","131","131","131","474.68043468469597","474.68043468469597","474.68043468469597","131","131","131"
"2865","2062.1890738722905","2062.1890738722905","2062.1890738722905","132","132","132","292.64061709111394","292.64061709111394","292.64061709111394","132","132","132","331.1960712665247","331.1960712665247","331.1960712665247","132","132","132","589.3940498769662","589.3940498769662","589.3940498769662","132","132","132"
"2870","1894.8020262308492","1894.8020262308492","1894.8020262308492","133","133","133","200.10135798613192","200.10135798613192","200.10135798613192","133","133","133","293.86796812217017","293.86796812217017","293.86796812217017","133","133","133","385.63129251184984","385.63129251184984","385.63129251184984","133","133","133"
"2875","1983.6616484690544","1983.6616484690544","1983.6616484690544","134","134","134","183.75785087723108","183.75785087723108","183.75785087723108","134","134","134","276.52609649646024","276.52609649646024","276.52609649646024","134","134","134","371.0114219153222","371.0114219153222","371.0114219153222","134","134","134"
"2880","1980.7323668044921","1980.7323668044921","1980.7323668044921","135","135","135","156.1071733644962","156.1071733644962","156.1071733644962","135","135","135","223.78589472019482","223.78589472019482","223.78589472019482","135","135","135","362.9785345267786","362.9785345267786","362.9785345267786","135","135","135"
"2885","2027.9026552743849","2027.9026552743849","2027.9026552743849","136","136","136","128.17972480000137","128.17972480000137","128.17972480000137","136","136","136","271.84333297332785","271.84333297332785","271.84333297332785","136","136","136","374.9351948527176","374.9351948527176","374.9351948527176","136","136","136"
"2890","2306.6562389129717","2306.6562389129717","2306.6562389129717","137","137","137","142.78884569715285","142.78884569715285","142.78884569715285","137","137","137","344.0207696874204","344.0207696874204","344.0207696874204","137","137","137","434.0954832085813","434.0954832085813","434.0954832085813","137","137","137"
"2895","2291.4574425157207","2291.4574425157207","2291.4574425157207","138","138","138","212.51538549571183","212.51538549571183","212.51538549571183","138","138","138","393.3408242927249","393.3408242927249","393.3408242927249","138","138","138","798.0290418798352","798.0290418798352","798.0290418798352","138","138","138"
"2900","2288.582705231108","2288.582705231108","2288.582705231108","139","139","139","169.7882099813629","169.7882099813629","169.7882099813629","139","139","139","304.8638233366112","304.8638233366112","304.8638233366112","139","139","139","819.928168939624","819.928168939624","819.928168939624","139","139","139"
"2905","2343.585201611917","2343.585201611917","2343.585201611917","140","140","140","108.758240111895","108.758240111895","108.758240111895","140","140","140","249.5190390420356","249.5190390420356","249.5190390420356","140","140","140","849.1593844771587","849.1593844771587","849.1593844771587","140","140","140"
"2910","2250.163625699821","2250.163625699821","2250.163625699821","141","141","141","111.1206532036729","111.1206532036729","111.1206532036729","141","141","141","219.03849736393164","219.03849736393164","219.03849736393164","141","141","141","545.4201249399175","545.4201249399175","545.4201249399175","141","141","141"
"2915","2187.9991193394876","2187.9991193394876","2187.9991193394876","142","142","142","152.61563451023682","152.61563451023682","152.61563451023682","142","142","142","448.24004230842803","448.24004230842803","448.24004230842803","142","142","142","695.4651295757719","695.4651295757719","695.4651295757719","142","142","142"
"2920","2275.2915999787742","2275.2915999787742","2275.2915999787742","143","143","143","198.41800602194976","198.41800602194976","198.41800602194976","143","143","143","419.78126258270373","419.78126258270373","419.78126258270373","143","143","143","598.0652043631976","598.0652043631976","598.0652043631976","143","143","143"
"2925","2153.936936871467","2153.936936871467","2153.936936871467","144","144","144","118.56384837590115","118.56384837590115","118.56384837590115","144","144","144","359.87663774246073","359.87663774246073","359.87663774246073","144","144","144","530.5515225244246","530.5515225244246","530.5515225244246","144","144","144"
"2930","2491.9782218532328","2491.9782218532328","2491.9782218532328","145","145","145","101.91076682748589","101.91076682748589","101.91076682748589","145","145","145","348.6035558205457","348.6035558205457","348.6035558205457","145","145","145","570.1853685354477","570.1853685354477","570.1853685354477","145","145","145"
"2935","2825.0882202221155","2825.0882202221155","2825.0882202221155","146","146","146","188.87728870396217","188.87728870396217","188.87728870396217","146","146","146","475.74691367647404","475.74691367647404","475.74691367647404","146","146","146","468.9887582664965","468.9887582664965","468.9887582664965","146","146","146"
"2940","2459.386343158957","2459.386343158957","2459.386343158957","147","147","147","160.53015020680263","160.53015020680263","160.53015020680263","147","147","147","341.4237950568212","341.4237950568212","341.4237950568212","147","147","147","360.63317186878356","360.63317186878356","360.63317186878356","147","147","147"
"2945","2247.3430417719323","2247.3430417719323","2247.3430417719323","148","148","148","177.2914483956149","177.2914483956149","177.2914483956149","148","148","148","351.3073367431024","351.3073367431024","351.3073367431024","148","148","148","325.65028165679803","325.65028165679803","325.65028165679803","148","148","148"
"2950","2181.133592735908","2181.133592735908","2181.133592735908","149","149","149","143.88882736312667","143.88882736312667","143.88882736312667","149","149","149","363.14346927343456","363.14346927343456","363.14346927343456","149","149","149","238.8932348155227","238.8932348155227","238.8932348155227","149","149","149"
"2955","2060.037575174627","2060.037575174627","2060.037575174627","150","150","150","147.96491366965267","147.96491366965267","147.96491366965267","150","150","150","372.9325871712704","372.9325871712704","372.9325871712704","150","150","150","283.46406622621805","283.46406622621805","283.46406622621805","150","150","150"
"2960","2136.3315877648656","2136.3315877648656","2136.3315877648656","151","151","151","112.07180187279323","112.07180187279323","112.07180187279323","151","151","151","292.0129633987635","292.0129633987635","292.0129633987635","151","151","151","279.98269646591956","279.98269646591956","279.98269646591956","151","151","151"
"2965","2157.782439259276","2157.782439259276","2157.782439259276","152","152","152","81.77727828786567","81.77727828786567","81.77727828786567","152","152","152","290.7307347573359","290.7307347573359","290.7307347573359","152","152","152","264.82698243616085","264.82698243616085","264.82698243616085","152","152","152"
"2970","2039.4489525582103","2039.4489525582103","2039.4489525582103","153","153","153","127.28866505620181","127.28866505620181","127.28866505620181","153","153","153","338.3735915668593","338.3735915668593","338.3735915668593","153","153","153","232.37768485872863","232.37768485872863","232.37768485872863","153","153","153"
"2975","1854.5742119960978","1854.5742119960978","1854.5742119960978","154","154","154","75.16268382903661","75.16268382903661","75.16268382903661","154","154","154","252.0062220843148","252.0062220843148","252.0062220843148","154","154","154","186.9166991322307","186.9166991322307","186.9166991322307","154","154","154"
"2980","2095.2075264415757","2095.2075264415757","2095.2075264415757","155","155","155","366.18281317420787","366.18281317420787","366.18281317420787","155","155","155","607.9071540785671","607.9071540785671","607.9071540785671","155","155","155","573.9724416705909","573.9724416705909","573.9724416705909","155","155","155"
"2985","2198.0990922884866","2198.0990922884866","2198.0990922884866","156","156","156","266.62728935123806","266.62728935123806","266.62728935123806","156","156","156","598.7630954118531","598.7630954118531","598.7630954118531","156","156","156","530.7249870820673","530.7249870820673","530.7249870820673","156","156","156"
"2990","1977.3555330054287","1977.3555330054287","1977.3555330054287","157","157","157","206.0407480890126","206.0407480890126","206.0407480890126","157","157","157","436.96362020974516","436.96362020974516","436.96362020974516","157","157","157","563.78779762209","563.78779762209","563.78779762209","157","157","157"
"2995","2121.308668684376","2121.308668684376","2121.308668684376","158","158","158","148.56500133908105","148.56500133908105","148.56500133908105","158","158","158","384.9226480976524","384.9226480976524","384.9226480976524","158","158","158","856.9110566178679","856.9110566178679","856.9110566178679","158","158","158"
"3000","3532.711555771437","3532.711555771437","3532.711555771437","159","159","159","555.426147640714","555.426147640714","555.426147640714","159","159","159","949.692974475183","949.692974475183","949.692974475183","159","159","159","1605.397409822285","1605.397409822285","1605.397409822285","159","159","159"
"3005","4029.230846567476","4029.230846567476","4029.230846567476","160","160","160","985.5735859203653","985.5735859203653","985.5735859203653","160","160","160","926.1842044978509","926.1842044978509","926.1842044978509","160","160","160","1566.5711165259613","1566.5711165259613","1566.5711165259613","160","160","160"
"3010","3277.5205225896293","3277.5205225896293","3277.5205225896293","161","161","161","908.5713467501166","908.5713467501166","908.5713467501166","161","161","161","829.3025109139362","829.3025109139362","829.3025109139362","161","161","161","1270.1445785974151","1270.1445785974151","1270.1445785974151","161","161","161"
"3015","2372.4430933839503","2372.4430933839503","2372.4430933839503","162","162","162","834.7022945424765","834.7022945424765","834.7022945424765","162","162","162","764.5948396695703","764.5948396695703","764.5948396695703","162","162","162","1071.7076722159877","1071.7076722159877","1071.7076722159877","162","162","162"
"3020","1810.9039222122888","1810.9039222122888","1810.9039222122888","163","163","163","695.1833579043871","695.1833579043871","695.1833579043871","163","163","163","561.3856068764845","561.3856068764845","561.3856068764845","163","163","163","706.4326633668187","706.4326633668187","706.4326633668187","163","163","163"
"3025","1328.420657027135","1328.420657027135","1328.420657027135","164","164","164","579.0988210089616","579.0988210089616","579.0988210089616","164","164","164","406.19258700449535","406.19258700449535","406.19258700449535","164","164","164","691.0414233914728","691.0414233914728","691.0414233914728","164","164","164"
"3030","1146.819113767953","1146.819113767953","1146.819113767953","165","165","165","441.3520628175818","441.3520628175818","441.3520628175818","165","165","165","244.85266070028447","244.85266070028447","244.85266070028447","165","165","165","451.6530500984308","451.6530500984308","451.6530500984308","165","165","165"
"3035","1043.8852184888387","1043.8852184888387","1043.8852184888387","166","166","166","289.31397957315386","289.31397957315386","289.31397957315386","166","166","166","203.68304761691098","203.68304761691098","203.68304761691098","166","166","166","317.2966095526225","317.2966095526225","317.2966095526225","166","166","166"
"3040","838.4037826654745","838.4037826654745","838.4037826654745","167","167","167","349.83701179815165","349.83701179815165","349.83701179815165","167","167","167","143.97280278730977","143.97280278730977","143.97280278730977","167","167","167","247.26047497472808","247.26047497472808","247.26047497472808","167","167","167"
"3045","656.7690496261363","656.7690496261363","656.7690496261363","168","168","168","260.9752570966906","260.9752570966906","260.9752570966906","168","168","168","147.81450031787858","147.81450031787858","147.81450031787858","168","168","168","181.4048378678272","181.4048378678272","181.4048378678272","168","168","168"
"3050","738.3155561137373","738.3155561137373","738.3155561137373","169","169","169","284.0032795630249","284.0032795630249","284.0032795630249","169","169","169","92.38298429270414","92.38298429270414","92.38298429270414","169","169","169","114.0177427125733","114.0177427125733","114.0177427125733","169","169","169"
"3055","585.7679527296008","585.7679527296008","585.7679527296008","170","170","170","204.1010965491706","204.1010965491706","204.1010965491706","170","170","170","94.65122839499887","94.65122839499887","94.65122839499887","170","170","170","108.42633689434743","108.42633689434743","108.42633689434743","170","170","170"
"3060","561.5901184073019","561.5901184073019","561.5901184073019","171","171","171","157.41965650131976","157.41965650131976","157.41965650131976","171","171","171","69.99060385496288","69.99060385496288","69.99060385496288","171","171","171","83.42466767274323","83.42466767274323","83.42466767274323","171","171","171"
"3065","510.51334901832774","510.51334901832774","510.51334901832774","172","172","172","106.15473296746434","106.15473296746434","106.15473296746434","172","172","172","45.82875167031704","45.82875167031704","45.82875167031704","172","172","172","65.16143201407816","65.16143201407816","65.16143201407816","172","172","172"
"3070","474.4530274618324","474.4530274618324","474.4530274618324","173","173","173","177.28330826995804","177.28330826995804","177.28330826995804","173","173","173","128.46141957380553","128.46141957380553","128.46141957380553","173","173","173","75.67717398999302","75.67717398999302","75.67717398999302","173","173","173"
"3075","377.35976818593747","377.35976818593747","377.35976818593747","174","174","174","177.28402070032755","177.28402070032755","177.28402070032755","174","174","174","123.95518364413644","123.95518364413644","123.95518364413644","174","174","174","44.686614469350985","44.686614469350985","44.686614469350985","174","174","174"
"3080","381.4271695161143","381.4271695161143","381.4271695161143","175","175","175","141.98444138333642","141.98444138333642","141.98444138333642","175","175","175","102.29429639002612","102.29429639002612","102.29429639002612","175","175","175","28.686998978007068","28.686998978007068","28.686998978007068","175","175","175"
"3085","357.82892932757034","357.82892932757034","357.82892932757034","176","176","176","95.84039279244632","95.84039279244632","95.84039279244632","176","176","176","153.70375907534654","153.70375907534654","153.70375907534654","176","176","176","101.9393860265234","101.9393860265234","101.9393860265234","176","176","176"
"3090","369.194404478637","369.194404478637","369.194404478637","177","177","177","86.99279354001163","86.99279354001163","86.99279354001163","177","177","177","117.66053269640139","117.66053269640139","117.66053269640139","177","177","177","115.39418805480182","115.39418805480182","115.39418805480182","177","177","177"
"3095","384.8056039005904","384.8056039005904","384.8056039005904","178","178","178","89.16837465744146","89.16837465744146","89.16837465744146","178","178","178","74.57736795189805","74.57736795189805","74.57736795189805","178","178","178","99.83911410447993","99.83911410447993","99.83911410447993","178","178","178"
"3100","399.62386104725965","399.62386104725965","399.62386104725965","179","179","179","89.05303355147262","89.05303355147262","89.05303355147262","179","179","179","60.93719000191629","60.93719000191629","60.93719000191629","179","179","179","78.55399848755437","78.55399848755437","78.55399848755437","179","179","179"
"3105","403.2738937097964","403.2738937097964","403.2738937097964","180","180","180","106.28492578180908","106.28492578180908","106.28492578180908","180","180","180","65.58280132423157","65.58280132423157","65.58280132423157","180","180","180","62.48535056691598","62.48535056691598","62.48535056691598","180","180","180"
"3110","372.52920149669774","372.52920149669774","372.52920149669774","181","181","181","131.86018582490047","131.86018582490047","131.86018582490047","181","181","181","74.82598835394549","74.82598835394549","74.82598835394549","181","181","181","89.79697465625823","89.79697465625823","89.79697465625823","181","181","181"
"3115","372.77476819178503","372.77476819178503","372.77476819178503","182","182","182","155.9621211277455","155.9621211277455","155.9621211277455","182","182","182","44.88399786312129","44.88399786312129","44.88399786312129","182","182","182","113.02421556477394","113.02421556477394","113.02421556477394","182","182","182"
"3120","336.81977286956715","336.81977286956715","336.81977286956715","183","183","183","105.99407290472244","105.99407290472244","105.99407290472244","183","183","183","34.50355189819449","34.50355189819449","34.50355189819449","183","183","183","69.83966904884336","69.83966904884336","69.83966904884336","183","183","183"
"3125","467.2887076817508","467.2887076817508","467.2887076817508","184","184","184","107.88844010950957","107.88844010950957","107.88844010950957","184","184","184","73.87400236036487","73.87400236036487","73.87400236036487","184","184","184","72.93962617665153","72.93962617665153","72.93962617665153","184","184","184"
"3130","426.42930899899704","426.42930899899704","426.42930899899704","185","185","185","68.50704500026433","68.50704500026433","68.50704500026433","185","185","185","43.62185965377186","43.62185965377186","43.62185965377186","185","185","185","100.27011986105097","100.27011986105097","100.27011986105097","185","185","185"
"3135","368.3022426708178","368.3022426708178","368.3022426708178","186","186","186","57.25272500220609","57.25272500220609","57.25272500220609","186","186","186","25.758271906955745","25.758271906955745","25.758271906955745","186","186","186","59.208503076752","59.208503076752","59.208503076752","186","186","186"
"3140","453.0787912746913","453.0787912746913","453.0787912746913","187","187","187","86.10716158655268","86.10716158655268","86.10716158655268","187","187","187","29.510001978338302","29.510001978338302","29.510001978338302","187","187","187","44.162028981791295","44.162028981791295","44.162028981791295","187","187","187"
"3145","609.0384954597926","609.0384954597926","609.0384954597926","188","188","188","209.94541784524353","209.94541784524353","209.94541784524353","188","188","188","37.42536106818899","37.42536106818899","37.42536106818899","188","188","188","45.977236493457944","45.977236493457944","45.977236493457944","188","188","188"
"3150","500.23114118405294","500.23114118405294","500.23114118405294","189","189","189","138.47066978343787","138.47066978343787","138.47066978343787","189","189","189","39.19930145715492","39.19930145715492","39.19930145715492","189","189","189","32.74909837702198","32.74909837702198","32.74909837702198","189","189","189"
"3155","404.1814865577715","404.1814865577715","404.1814865577715","190","190","190","102.06554580042223","102.06554580042223","102.06554580042223","190","190","190","27.24679551743541","27.24679551743541","27.24679551743541","190","190","190","35.83801510064771","35.83801510064771","35.83801510064771","190","190","190"
"3160","363.5651259974985","363.5651259974985","363.5651259974985","191","191","191","93.16868413969134","93.16868413969134","93.16868413969134","191","191","191","25.088960285090437","25.088960285090437","25.088960285090437","191","191","191","45.36198953678147","45.36198953678147","45.36198953678147","191","191","191"
"3165","360.1815712502629","360.1815712502629","360.1815712502629","192","192","192","123.61517629764634","123.61517629764634","123.61517629764634","192","192","192","45.814780158743055","45.814780158743055","45.814780158743055","192","192","192","51.9858012015741","51.9858012015741","51.9858012015741","192","192","192"
"3170","392.88361600756775","392.88361600756775","392.88361600756775","193","193","193","72.99352545199719","72.99352545199719","72.99352545199719","193","193","193","27.053169535936192","27.053169535936192","27.053169535936192","193","193","193","55.09709575151749","55.09709575151749","55.09709575151749","193","193","193"
"3175","338.69384641630876","338.69384641630876","338.69384641630876","194","194","194","46.30194684414983","46.30194684414983","46.30194684414983","194","194","194","51.27462607927497","51.27462607927497","51.27462607927497","194","194","194","83.23428407031358","83.23428407031358","83.23428407031358","194","194","194"
"3180","540.6953293703662","540.6953293703662","540.6953293703662","195","195","195","81.34083659200203","81.34083659200203","81.34083659200203","195","195","195","79.77715395355108","79.77715395355108","79.77715395355108","195","195","195","140.74901240067948","140.74901240067948","140.74901240067948","195","195","195"
"3185","570.0751850399075","570.0751850399075","570.0751850399075","196","196","196","68.0309505992113","68.0309505992113","68.0309505992113","196","196","196","72.80761163803237","72.80761163803237","72.80761163803237","196","196","196","127.71088433247724","127.71088433247724","127.71088433247724","196","196","196"
"3190","478.3236960142151","478.3236960142151","478.3236960142151","197","197","197","78.97159601932829","78.97159601932829","78.97159601932829","197","197","197","70.59216659614174","70.59216659614174","70.59216659614174","197","197","197","98.7120000894845","98.7120000894845","98.7120000894845","197","197","197"
"3195","1055.4453592594339","1055.4453592594339","1055.4453592594339","198","198","198","238.7319377334532","238.7319377334532","238.7319377334532","198","198","198","154.08396845335574","154.08396845335574","154.08396845335574","198","198","198","107.58844893283971","107.58844893283971","107.58844893283971","198","198","198"
"3200","772.3299301891033","772.3299301891033","772.3299301891033","199","199","199","177.2688219122268","177.2688219122268","177.2688219122268","199","199","199","90.98504253202204","90.98504253202204","90.98504253202204","199","199","199","92.32990321035253","92.32990321035253","92.32990321035253","199","199","199"
"3250","109.48041484607988","109.48041484607988","109.48041484607988","200","200","200","30.113603659402084","30.113603659402084","30.113603659402084","200","200","200","0.6689164564385018","0.6689164564385018","0.6689164564385018","200","200","200","2.1758475660597814","2.1758475660597814","2.1758475660597814","200","200","200"
"3300","557.0642374477209","557.0642374477209","557.0642374477209","201","201","201","230.0551987439429","230.0551987439429","230.0551987439429","201","201","201","185.20344744504897","185.20344744504897","185.20344744504897","201","201","201","124.91121382924088","124.91121382924088","124.91121382924088","201","201","201"
"3350","198.27098385584276","198.27098385584276","198.27098385584276","202","202","202","3.185652779601636","3.185652779601636","3.185652779601636","202","202","202","24.75449693575251","24.75449693575251","24.75449693575251","202","202","202","46.843764316949404","46.843764316949404","46.843764316949404","202","202","202"
"3400","150.92184408092723","150.92184408092723","150.92184408092723","203","203","203","13.716418138314642","13.716418138314642","13.716418138314642","203","203","203","0.12757911257716317","0.12757911257716317","0.12757911257716317","203","203","203","57.84142223115424","57.84142223115424","57.84142223115424","203","203","203"
"3450","230.7778172582673","230.7778172582673","230.7778172582673","204","204","204","57.470691335734486","57.470691335734486","57.470691335734486","204","204","204","12.400657514067372","12.400657514067372","12.400657514067372","204","204","204","111.99810168785106","111.99810168785106","111.99810168785106","204","204","204"
"3500","187.78937699298513","187.78937699298513","187.78937699298513","205","205","205","20.89619102415366","20.89619102415366","20.89619102415366","205","205","205","20.86391020125047","20.86391020125047","20.86391020125047","205","205","205","2.977213039745765","2.977213039745765","2.977213039745765","205","205","205"
"3550","213.16782423534457","213.16782423534457","213.16782423534457","206","206","206","11.00769427122771","11.00769427122771","11.00769427122771","206","206","206","0.107527903122958","0.107527903122958","0.107527903122958","206","206","206","37.21534388675116","37.21534388675116","37.21534388675116","206","206","206"
"3600","240.2986190475425","240.2986190475425","240.2986190475425","207","207","207","33.15673118182482","33.15673118182482","33.15673118182482","207","207","207","10.300554174641212","10.300554174641212","10.300554174641212","207","207","207","49.39179951665543","49.39179951665543","49.39179951665543","207","207","207"
"3650","149.4384450652005","149.4384450652005","149.4384450652005","208","208","208","1.5708823391206668","1.5708823391206668","1.5708823391206668","208","208","208","0.05308674072692363","0.05308674072692363","0.05308674072692363","208","208","208","32.054554231793865","32.054554231793865","32.054554231793865","208","208","208"
"3700","137.7701721531975","137.7701721531975","137.7701721531975","209","209","209","31.008095974452978","31.008095974452978","31.008095974452978","209","209","209","8.900273597128196","8.900273597128196","8.900273597128196","209","209","209","53.26520196688152","53.26520196688152","53.26520196688152","209","209","209"
"3750","157.4100364975514","157.4100364975514","157.4100364975514","210","210","210","0.15980875625933857","0.15980875625933857","0.15980875625933857","210","210","210","16.645870009403247","16.645870009403247","16.645870009403247","210","210","210","7.174516877309813","7.174516877309813","7.174516877309813","210","210","210"
"3800","182.41125594348446","182.41125594348446","182.41125594348446","211","211","211","58.40082361840593","58.40082361840593","58.40082361840593","211","211","211","27.185789072158737","27.185789072158737","27.185789072158737","211","211","211","12.03697584720678","12.03697584720678","12.03697584720678","211","211","211"
"3850","172.74010660841768","172.74010660841768","172.74010660841768","212","212","212","6.200984716851616","6.200984716851616","6.200984716851616","212","212","212","21.84010944571153","21.84010944571153","21.84010944571153","212","212","212","0.062035867692445415","0.062035867692445415","0.062035867692445415","212","212","212"
"3900","186.59026367874833","186.59026367874833","186.59026367874833","213","213","213","31.231958481294683","31.231958481294683","31.231958481294683","213","213","213","24.31255901458647","24.31255901458647","24.31255901458647","213","213","213","24.000319718916877","24.000319718916877","24.000319718916877","213","213","213"
"3950","236.86164427487486","236.86164427487486","236.86164427487486","214","214","214","21.46096249329695","21.46096249329695","21.46096249329695","214","214","214","20.025301463875884","20.025301463875884","20.025301463875884","214","214","214","39.823692252735114","39.823692252735114","39.823692252735114","214","214","214"
"4000","254.02073166982893","254.02073166982893","254.02073166982893","215","215","215","26.71060497642318","26.71060497642318","26.71060497642318","215","215","215","0.10320590220363483","0.10320590220363483","0.10320590220363483","215","215","215","101.4052423577961","101.4052423577961","101.4052423577961","215","215","215"
"4050","88.40916574902529","88.40916574902529","88.40916574902529","216","216","216","","","","","","","","","","","","","","","","","",""
"4100","94.15564096653718","94.15564096653718","94.15564096653718","217","217","217","","","","","","","","","","","","","","","","","",""
"4150","167.6852570080427","167.6852570080427","167.6852570080427","218","218","218","","","","","","","","","","","","","","","","","",""
"4200","80.06421212020116","80.06421212020116","80.06421212020116","219","219","219","","","","","","","","","","","","","","","","","",""
"4250","129.91263295141871","129.91263295141871","129.91263295141871","220","220","220","","","","","","","","","","","","","","","","","",""
"4300","101.46954050682271","101.46954050682271","101.46954050682271","221","221","221","","","","","","","","","","","","","","","","","",""
"4350","137.32295120216224","137.32295120216224","137.32295120216224","222","222","222","","","","","","","","","","","","","","","","","",""
"4400","165.20773162130175","165.20773162130175","165.20773162130175","223","223","223","","","","","","","","","","","","","","","","","",""
"4450","139.15144351128748","139.15144351128748","139.15144351128748","224","224","224","","","","","","","","","","","","","","","","","",""
"4500","252.5171552596313","252.5171552596313","252.5171552596313","225","225","225","","","","","","","","","","","","","","","","","",""
"4550","166.90141665420012","166.90141665420012","166.90141665420012","226","226","226","","","","","","","","","","","","","","","","","",""
"4600","203.16017238321902","203.16017238321902","203.16017238321902","227","227","227","","","","","","","","","","","","","","","","","",""
"4650","221.64704185954355","221.64704185954355","221.64704185954355","228","228","228","","","","","","","","","","","","","","","","","",""
"4700","139.24231902911154","139.24231902911154","139.24231902911154","229","229","229","","","","","","","","","","","","","","","","","",""
"4750","133.117623611622","133.117623611622","133.117623611622","230","230","230","","","","","","","","","","","","","","","","","",""
"4800","160.88605830822698","160.88605830822698","160.88605830822698","231","231","231","","","","","","","","","","","","","","","","","",""
"4850","242.4291705785124","242.4291705785124","242.4291705785124","232","232","232","","","","","","","","","","","","","","","","","",""
"4900","161.14942544885872","161.14942544885872","161.14942544885872","233","233","233","","","","","","","","","","","","","","","","","",""
"4950","140.53052791355222","140.53052791355222","140.53052791355222","234","234","234","","","","","","","","","","","","","","","","","",""
"5000","143.5242627506325","143.5242627506325","143.5242627506325","235","235","235","","","","","","","","","","","","","","","","","",""