"iter","env2_sgd_2500-3000 - EMA/KL_Div","env2_sgd_2500-3000 - EMA/KL_Div__MIN","env2_sgd_2500-3000 - EMA/KL_Div__MAX","env2_sgd_2500-3000 - _step","env2_sgd_2500-3000 - _step__MIN","env2_sgd_2500-3000 - _step__MAX","env2_lion_shock_2500-3000 - EMA/KL_Div","env2_lion_shock_2500-3000 - EMA/KL_Div__MIN","env2_lion_shock_2500-3000 - EMA/KL_Div__MAX","env2_lion_shock_2500-3000 - _step","env2_lion_shock_2500-3000 - _step__MIN","env2_lion_shock_2500-3000 - _step__MAX","env2_muon_shock_2500-3000 - EMA/KL_Div","env2_muon_shock_2500-3000 - EMA/KL_Div__MIN","env2_muon_shock_2500-3000 - EMA/KL_Div__MAX","env2_muon_shock_2500-3000 - _step","env2_muon_shock_2500-3000 - _step__MIN","env2_muon_shock_2500-3000 - _step__MAX","env2_adamw_shock_2500-3000 - EMA/KL_Div","env2_adamw_shock_2500-3000 - EMA/KL_Div__MIN","env2_adamw_shock_2500-3000 - EMA/KL_Div__MAX","env2_adamw_shock_2500-3000 - _step","env2_adamw_shock_2500-3000 - _step__MIN","env2_adamw_shock_2500-3000 - _step__MAX"
"0","0.0608712158476313","0.0608712158476313","0.0608712158476313","0","0","0","0.0608712158476313","0.0608712158476313","0.0608712158476313","0","0","0","0.0608712158476313","0.0608712158476313","0.0608712158476313","0","0","0","0.0608712158476313","0.0608712158476313","0.0608712158476313","0","0","0"
"50","0.0015485302340131676","0.0015485302340131676","0.0015485302340131676","1","1","1","0.0040136059851588485","0.0040136059851588485","0.0040136059851588485","1","1","1","0.003264224159520534","0.003264224159520534","0.003264224159520534","1","1","1","0.022016406737257212","0.022016406737257212","0.022016406737257212","1","1","1"
"100","0.0009608154127008194","0.0009608154127008194","0.0009608154127008194","2","2","2","0.0014407006534066147","0.0014407006534066147","0.0014407006534066147","2","2","2","0.0021716873086689925","0.0021716873086689925","0.0021716873086689925","2","2","2","0.017190451410733776","0.017190451410733776","0.017190451410733776","2","2","2"
"150","0.0009432191029647027","0.0009432191029647027","0.0009432191029647027","3","3","3","0.0011436882821599579","0.0011436882821599579","0.0011436882821599579","3","3","3","0.002001731704918313","0.002001731704918313","0.002001731704918313","3","3","3","0.016342682018046933","0.016342682018046933","0.016342682018046933","3","3","3"
"200","0.0008259180973606642","0.0008259180973606642","0.0008259180973606642","4","4","4","0.0007286397612852867","0.0007286397612852867","0.0007286397612852867","4","4","4","0.002838972022384478","0.002838972022384478","0.002838972022384478","4","4","4","0.015508383691781317","0.015508383691781317","0.015508383691781317","4","4","4"
"250","0.0009458319613544886","0.0009458319613544886","0.0009458319613544886","5","5","5","0.0008548887423477724","0.0008548887423477724","0.0008548887423477724","5","5","5","0.0020317460144766934","0.0020317460144766934","0.0020317460144766934","5","5","5","0.013569261008635557","0.013569261008635557","0.013569261008635557","5","5","5"
"300","0.0007872772101310639","0.0007872772101310639","0.0007872772101310639","6","6","6","0.0013431658848802382","0.0013431658848802382","0.0013431658848802382","6","6","6","0.0018891960303358763","0.0018891960303358763","0.0018891960303358763","6","6","6","0.01375062940839472","0.01375062940839472","0.01375062940839472","6","6","6"
"350","0.001001062115511663","0.001001062115511663","0.001001062115511663","7","7","7","0.0012158986897503718","0.0012158986897503718","0.0012158986897503718","7","7","7","0.0018938233873969845","0.0018938233873969845","0.0018938233873969845","7","7","7","0.013298905047513257","0.013298905047513257","0.013298905047513257","7","7","7"
"400","0.0009428854037249096","0.0009428854037249096","0.0009428854037249096","8","8","8","0.0013030907629747145","0.0013030907629747145","0.0013030907629747145","8","8","8","0.001724171842104152","0.001724171842104152","0.001724171842104152","8","8","8","0.013226957432752344","0.013226957432752344","0.013226957432752344","8","8","8"
"450","0.0009210134346054774","0.0009210134346054774","0.0009210134346054774","9","9","9","0.001097970727453046","0.001097970727453046","0.001097970727453046","9","9","9","0.0016708203251524518","0.0016708203251524518","0.0016708203251524518","9","9","9","0.012488964436927026","0.012488964436927026","0.012488964436927026","9","9","9"
"500","0.000892415469271131","0.000892415469271131","0.000892415469271131","10","10","10","0.0011541743235851769","0.0011541743235851769","0.0011541743235851769","10","10","10","0.0013095782958911467","0.0013095782958911467","0.0013095782958911467","10","10","10","0.01154381719513911","0.01154381719513911","0.01154381719513911","10","10","10"
"550","0.0009825719746770231","0.0009825719746770231","0.0009825719746770231","11","11","11","0.0013779790428426774","0.0013779790428426774","0.0013779790428426774","11","11","11","0.001461499146303168","0.001461499146303168","0.001461499146303168","11","11","11","0.010278916532064199","0.010278916532064199","0.010278916532064199","11","11","11"
"600","0.0011302753401612263","0.0011302753401612263","0.0011302753401612263","12","12","12","0.0012345027117870715","0.0012345027117870715","0.0012345027117870715","12","12","12","0.0014729196088135615","0.0014729196088135615","0.0014729196088135615","12","12","12","0.010239759505024237","0.010239759505024237","0.010239759505024237","12","12","12"
"650","0.0009659832062148407","0.0009659832062148407","0.0009659832062148407","13","13","13","0.0013234244231670243","0.0013234244231670243","0.0013234244231670243","13","13","13","0.001368055091738336","0.001368055091738336","0.001368055091738336","13","13","13","0.00876886176580289","0.00876886176580289","0.00876886176580289","13","13","13"
"700","0.0009798608931793785","0.0009798608931793785","0.0009798608931793785","14","14","14","0.0015456948564300777","0.0015456948564300777","0.0015456948564300777","14","14","14","0.001157650717306091","0.001157650717306091","0.001157650717306091","14","14","14","0.008160222325739673","0.008160222325739673","0.008160222325739673","14","14","14"
"750","0.001049807604295916","0.001049807604295916","0.001049807604295916","15","15","15","0.0012428477437050976","0.0012428477437050976","0.0012428477437050976","15","15","15","0.0013839671794759554","0.0013839671794759554","0.0013839671794759554","15","15","15","0.00815613089820021","0.00815613089820021","0.00815613089820021","15","15","15"
"800","0.0011729410854235387","0.0011729410854235387","0.0011729410854235387","16","16","16","0.0012791076060341179","0.0012791076060341179","0.0012791076060341179","16","16","16","0.0013739180649767592","0.0013739180649767592","0.0013739180649767592","16","16","16","0.008098173445254913","0.008098173445254913","0.008098173445254913","16","16","16"
"850","0.001141690101492445","0.001141690101492445","0.001141690101492445","17","17","17","0.0013284784180032417","0.0013284784180032417","0.0013284784180032417","17","17","17","0.0014727333443398766","0.0014727333443398766","0.0014727333443398766","17","17","17","0.007545572767499313","0.007545572767499313","0.007545572767499313","17","17","17"
"900","0.0010666128787285999","0.0010666128787285999","0.0010666128787285999","18","18","18","0.0012784786203334677","0.0012784786203334677","0.0012784786203334677","18","18","18","0.0012571043773685847","0.0012571043773685847","0.0012571043773685847","18","18","18","0.007387651911264074","0.007387651911264074","0.007387651911264074","18","18","18"
"950","0.0010850900997762115","0.0010850900997762115","0.0010850900997762115","19","19","19","0.0010385924102694491","0.0010385924102694491","0.0010385924102694491","19","19","19","0.001352725785874532","0.001352725785874532","0.001352725785874532","19","19","19","0.007285484049520237","0.007285484049520237","0.007285484049520237","19","19","19"
"1000","0.0009900532330329058","0.0009900532330329058","0.0009900532330329058","20","20","20","0.0011841588382895754","0.0011841588382895754","0.0011841588382895754","20","20","20","0.001166566256192749","0.001166566256192749","0.001166566256192749","20","20","20","0.006889764300010735","0.006889764300010735","0.006889764300010735","20","20","20"
"1050","0.0011371415313338668","0.0011371415313338668","0.0011371415313338668","21","21","21","0.0010885931954307962","0.0010885931954307962","0.0010885931954307962","21","21","21","0.001312192674418573","0.001312192674418573","0.001312192674418573","21","21","21","0.006934274928315071","0.006934274928315071","0.006934274928315071","21","21","21"
"1100","0.001170401259096898","0.001170401259096898","0.001170401259096898","22","22","22","0.000869048495288281","0.000869048495288281","0.000869048495288281","22","22","22","0.0010741017386037464","0.0010741017386037464","0.0010741017386037464","22","22","22","0.0065899977370127575","0.0065899977370127575","0.0065899977370127575","22","22","22"
"1150","0.0014853377310255378","0.0014853377310255378","0.0014853377310255378","23","23","23","0.001179039597585566","0.001179039597585566","0.001179039597585566","23","23","23","0.0013742198142879627","0.0013742198142879627","0.0013742198142879627","23","23","23","0.007228841031201461","0.007228841031201461","0.007228841031201461","23","23","23"
"1200","0.0010587861273172953","0.0010587861273172953","0.0010587861273172953","24","24","24","0.0008896461588133358","0.0008896461588133358","0.0008896461588133358","24","24","24","0.00119334915551484","0.00119334915551484","0.00119334915551484","24","24","24","0.006197774410803381","0.006197774410803381","0.006197774410803381","24","24","24"
"1250","0.0011281613441246085","0.0011281613441246085","0.0011281613441246085","25","25","25","0.0011396799968471788","0.0011396799968471788","0.0011396799968471788","25","25","25","0.0014912796835605704","0.0014912796835605704","0.0014912796835605704","25","25","25","0.0059008404855265505","0.0059008404855265505","0.0059008404855265505","25","25","25"
"1300","0.0010809516577477","0.0010809516577477","0.0010809516577477","26","26","26","0.0008535912774279334","0.0008535912774279334","0.0008535912774279334","26","26","26","0.0014882728109363442","0.0014882728109363442","0.0014882728109363442","26","26","26","0.005492736721395244","0.005492736721395244","0.005492736721395244","26","26","26"
"1350","0.0010215256327925225","0.0010215256327925225","0.0010215256327925225","27","27","27","0.0010337656663948478","0.0010337656663948478","0.0010337656663948478","27","27","27","0.0015187320825214153","0.0015187320825214153","0.0015187320825214153","27","27","27","0.005427890213437719","0.005427890213437719","0.005427890213437719","27","27","27"
"1400","0.0012471720201163014","0.0012471720201163014","0.0012471720201163014","28","28","28","0.0008706655762279859","0.0008706655762279859","0.0008706655762279859","28","28","28","0.0012959073260753046","0.0012959073260753046","0.0012959073260753046","28","28","28","0.005408967245140603","0.005408967245140603","0.005408967245140603","28","28","28"
"1450","0.0010835683489652018","0.0010835683489652018","0.0010835683489652018","29","29","29","0.0007927172833318376","0.0007927172833318376","0.0007927172833318376","29","29","29","0.0013155378072695662","0.0013155378072695662","0.0013155378072695662","29","29","29","0.004977281397249771","0.004977281397249771","0.004977281397249771","29","29","29"
"1500","0.0011510592278646016","0.0011510592278646016","0.0011510592278646016","30","30","30","0.0008365178709735345","0.0008365178709735345","0.0008365178709735345","30","30","30","0.0012673226849607973","0.0012673226849607973","0.0012673226849607973","30","30","30","0.004756369720407776","0.004756369720407776","0.004756369720407776","30","30","30"
"1550","0.0011809628309411022","0.0011809628309411022","0.0011809628309411022","31","31","31","0.0009546258263263142","0.0009546258263263142","0.0009546258263263142","31","31","31","0.0011554604930298347","0.0011554604930298347","0.0011554604930298347","31","31","31","0.004931120679594282","0.004931120679594282","0.004931120679594282","31","31","31"
"1600","0.0011038621294129417","0.0011038621294129417","0.0011038621294129417","32","32","32","0.0007218461697617419","0.0007218461697617419","0.0007218461697617419","32","32","32","0.000989337605422053","0.000989337605422053","0.000989337605422053","32","32","32","0.004754545527748314","0.004754545527748314","0.004754545527748314","32","32","32"
"1650","0.001206910683526804","0.001206910683526804","0.001206910683526804","33","33","33","0.0008785204213601237","0.0008785204213601237","0.0008785204213601237","33","33","33","0.001232672788677741","0.001232672788677741","0.001232672788677741","33","33","33","0.004440775934088894","0.004440775934088894","0.004440775934088894","33","33","33"
"1700","0.0013280740997718755","0.0013280740997718755","0.0013280740997718755","34","34","34","0.0009829594232621552","0.0009829594232621552","0.0009829594232621552","34","34","34","0.001640581629163061","0.001640581629163061","0.001640581629163061","34","34","34","0.004472194788113255","0.004472194788113255","0.004472194788113255","34","34","34"
"1750","0.0011993120222500825","0.0011993120222500825","0.0011993120222500825","35","35","35","0.0007034244321030981","0.0007034244321030981","0.0007034244321030981","35","35","35","0.0011781024498054423","0.0011781024498054423","0.0011781024498054423","35","35","35","0.004365125458824333","0.004365125458824333","0.004365125458824333","35","35","35"
"1800","0.0014580724667529277","0.0014580724667529277","0.0014580724667529277","36","36","36","0.0010712936306359671","0.0010712936306359671","0.0010712936306359671","36","36","36","0.0013860209332170173","0.0013860209332170173","0.0013860209332170173","36","36","36","0.0045714767674515265","0.0045714767674515265","0.0045714767674515265","36","36","36"
"1850","0.0011716888594112047","0.0011716888594112047","0.0011716888594112047","37","37","37","0.0006338910203382886","0.0006338910203382886","0.0006338910203382886","37","37","37","0.0010957660115259585","0.0010957660115259585","0.0010957660115259585","37","37","37","0.0038847761984412287","0.0038847761984412287","0.0038847761984412287","37","37","37"
"1900","0.0011801001801350088","0.0011801001801350088","0.0011801001801350088","38","38","38","0.0008274733241055198","0.0008274733241055198","0.0008274733241055198","38","38","38","0.0012264814549843679","0.0012264814549843679","0.0012264814549843679","38","38","38","0.003954837192839235","0.003954837192839235","0.003954837192839235","38","38","38"
"1950","0.0011793108501992953","0.0011793108501992953","0.0011793108501992953","39","39","39","0.0009455420077468012","0.0009455420077468012","0.0009455420077468012","39","39","39","0.0014932691810349973","0.0014932691810349973","0.0014932691810349973","39","39","39","0.004023549478756184","0.004023549478756184","0.004023549478756184","39","39","39"
"2000","0.0011488420760039052","0.0011488420760039052","0.0011488420760039052","40","40","40","0.0006697215571821318","0.0006697215571821318","0.0006697215571821318","40","40","40","0.0011442628740208093","0.0011442628740208093","0.0011442628740208093","40","40","40","0.0037107410666566087","0.0037107410666566087","0.0037107410666566087","40","40","40"
"2050","0.0011669189477582242","0.0011669189477582242","0.0011669189477582242","41","41","41","0.0007339875411436168","0.0007339875411436168","0.0007339875411436168","41","41","41","0.0010938232758501048","0.0010938232758501048","0.0010938232758501048","41","41","41","0.003794055638159244","0.003794055638159244","0.003794055638159244","41","41","41"
"2100","0.0013118124403084473","0.0013118124403084473","0.0013118124403084473","42","42","42","0.0007902082439493807","0.0007902082439493807","0.0007902082439493807","42","42","42","0.001372568620201011","0.001372568620201011","0.001372568620201011","42","42","42","0.003503782242644474","0.003503782242644474","0.003503782242644474","42","42","42"
"2150","0.001079146561667308","0.001079146561667308","0.001079146561667308","43","43","43","0.0007666775359201454","0.0007666775359201454","0.0007666775359201454","43","43","43","0.001194974736460091","0.001194974736460091","0.001194974736460091","43","43","43","0.0033871992934206506","0.0033871992934206506","0.0033871992934206506","43","43","43"
"2200","0.0011988363062342634","0.0011988363062342634","0.0011988363062342634","44","44","44","0.0009195747631993993","0.0009195747631993993","0.0009195747631993993","44","44","44","0.0015974994406097614","0.0015974994406097614","0.0015974994406097614","44","44","44","0.003344880151296259","0.003344880151296259","0.003344880151296259","44","44","44"
"2250","0.0010469386578662628","0.0010469386578662628","0.0010469386578662628","45","45","45","0.0006329649344272823","0.0006329649344272823","0.0006329649344272823","45","45","45","0.0012896224211258853","0.0012896224211258853","0.0012896224211258853","45","45","45","0.0031584159111264936","0.0031584159111264936","0.0031584159111264936","45","45","45"
"2300","0.0012731212805298102","0.0012731212805298102","0.0012731212805298102","46","46","46","0.0010159086861709487","0.0010159086861709487","0.0010159086861709487","46","46","46","0.001779039151495438","0.001779039151495438","0.001779039151495438","46","46","46","0.00318876258197963","0.00318876258197963","0.00318876258197963","46","46","46"
"2350","0.0013938748082950756","0.0013938748082950756","0.0013938748082950756","47","47","47","0.001093690944705905","0.001093690944705905","0.001093690944705905","47","47","47","0.0015346931351397158","0.0015346931351397158","0.0015346931351397158","47","47","47","0.003213238887687204","0.003213238887687204","0.003213238887687204","47","47","47"
"2400","0.0013347073531294444","0.0013347073531294444","0.0013347073531294444","48","48","48","0.0008433056155739997","0.0008433056155739997","0.0008433056155739997","48","48","48","0.0013674683760457088","0.0013674683760457088","0.0013674683760457088","48","48","48","0.002845279777839227","0.002845279777839227","0.002845279777839227","48","48","48"
"2450","0.0021299633839222025","0.0021299633839222025","0.0021299633839222025","49","49","49","0.001009986041903225","0.001009986041903225","0.001009986041903225","49","49","49","0.0014489996519937254","0.0014489996519937254","0.0014489996519937254","49","49","49","0.00359689196959517","0.00359689196959517","0.00359689196959517","49","49","49"
"2455","0.0023449231470604815","0.0023449231470604815","0.0023449231470604815","50","50","50","0.001351341882576257","0.001351341882576257","0.001351341882576257","50","50","50","0.0021714039173665344","0.0021714039173665344","0.0021714039173665344","50","50","50","0.004552285716305898","0.004552285716305898","0.004552285716305898","50","50","50"
"2460","0.002624609660924762","0.002624609660924762","0.002624609660924762","51","51","51","0.001499787570866298","0.001499787570866298","0.001499787570866298","51","51","51","0.0024470990660522777","0.0024470990660522777","0.0024470990660522777","51","51","51","0.005374282572426359","0.005374282572426359","0.005374282572426359","51","51","51"
"2465","0.0027293732347931","0.0027293732347931","0.0027293732347931","52","52","52","0.0016578726413607452","0.0016578726413607452","0.0016578726413607452","52","52","52","0.002859120561538839","0.002859120561538839","0.002859120561538839","52","52","52","0.0058757288880192625","0.0058757288880192625","0.0058757288880192625","52","52","52"
"2470","0.0029751166329000855","0.0029751166329000855","0.0029751166329000855","53","53","53","0.0017749778600931435","0.0017749778600931435","0.0017749778600931435","53","53","53","0.00306453202095988","0.00306453202095988","0.00306453202095988","53","53","53","0.006313105335487212","0.006313105335487212","0.006313105335487212","53","53","53"
"2475","0.0029670108338711552","0.0029670108338711552","0.0029670108338711552","54","54","54","0.0017813037767564891","0.0017813037767564891","0.0017813037767564891","54","54","54","0.0032242847020319933","0.0032242847020319933","0.0032242847020319933","54","54","54","0.006241654412142097","0.006241654412142097","0.006241654412142097","54","54","54"
"2480","0.0028791782746867348","0.0028791782746867348","0.0028791782746867348","55","55","55","0.0017544359618123138","0.0017544359618123138","0.0017544359618123138","55","55","55","0.003115532885340679","0.003115532885340679","0.003115532885340679","55","55","55","0.006420551543564214","0.006420551543564214","0.006420551543564214","55","55","55"
"2485","0.0027803900529058995","0.0027803900529058995","0.0027803900529058995","56","56","56","0.0017224711598779574","0.0017224711598779574","0.0017224711598779574","56","56","56","0.0030084271769915912","0.0030084271769915912","0.0030084271769915912","56","56","56","0.006443716217991289","0.006443716217991289","0.006443716217991289","56","56","56"
"2490","0.0027711037174494445","0.0027711037174494445","0.0027711037174494445","57","57","57","0.0017847036956959892","0.0017847036956959892","0.0017847036956959892","57","57","57","0.003024454420985547","0.003024454420985547","0.003024454420985547","57","57","57","0.006575553220405618","0.006575553220405618","0.006575553220405618","57","57","57"
"2495","0.002804404300252753","0.002804404300252753","0.002804404300252753","58","58","58","0.0018154295859410799","0.0018154295859410799","0.0018154295859410799","58","58","58","0.0031532484187387147","0.0031532484187387147","0.0031532484187387147","58","58","58","0.006411016290617633","0.006411016290617633","0.006411016290617633","58","58","58"
"2500","0.016844621371135092","0.016844621371135092","0.016844621371135092","59","59","59","0.010192425303656953","0.010192425303656953","0.010192425303656953","59","59","59","0.016930479004716132","0.016930479004716132","0.016930479004716132","59","59","59","0.014450381959315962","0.014450381959315962","0.014450381959315962","59","59","59"
"2505","0.020194090896704472","0.020194090896704472","0.020194090896704472","60","60","60","0.013241766403946715","0.013241766403946715","0.013241766403946715","60","60","60","0.01940741244326951","0.01940741244326951","0.01940741244326951","60","60","60","0.019460595204759137","0.019460595204759137","0.019460595204759137","60","60","60"
"2510","0.01819911371022325","0.01819911371022325","0.01819911371022325","61","61","61","0.014753830122115253","0.014753830122115253","0.014753830122115253","61","61","61","0.016421770813807805","0.016421770813807805","0.016421770813807805","61","61","61","0.022014964107240673","0.022014964107240673","0.022014964107240673","61","61","61"
"2515","0.016372298354296783","0.016372298354296783","0.016372298354296783","62","62","62","0.013813484540186636","0.013813484540186636","0.013813484540186636","62","62","62","0.01384833394736625","0.01384833394736625","0.01384833394736625","62","62","62","0.01933886324580566","0.01933886324580566","0.01933886324580566","62","62","62"
"2520","0.015152998887961212","0.015152998887961212","0.015152998887961212","63","63","63","0.011382250948133428","0.011382250948133428","0.011382250948133428","63","63","63","0.012130416228131189","0.012130416228131189","0.012130416228131189","63","63","63","0.017895404688496677","0.017895404688496677","0.017895404688496677","63","63","63"
"2525","0.013538284363175342","0.013538284363175342","0.013538284363175342","64","64","64","0.009337453448909174","0.009337453448909174","0.009337453448909174","64","64","64","0.010542050172085388","0.010542050172085388","0.010542050172085388","64","64","64","0.015404073158226264","0.015404073158226264","0.015404073158226264","64","64","64"
"2530","0.011836012556180348","0.011836012556180348","0.011836012556180348","65","65","65","0.007937096757202588","0.007937096757202588","0.007937096757202588","65","65","65","0.009654010489739828","0.009654010489739828","0.009654010489739828","65","65","65","0.013165830934447013","0.013165830934447013","0.013165830934447013","65","65","65"
"2535","0.010313129113463776","0.010313129113463776","0.010313129113463776","66","66","66","0.006708190522988323","0.006708190522988323","0.006708190522988323","66","66","66","0.007962736874738495","0.007962736874738495","0.007962736874738495","66","66","66","0.011296426406712051","0.011296426406712051","0.011296426406712051","66","66","66"
"2540","0.009071721951098996","0.009071721951098996","0.009071721951098996","67","67","67","0.00574018790061294","0.00574018790061294","0.00574018790061294","67","67","67","0.006896333485805359","0.006896333485805359","0.006896333485805359","67","67","67","0.010138373173265077","0.010138373173265077","0.010138373173265077","67","67","67"
"2545","0.00872692508819352","0.00872692508819352","0.00872692508819352","68","68","68","0.0054214882690031465","0.0054214882690031465","0.0054214882690031465","68","68","68","0.006670920932027169","0.006670920932027169","0.006670920932027169","68","68","68","0.009334008178428502","0.009334008178428502","0.009334008178428502","68","68","68"
"2550","0.008224962863043863","0.008224962863043863","0.008224962863043863","69","69","69","0.004764106336846855","0.004764106336846855","0.004764106336846855","69","69","69","0.006542055599793976","0.006542055599793976","0.006542055599793976","69","69","69","0.008406393507534367","0.008406393507534367","0.008406393507534367","69","69","69"
"2555","0.007723611349534614","0.007723611349534614","0.007723611349534614","70","70","70","0.004637660604913996","0.004637660604913996","0.004637660604913996","70","70","70","0.005720225723060551","0.005720225723060551","0.005720225723060551","70","70","70","0.007660434985872342","0.007660434985872342","0.007660434985872342","70","70","70"
"2560","0.00738664612009232","0.00738664612009232","0.00738664612009232","71","71","71","0.004103674573092519","0.004103674573092519","0.004103674573092519","71","71","71","0.005366127463620947","0.005366127463620947","0.005366127463620947","71","71","71","0.007125519459164629","0.007125519459164629","0.007125519459164629","71","71","71"
"2565","0.006791134780974095","0.006791134780974095","0.006791134780974095","72","72","72","0.0038157399959462854","0.0038157399959462854","0.0038157399959462854","72","72","72","0.00454319709804585","0.00454319709804585","0.00454319709804585","72","72","72","0.0069217734179672025","0.0069217734179672025","0.0069217734179672025","72","72","72"
"2570","0.006430687529084421","0.006430687529084421","0.006430687529084421","73","73","73","0.0037755761912819426","0.0037755761912819426","0.0037755761912819426","73","73","73","0.004312784478455085","0.004312784478455085","0.004312784478455085","73","73","73","0.0063568566023252965","0.0063568566023252965","0.0063568566023252965","73","73","73"
"2575","0.00640931559052162","0.00640931559052162","0.00640931559052162","74","74","74","0.0037104726361078433","0.0037104726361078433","0.0037104726361078433","74","74","74","0.004269680945597417","0.004269680945597417","0.004269680945597417","74","74","74","0.006371230857752541","0.006371230857752541","0.006371230857752541","74","74","74"
"2580","0.0063787171751866064","0.0063787171751866064","0.0063787171751866064","75","75","75","0.0036965423584178264","0.0036965423584178264","0.0036965423584178264","75","75","75","0.004730971942292401","0.004730971942292401","0.004730971942292401","75","75","75","0.006410079750162025","0.006410079750162025","0.006410079750162025","75","75","75"
"2585","0.006294186243744662","0.006294186243744662","0.006294186243744662","76","76","76","0.003505083236272897","0.003505083236272897","0.003505083236272897","76","76","76","0.004718798846568322","0.004718798846568322","0.004718798846568322","76","76","76","0.006377056381522044","0.006377056381522044","0.006377056381522044","76","76","76"
"2590","0.00667971749739571","0.00667971749739571","0.00667971749739571","77","77","77","0.003452542348871289","0.003452542348871289","0.003452542348871289","77","77","77","0.004546040647054229","0.004546040647054229","0.004546040647054229","77","77","77","0.006303916314573254","0.006303916314573254","0.006303916314573254","77","77","77"
"2595","0.006827920767433335","0.006827920767433335","0.006827920767433335","78","78","78","0.0037326297522017773","0.0037326297522017773","0.0037326297522017773","78","78","78","0.0047143446237711585","0.0047143446237711585","0.0047143446237711585","78","78","78","0.006388236296674273","0.006388236296674273","0.006388236296674273","78","78","78"
"2600","0.006416119681227129","0.006416119681227129","0.006416119681227129","79","79","79","0.0032814687383194733","0.0032814687383194733","0.0032814687383194733","79","79","79","0.004303363561782691","0.004303363561782691","0.004303363561782691","79","79","79","0.0070078358639175855","0.0070078358639175855","0.0070078358639175855","79","79","79"
"2605","0.005989169069891397","0.005989169069891397","0.005989169069891397","80","80","80","0.003014334865923114","0.003014334865923114","0.003014334865923114","80","80","80","0.0038458359599134453","0.0038458359599134453","0.0038458359599134453","80","80","80","0.006705205564909847","0.006705205564909847","0.006705205564909847","80","80","80"
"2610","0.005488231854553996","0.005488231854553996","0.005488231854553996","81","81","81","0.0027754077085108074","0.0027754077085108074","0.0027754077085108074","81","81","81","0.003640248354804405","0.003640248354804405","0.003640248354804405","81","81","81","0.006497146650681318","0.006497146650681318","0.006497146650681318","81","81","81"
"2615","0.005801335831799226","0.005801335831799226","0.005801335831799226","82","82","82","0.002736960574459458","0.002736960574459458","0.002736960574459458","82","82","82","0.0033902192713219075","0.0033902192713219075","0.0033902192713219075","82","82","82","0.006422767921174545","0.006422767921174545","0.006422767921174545","82","82","82"
"2620","0.005987205892040576","0.005987205892040576","0.005987205892040576","83","83","83","0.0027474554782391898","0.0027474554782391898","0.0027474554782391898","83","83","83","0.0035152882401128208","0.0035152882401128208","0.0035152882401128208","83","83","83","0.006336875707144779","0.006336875707144779","0.006336875707144779","83","83","83"
"2625","0.0058829250536659656","0.0058829250536659656","0.0058829250536659656","84","84","84","0.0027773870283012156","0.0027773870283012156","0.0027773870283012156","84","84","84","0.003476857730724346","0.003476857730724346","0.003476857730724346","84","84","84","0.006310141734688888","0.006310141734688888","0.006310141734688888","84","84","84"
"2630","0.006022367145571283","0.006022367145571283","0.006022367145571283","85","85","85","0.0028157208224479937","0.0028157208224479937","0.0028157208224479937","85","85","85","0.003634894393355229","0.003634894393355229","0.003634894393355229","85","85","85","0.006362027057291302","0.006362027057291302","0.006362027057291302","85","85","85"
"2635","0.006150086752859442","0.006150086752859442","0.006150086752859442","86","86","86","0.0029354123088016983","0.0029354123088016983","0.0029354123088016983","86","86","86","0.003508792171790056","0.003508792171790056","0.003508792171790056","86","86","86","0.006458739891885505","0.006458739891885505","0.006458739891885505","86","86","86"
"2640","0.006131554302091955","0.006131554302091955","0.006131554302091955","87","87","87","0.00278703158943673","0.00278703158943673","0.00278703158943673","87","87","87","0.003481503119347623","0.003481503119347623","0.003481503119347623","87","87","87","0.006133569940814328","0.006133569940814328","0.006133569940814328","87","87","87"
"2645","0.00622277477127897","0.00622277477127897","0.00622277477127897","88","88","88","0.0025746479688919565","0.0025746479688919565","0.0025746479688919565","88","88","88","0.003321921261413727","0.003321921261413727","0.003321921261413727","88","88","88","0.005879908473869441","0.005879908473869441","0.005879908473869441","88","88","88"
"2650","0.0064123661675036985","0.0064123661675036985","0.0064123661675036985","89","89","89","0.002613488113104567","0.002613488113104567","0.002613488113104567","89","89","89","0.0031781129859486928","0.0031781129859486928","0.0031781129859486928","89","89","89","0.005883422993840217","0.005883422993840217","0.005883422993840217","89","89","89"
"2655","0.006204405520183268","0.006204405520183268","0.006204405520183268","90","90","90","0.0026711737347485864","0.0026711737347485864","0.0026711737347485864","90","90","90","0.0029327073295828602","0.0029327073295828602","0.0029327073295828602","90","90","90","0.005680861520819097","0.005680861520819097","0.005680861520819097","90","90","90"
"2660","0.006098862149378858","0.006098862149378858","0.006098862149378858","91","91","91","0.002718591869457664","0.002718591869457664","0.002718591869457664","91","91","91","0.002874485388498995","0.002874485388498995","0.002874485388498995","91","91","91","0.005573495591208699","0.005573495591208699","0.005573495591208699","91","91","91"
"2665","0.006232667608612338","0.006232667608612338","0.006232667608612338","92","92","92","0.002412385921819117","0.002412385921819117","0.002412385921819117","92","92","92","0.0028731953709672698","0.0028731953709672698","0.0028731953709672698","92","92","92","0.005458292746403397","0.005458292746403397","0.005458292746403397","92","92","92"
"2670","0.006148306238335314","0.006148306238335314","0.006148306238335314","93","93","93","0.002455153117297285","0.002455153117297285","0.002455153117297285","93","93","93","0.0029257741510873595","0.0029257741510873595","0.0029257741510873595","93","93","93","0.005439639986375625","0.005439639986375625","0.005439639986375625","93","93","93"
"2675","0.005829584041805676","0.005829584041805676","0.005829584041805676","94","94","94","0.002569670052494204","0.002569670052494204","0.002569670052494204","94","94","94","0.002817385983219136","0.002817385983219136","0.002817385983219136","94","94","94","0.006106996316189566","0.006106996316189566","0.006106996316189566","94","94","94"
"2680","0.005878563717680812","0.005878563717680812","0.005878563717680812","95","95","95","0.002499901279437118","0.002499901279437118","0.002499901279437118","95","95","95","0.002803236589027134","0.002803236589027134","0.002803236589027134","95","95","95","0.006371474039332771","0.006371474039332771","0.006371474039332771","95","95","95"
"2685","0.006147967774930289","0.006147967774930289","0.006147967774930289","96","96","96","0.0024002414494378728","0.0024002414494378728","0.0024002414494378728","96","96","96","0.002873838249502411","0.002873838249502411","0.002873838249502411","96","96","96","0.006228213330359684","0.006228213330359684","0.006228213330359684","96","96","96"
"2690","0.005725917977561182","0.005725917977561182","0.005725917977561182","97","97","97","0.0023764115108884476","0.0023764115108884476","0.0023764115108884476","97","97","97","0.002740446358913593","0.002740446358913593","0.002740446358913593","97","97","97","0.005871157480264967","0.005871157480264967","0.005871157480264967","97","97","97"
"2695","0.005708429331343064","0.005708429331343064","0.005708429331343064","98","98","98","0.0023212248244201612","0.0023212248244201612","0.0023212248244201612","98","98","98","0.0025486230804526813","0.0025486230804526813","0.0025486230804526813","98","98","98","0.005666458446181287","0.005666458446181287","0.005666458446181287","98","98","98"
"2700","0.005663770666430434","0.005663770666430434","0.005663770666430434","99","99","99","0.0024104380376233367","0.0024104380376233367","0.0024104380376233367","99","99","99","0.0027445398125837076","0.0027445398125837076","0.0027445398125837076","99","99","99","0.005697345720489555","0.005697345720489555","0.005697345720489555","99","99","99"
"2705","0.0055602704882393","0.0055602704882393","0.0055602704882393","100","100","100","0.0023398250762950547","0.0023398250762950547","0.0023398250762950547","100","100","100","0.002575216837958928","0.002575216837958928","0.002575216837958928","100","100","100","0.005737587836331879","0.005737587836331879","0.005737587836331879","100","100","100"
"2710","0.005492182864835861","0.005492182864835861","0.005492182864835861","101","101","101","0.002237314729684424","0.002237314729684424","0.002237314729684424","101","101","101","0.0026169238852234017","0.0026169238852234017","0.0026169238852234017","101","101","101","0.005441930214029342","0.005441930214029342","0.005441930214029342","101","101","101"
"2715","0.005240909437127706","0.005240909437127706","0.005240909437127706","102","102","102","0.0022977519762916064","0.0022977519762916064","0.0022977519762916064","102","102","102","0.002702750067402403","0.002702750067402403","0.002702750067402403","102","102","102","0.0057101636306732826","0.0057101636306732826","0.0057101636306732826","102","102","102"
"2720","0.005244838921172317","0.005244838921172317","0.005244838921172317","103","103","103","0.0022674997081057694","0.0022674997081057694","0.0022674997081057694","103","103","103","0.0025101830531940195","0.0025101830531940195","0.0025101830531940195","103","103","103","0.005562898579210783","0.005562898579210783","0.005562898579210783","103","103","103"
"2725","0.005436171313944461","0.005436171313944461","0.005436171313944461","104","104","104","0.002454780611817188","0.002454780611817188","0.002454780611817188","104","104","104","0.002672127284244552","0.002672127284244552","0.002672127284244552","104","104","104","0.005765672101540957","0.005765672101540957","0.005765672101540957","104","104","104"
"2730","0.005567028396555557","0.005567028396555557","0.005567028396555557","105","105","105","0.0025107832111802945","0.0025107832111802945","0.0025107832111802945","105","105","105","0.0026701666960269174","0.0026701666960269174","0.0026701666960269174","105","105","105","0.005609836970537666","0.005609836970537666","0.005609836970537666","105","105","105"
"2735","0.005748804446979224","0.005748804446979224","0.005748804446979224","106","106","106","0.002375502242954457","0.002375502242954457","0.002375502242954457","106","106","106","0.00270581144158965","0.00270581144158965","0.00270581144158965","106","106","106","0.0055799224314278355","0.0055799224314278355","0.0055799224314278355","106","106","106"
"2740","0.00587959842241622","0.00587959842241622","0.00587959842241622","107","107","107","0.0023725779062212754","0.0023725779062212754","0.0023725779062212754","107","107","107","0.002606083067614416","0.002606083067614416","0.002606083067614416","107","107","107","0.005739196740808583","0.005739196740808583","0.005739196740808583","107","107","107"
"2745","0.0058090824512753575","0.0058090824512753575","0.0058090824512753575","108","108","108","0.00249413668666825","0.00249413668666825","0.00249413668666825","108","108","108","0.0027185721406406344","0.0027185721406406344","0.0027185721406406344","108","108","108","0.005820950360280129","0.005820950360280129","0.005820950360280129","108","108","108"
"2750","0.005525273886051263","0.005525273886051263","0.005525273886051263","109","109","109","0.002351410587857301","0.002351410587857301","0.002351410587857301","109","109","109","0.002577597773151745","0.002577597773151745","0.002577597773151745","109","109","109","0.0061241895886142775","0.0061241895886142775","0.0061241895886142775","109","109","109"
"2755","0.0052889593579063055","0.0052889593579063055","0.0052889593579063055","110","110","110","0.0023082656286775","0.0023082656286775","0.0023082656286775","110","110","110","0.002738309995457328","0.002738309995457328","0.002738309995457328","110","110","110","0.0060726773669735265","0.0060726773669735265","0.0060726773669735265","110","110","110"
"2760","0.005239165691470019","0.005239165691470019","0.005239165691470019","111","111","111","0.0023813010816554478","0.0023813010816554478","0.0023813010816554478","111","111","111","0.0028873461082262117","0.0028873461082262117","0.0028873461082262117","111","111","111","0.005941079602682706","0.005941079602682706","0.005941079602682706","111","111","111"
"2765","0.005450283595767505","0.005450283595767505","0.005450283595767505","112","112","112","0.0023519879021383417","0.0023519879021383417","0.0023519879021383417","112","112","112","0.00271187656197786","0.00271187656197786","0.00271187656197786","112","112","112","0.005989150098163478","0.005989150098163478","0.005989150098163478","112","112","112"
"2770","0.005580412446134287","0.005580412446134287","0.005580412446134287","113","113","113","0.002319567704746184","0.002319567704746184","0.002319567704746184","113","113","113","0.002742459519053714","0.002742459519053714","0.002742459519053714","113","113","113","0.005895471389709769","0.005895471389709769","0.005895471389709769","113","113","113"
"2775","0.0054269212105576385","0.0054269212105576385","0.0054269212105576385","114","114","114","0.002375338551206562","0.002375338551206562","0.002375338551206562","114","114","114","0.0026756643224695497","0.0026756643224695497","0.0026756643224695497","114","114","114","0.005951189794505418","0.005951189794505418","0.005951189794505418","114","114","114"
"2780","0.005380607268916432","0.005380607268916432","0.005380607268916432","115","115","115","0.0023601519650211","0.0023601519650211","0.0023601519650211","115","115","115","0.0027971398182182407","0.0027971398182182407","0.0027971398182182407","115","115","115","0.005926617269760787","0.005926617269760787","0.005926617269760787","115","115","115"
"2785","0.005544754497981754","0.005544754497981754","0.005544754497981754","116","116","116","0.00256049307846539","0.00256049307846539","0.00256049307846539","116","116","116","0.002857287024842393","0.002857287024842393","0.002857287024842393","116","116","116","0.005826984106165231","0.005826984106165231","0.005826984106165231","116","116","116"
"2790","0.005414726524256972","0.005414726524256972","0.005414726524256972","117","117","117","0.00242050060952532","0.00242050060952532","0.00242050060952532","117","117","117","0.00292941031757284","0.00292941031757284","0.00292941031757284","117","117","117","0.0058552371322089045","0.0058552371322089045","0.0058552371322089045","117","117","117"
"2795","0.005708183878791746","0.005708183878791746","0.005708183878791746","118","118","118","0.002611124272824501","0.002611124272824501","0.002611124272824501","118","118","118","0.0031528900535992086","0.0031528900535992086","0.0031528900535992086","118","118","118","0.00607033858264539","0.00607033858264539","0.00607033858264539","118","118","118"
"2800","0.00558663934550668","0.00558663934550668","0.00558663934550668","119","119","119","0.0027728356608919076","0.0027728356608919076","0.0027728356608919076","119","119","119","0.003241503464153925","0.003241503464153925","0.003241503464153925","119","119","119","0.00665131510618099","0.00665131510618099","0.00665131510618099","119","119","119"
"2805","0.005680064416856681","0.005680064416856681","0.005680064416856681","120","120","120","0.0027539168089806085","0.0027539168089806085","0.0027539168089806085","120","120","120","0.0030122387987096236","0.0030122387987096236","0.0030122387987096236","120","120","120","0.006580050326243854","0.006580050326243854","0.006580050326243854","120","120","120"
"2810","0.00561709186493581","0.00561709186493581","0.00561709186493581","121","121","121","0.0025265714068594403","0.0025265714068594403","0.0025265714068594403","121","121","121","0.0028701317957286364","0.0028701317957286364","0.0028701317957286364","121","121","121","0.006207696869406095","0.006207696869406095","0.006207696869406095","121","121","121"
"2815","0.00546394624216519","0.00546394624216519","0.00546394624216519","122","122","122","0.002638966010684785","0.002638966010684785","0.002638966010684785","122","122","122","0.0029994529796027406","0.0029994529796027406","0.0029994529796027406","122","122","122","0.006080698559015927","0.006080698559015927","0.006080698559015927","122","122","122"
"2820","0.005636425193706536","0.005636425193706536","0.005636425193706536","123","123","123","0.0025857356050684364","0.0025857356050684364","0.0025857356050684364","123","123","123","0.0029749378945692576","0.0029749378945692576","0.0029749378945692576","123","123","123","0.00610642879213734","0.00610642879213734","0.00610642879213734","123","123","123"
"2825","0.0053527966809715334","0.0053527966809715334","0.0053527966809715334","124","124","124","0.0024042473141466375","0.0024042473141466375","0.0024042473141466375","124","124","124","0.0030056043125475593","0.0030056043125475593","0.0030056043125475593","124","124","124","0.005774578523938463","0.005774578523938463","0.005774578523938463","124","124","124"
"2830","0.005694958774315551","0.005694958774315551","0.005694958774315551","125","125","125","0.002357214945931807","0.002357214945931807","0.002357214945931807","125","125","125","0.002903760382219186","0.002903760382219186","0.002903760382219186","125","125","125","0.00572620383837337","0.00572620383837337","0.00572620383837337","125","125","125"
"2835","0.005972412840929252","0.005972412840929252","0.005972412840929252","126","126","126","0.0023203065749337823","0.0023203065749337823","0.0023203065749337823","126","126","126","0.0027692571041423417","0.0027692571041423417","0.0027692571041423417","126","126","126","0.006049009072126682","0.006049009072126682","0.006049009072126682","126","126","126"
"2840","0.0055956449046352975","0.0055956449046352975","0.0055956449046352975","127","127","127","0.0023049577843428284","0.0023049577843428284","0.0023049577843428284","127","127","127","0.0026199892613261704","0.0026199892613261704","0.0026199892613261704","127","127","127","0.005660387276017391","0.005660387276017391","0.005660387276017391","127","127","127"
"2845","0.005690263900616115","0.005690263900616115","0.005690263900616115","128","128","128","0.0026019042110362158","0.0026019042110362158","0.0026019042110362158","128","128","128","0.002548856511038951","0.002548856511038951","0.002548856511038951","128","128","128","0.0058269059211596","0.0058269059211596","0.0058269059211596","128","128","128"
"2850","0.005667898849437851","0.005667898849437851","0.005667898849437851","129","129","129","0.002787135671151292","0.002787135671151292","0.002787135671151292","129","129","129","0.0028147619409686743","0.0028147619409686743","0.0028147619409686743","129","129","129","0.006172942984557592","0.006172942984557592","0.006172942984557592","129","129","129"
"2855","0.005708648155978487","0.005708648155978487","0.005708648155978487","130","130","130","0.0025063123686878104","0.0025063123686878104","0.0025063123686878104","130","130","130","0.0027066065961191873","0.0027066065961191873","0.0027066065961191873","130","130","130","0.005783699110405986","0.005783699110405986","0.005783699110405986","130","130","130"
"2860","0.005530913163263307","0.005530913163263307","0.005530913163263307","131","131","131","0.002481212664986779","0.002481212664986779","0.002481212664986779","131","131","131","0.0031107870238256743","0.0031107870238256743","0.0031107870238256743","131","131","131","0.0057979934670606345","0.0057979934670606345","0.0057979934670606345","131","131","131"
"2865","0.005264591450897322","0.005264591450897322","0.005264591450897322","132","132","132","0.002455128467215902","0.002455128467215902","0.002455128467215902","132","132","132","0.00302801254615592","0.00302801254615592","0.00302801254615592","132","132","132","0.005666609312967771","0.005666609312967771","0.005666609312967771","132","132","132"
"2870","0.005161139204989231","0.005161139204989231","0.005161139204989231","133","133","133","0.002504806613479705","0.002504806613479705","0.002504806613479705","133","133","133","0.0030115977289638983","0.0030115977289638983","0.0030115977289638983","133","133","133","0.005779951988272771","0.005779951988272771","0.005779951988272771","133","133","133"
"2875","0.005589404937152472","0.005589404937152472","0.005589404937152472","134","134","134","0.002731538358694381","0.002731538358694381","0.002731538358694381","134","134","134","0.0031783978124828322","0.0031783978124828322","0.0031783978124828322","134","134","134","0.006354340782457724","0.006354340782457724","0.006354340782457724","134","134","134"
"2880","0.005281029367819724","0.005281029367819724","0.005281029367819724","135","135","135","0.002440558790022859","0.002440558790022859","0.002440558790022859","135","135","135","0.003026691570701389","0.003026691570701389","0.003026691570701389","135","135","135","0.00587745097230492","0.00587745097230492","0.00587745097230492","135","135","135"
"2885","0.005534758840040734","0.005534758840040734","0.005534758840040734","136","136","136","0.0024674393894667714","0.0024674393894667714","0.0024674393894667714","136","136","136","0.003062832840301151","0.003062832840301151","0.003062832840301151","136","136","136","0.005752052643979296","0.005752052643979296","0.005752052643979296","136","136","136"
"2890","0.005740100517433621","0.005740100517433621","0.005740100517433621","137","137","137","0.002368526358958363","0.002368526358958363","0.002368526358958363","137","137","137","0.0029280430007745683","0.0029280430007745683","0.0029280430007745683","137","137","137","0.0059888420016733085","0.0059888420016733085","0.0059888420016733085","137","137","137"
"2895","0.0059340021717647325","0.0059340021717647325","0.0059340021717647325","138","138","138","0.0022428074686810253","0.0022428074686810253","0.0022428074686810253","138","138","138","0.0028549626860250353","0.0028549626860250353","0.0028549626860250353","138","138","138","0.006673143720007854","0.006673143720007854","0.006673143720007854","138","138","138"
"2900","0.005572772805384372","0.005572772805384372","0.005572772805384372","139","139","139","0.002257741317483041","0.002257741317483041","0.002257741317483041","139","139","139","0.002734161992470223","0.002734161992470223","0.002734161992470223","139","139","139","0.006140222479741688","0.006140222479741688","0.006140222479741688","139","139","139"
"2905","0.005816648253673742","0.005816648253673742","0.005816648253673742","140","140","140","0.00241175009440923","0.00241175009440923","0.00241175009440923","140","140","140","0.0027919305124907545","0.0027919305124907545","0.0027919305124907545","140","140","140","0.0061912405934361255","0.0061912405934361255","0.0061912405934361255","140","140","140"
"2910","0.005798549470515909","0.005798549470515909","0.005798549470515909","141","141","141","0.002729585906761791","0.002729585906761791","0.002729585906761791","141","141","141","0.0033388297748346077","0.0033388297748346077","0.0033388297748346077","141","141","141","0.006141529536439087","0.006141529536439087","0.006141529536439087","141","141","141"
"2915","0.0056757031268660565","0.0056757031268660565","0.0056757031268660565","142","142","142","0.0025019575698065804","0.0025019575698065804","0.0025019575698065804","142","142","142","0.0030479665723850877","0.0030479665723850877","0.0030479665723850877","142","142","142","0.005642641198283899","0.005642641198283899","0.005642641198283899","142","142","142"
"2920","0.005565779843358923","0.005565779843358923","0.005565779843358923","143","143","143","0.0024402092269092766","0.0024402092269092766","0.0024402092269092766","143","143","143","0.00291818482731776","0.00291818482731776","0.00291818482731776","143","143","143","0.005507221914632742","0.005507221914632742","0.005507221914632742","143","143","143"
"2925","0.00547820506410577","0.00547820506410577","0.00547820506410577","144","144","144","0.002562649395151882","0.002562649395151882","0.002562649395151882","144","144","144","0.0030416024321113524","0.0030416024321113524","0.0030416024321113524","144","144","144","0.00555811565475843","0.00555811565475843","0.00555811565475843","144","144","144"
"2930","0.005640950606694603","0.005640950606694603","0.005640950606694603","145","145","145","0.0027131805588941882","0.0027131805588941882","0.0027131805588941882","145","145","145","0.003103844226167571","0.003103844226167571","0.003103844226167571","145","145","145","0.005907900531853262","0.005907900531853262","0.005907900531853262","145","145","145"
"2935","0.005951649217460865","0.005951649217460865","0.005951649217460865","146","146","146","0.0026346907231033466","0.0026346907231033466","0.0026346907231033466","146","146","146","0.0029991262632318326","0.0029991262632318326","0.0029991262632318326","146","146","146","0.005564377579154818","0.005564377579154818","0.005564377579154818","146","146","146"
"2940","0.005581225495539791","0.005581225495539791","0.005581225495539791","147","147","147","0.0025877938417363617","0.0025877938417363617","0.0025877938417363617","147","147","147","0.0030130033228945525","0.0030130033228945525","0.0030130033228945525","147","147","147","0.005518814593736855","0.005518814593736855","0.005518814593736855","147","147","147"
"2945","0.00538724334613152","0.00538724334613152","0.00538724334613152","148","148","148","0.0024530901850585932","0.0024530901850585932","0.0024530901850585932","148","148","148","0.0030830478531441385","0.0030830478531441385","0.0030830478531441385","148","148","148","0.005357544977813723","0.005357544977813723","0.005357544977813723","148","148","148"
"2950","0.005428140351809224","0.005428140351809224","0.005428140351809224","149","149","149","0.002446826996396868","0.002446826996396868","0.002446826996396868","149","149","149","0.0030492745889417433","0.0030492745889417433","0.0030492745889417433","149","149","149","0.0053595154260669565","0.0053595154260669565","0.0053595154260669565","149","149","149"
"2955","0.005449453669841933","0.005449453669841933","0.005449453669841933","150","150","150","0.002520165321189761","0.002520165321189761","0.002520165321189761","150","150","150","0.00326971813816621","0.00326971813816621","0.00326971813816621","150","150","150","0.005444706153888871","0.005444706153888871","0.005444706153888871","150","150","150"
"2960","0.005423462674165961","0.005423462674165961","0.005423462674165961","151","151","151","0.0025078429401708484","0.0025078429401708484","0.0025078429401708484","151","151","151","0.003029926972745162","0.003029926972745162","0.003029926972745162","151","151","151","0.005667486307393232","0.005667486307393232","0.005667486307393232","151","151","151"
"2965","0.005326709703060874","0.005326709703060874","0.005326709703060874","152","152","152","0.002298858207684454","0.002298858207684454","0.002298858207684454","152","152","152","0.0030224483381046906","0.0030224483381046906","0.0030224483381046906","152","152","152","0.005586373620949423","0.005586373620949423","0.005586373620949423","152","152","152"
"2970","0.005255126933832344","0.005255126933832344","0.005255126933832344","153","153","153","0.002333987646058192","0.002333987646058192","0.002333987646058192","153","153","153","0.0028788965475964605","0.0028788965475964605","0.0028788965475964605","153","153","153","0.0055974283091474","0.0055974283091474","0.0055974283091474","153","153","153"
"2975","0.005119883548535225","0.005119883548535225","0.005119883548535225","154","154","154","0.002310064252386882","0.002310064252386882","0.002310064252386882","154","154","154","0.0029225316944888865","0.0029225316944888865","0.0029225316944888865","154","154","154","0.005997504103102284","0.005997504103102284","0.005997504103102284","154","154","154"
"2980","0.00515444215504583","0.00515444215504583","0.00515444215504583","155","155","155","0.002230739194731371","0.002230739194731371","0.002230739194731371","155","155","155","0.002997585219105067","0.002997585219105067","0.002997585219105067","155","155","155","0.00573157077491035","0.00573157077491035","0.00573157077491035","155","155","155"
"2985","0.0053810677610992555","0.0053810677610992555","0.0053810677610992555","156","156","156","0.0022264921292471625","0.0022264921292471625","0.0022264921292471625","156","156","156","0.0028774804990406334","0.0028774804990406334","0.0028774804990406334","156","156","156","0.0054767366610932134","0.0054767366610932134","0.0054767366610932134","156","156","156"
"2990","0.005249415486344562","0.005249415486344562","0.005249415486344562","157","157","157","0.002501276348286641","0.002501276348286641","0.002501276348286641","157","157","157","0.0030084877644458805","0.0030084877644458805","0.0030084877644458805","157","157","157","0.006073531843445584","0.006073531843445584","0.006073531843445584","157","157","157"
"2995","0.0054194117889390225","0.0054194117889390225","0.0054194117889390225","158","158","158","0.002509571190086216","0.002509571190086216","0.002509571190086216","158","158","158","0.003203787212497566","0.003203787212497566","0.003203787212497566","158","158","158","0.006123969687850428","0.006123969687850428","0.006123969687850428","158","158","158"
"3000","0.00728692071135793","0.00728692071135793","0.00728692071135793","159","159","159","0.00433574205473781","0.00433574205473781","0.00433574205473781","159","159","159","0.006227182390472385","0.006227182390472385","0.006227182390472385","159","159","159","0.009753795214672841","0.009753795214672841","0.009753795214672841","159","159","159"
"3005","0.007589806305182932","0.007589806305182932","0.007589806305182932","160","160","160","0.004905557479685888","0.004905557479685888","0.004905557479685888","160","160","160","0.006866002866166348","0.006866002866166348","0.006866002866166348","160","160","160","0.011702735354386552","0.011702735354386552","0.011702735354386552","160","160","160"
"3010","0.006817080194946314","0.006817080194946314","0.006817080194946314","161","161","161","0.005187976745876864","0.005187976745876864","0.005187976745876864","161","161","161","0.006108154562297977","0.006108154562297977","0.006108154562297977","161","161","161","0.011088820093725608","0.011088820093725608","0.011088820093725608","161","161","161"
"3015","0.005761289605917728","0.005761289605917728","0.005761289605917728","162","162","162","0.00528361857302185","0.00528361857302185","0.00528361857302185","162","162","162","0.005344127994422908","0.005344127994422908","0.005344127994422908","162","162","162","0.010350740528904534","0.010350740528904534","0.010350740528904534","162","162","162"
"3020","0.005309663726040436","0.005309663726040436","0.005309663726040436","163","163","163","0.005125915332955377","0.005125915332955377","0.005125915332955377","163","163","163","0.004479344420365925","0.004479344420365925","0.004479344420365925","163","163","163","0.00916096130411971","0.00916096130411971","0.00916096130411971","163","163","163"
"3025","0.004743783551766658","0.004743783551766658","0.004743783551766658","164","164","164","0.004945419753451198","0.004945419753451198","0.004945419753451198","164","164","164","0.004320128307922359","0.004320128307922359","0.004320128307922359","164","164","164","0.008587516747174503","0.008587516747174503","0.008587516747174503","164","164","164"
"3030","0.004216746247838679","0.004216746247838679","0.004216746247838679","165","165","165","0.004655906148209194","0.004655906148209194","0.004655906148209194","165","165","165","0.003962728777836759","0.003962728777836759","0.003962728777836759","165","165","165","0.008175004638740654","0.008175004638740654","0.008175004638740654","165","165","165"
"3035","0.004154275998343114","0.004154275998343114","0.004154275998343114","166","166","166","0.0044285810979760925","0.0044285810979760925","0.0044285810979760925","166","166","166","0.004034440644988569","0.004034440644988569","0.004034440644988569","166","166","166","0.007917589649282922","0.007917589649282922","0.007917589649282922","166","166","166"
"3040","0.0037286701962190327","0.0037286701962190327","0.0037286701962190327","167","167","167","0.00426644252449623","0.00426644252449623","0.00426644252449623","167","167","167","0.003790195694780668","0.003790195694780668","0.003790195694780668","167","167","167","0.007295243142740828","0.007295243142740828","0.007295243142740828","167","167","167"
"3045","0.0038835874474152793","0.0038835874474152793","0.0038835874474152793","168","168","168","0.004372899318866882","0.004372899318866882","0.004372899318866882","168","168","168","0.0041647216063257315","0.0041647216063257315","0.0041647216063257315","168","168","168","0.007245398454500769","0.007245398454500769","0.007245398454500769","168","168","168"
"3050","0.00398780956033142","0.00398780956033142","0.00398780956033142","169","169","169","0.004273949204360602","0.004273949204360602","0.004273949204360602","169","169","169","0.00421127491277273","0.00421127491277273","0.00421127491277273","169","169","169","0.00745474410668629","0.00745474410668629","0.00745474410668629","169","169","169"
"3055","0.003995713820721908","0.003995713820721908","0.003995713820721908","170","170","170","0.004262336526352362","0.004262336526352362","0.004262336526352362","170","170","170","0.004342766743877841","0.004342766743877841","0.004342766743877841","170","170","170","0.007422142201993825","0.007422142201993825","0.007422142201993825","170","170","170"
"3060","0.003689544482813365","0.003689544482813365","0.003689544482813365","171","171","171","0.003986993058736338","0.003986993058736338","0.003986993058736338","171","171","171","0.004139107777481143","0.004139107777481143","0.004139107777481143","171","171","171","0.00691098804845359","0.00691098804845359","0.00691098804845359","171","171","171"
"3065","0.003589665581775056","0.003589665581775056","0.003589665581775056","172","172","172","0.0038223244852948605","0.0038223244852948605","0.0038223244852948605","172","172","172","0.003962265876485541","0.003962265876485541","0.003962265876485541","172","172","172","0.006651297768111622","0.006651297768111622","0.006651297768111622","172","172","172"
"3070","0.0033153592011541935","0.0033153592011541935","0.0033153592011541935","173","173","173","0.0037526219199824594","0.0037526219199824594","0.0037526219199824594","173","173","173","0.003831658911452836","0.003831658911452836","0.003831658911452836","173","173","173","0.006670097444570341","0.006670097444570341","0.006670097444570341","173","173","173"
"3075","0.0032630914353564758","0.0032630914353564758","0.0032630914353564758","174","174","174","0.0035503548698344765","0.0035503548698344765","0.0035503548698344765","174","174","174","0.0036888206348961415","0.0036888206348961415","0.0036888206348961415","174","174","174","0.006480938671351792","0.006480938671351792","0.006480938671351792","174","174","174"
"3080","0.0034213928760410805","0.0034213928760410805","0.0034213928760410805","175","175","175","0.003600538699338771","0.003600538699338771","0.003600538699338771","175","175","175","0.003649839867781167","0.003649839867781167","0.003649839867781167","175","175","175","0.006566076246955949","0.006566076246955949","0.006566076246955949","175","175","175"
"3085","0.003519148947222681","0.003519148947222681","0.003519148947222681","176","176","176","0.003647657019720309","0.003647657019720309","0.003647657019720309","176","176","176","0.003937700321893645","0.003937700321893645","0.003937700321893645","176","176","176","0.0066150323059421135","0.0066150323059421135","0.0066150323059421135","176","176","176"
"3090","0.0034467432465527977","0.0034467432465527977","0.0034467432465527977","177","177","177","0.003989667485645241","0.003989667485645241","0.003989667485645241","177","177","177","0.004170580800962695","0.004170580800962695","0.004170580800962695","177","177","177","0.006438065708850053","0.006438065708850053","0.006438065708850053","177","177","177"
"3095","0.0034568690941764414","0.0034568690941764414","0.0034568690941764414","178","178","178","0.003796328596623668","0.003796328596623668","0.003796328596623668","178","178","178","0.004275706441796577","0.004275706441796577","0.004275706441796577","178","178","178","0.00650323096493579","0.00650323096493579","0.00650323096493579","178","178","178"
"3100","0.0034344607013479795","0.0034344607013479795","0.0034344607013479795","179","179","179","0.0037892943708984963","0.0037892943708984963","0.0037892943708984963","179","179","179","0.004310218503313828","0.004310218503313828","0.004310218503313828","179","179","179","0.006408096931027127","0.006408096931027127","0.006408096931027127","179","179","179"
"3105","0.0034302711510861145","0.0034302711510861145","0.0034302711510861145","180","180","180","0.0038931132721531404","0.0038931132721531404","0.0038931132721531404","180","180","180","0.00437517309694507","0.00437517309694507","0.00437517309694507","180","180","180","0.006559877882844798","0.006559877882844798","0.006559877882844798","180","180","180"
"3110","0.0032863488989588975","0.0032863488989588975","0.0032863488989588975","181","181","181","0.0037933897438367867","0.0037933897438367867","0.0037933897438367867","181","181","181","0.003989413985874555","0.003989413985874555","0.003989413985874555","181","181","181","0.006587046864371308","0.006587046864371308","0.006587046864371308","181","181","181"
"3115","0.0031422157808439957","0.0031422157808439957","0.0031422157808439957","182","182","182","0.003940396741144054","0.003940396741144054","0.003940396741144054","182","182","182","0.0038487139369827103","0.0038487139369827103","0.0038487139369827103","182","182","182","0.006362164114712299","0.006362164114712299","0.006362164114712299","182","182","182"
"3120","0.003180995157251771","0.003180995157251771","0.003180995157251771","183","183","183","0.0037508446869143836","0.0037508446869143836","0.0037508446869143836","183","183","183","0.0037365164543185407","0.0037365164543185407","0.0037365164543185407","183","183","183","0.006173144002718367","0.006173144002718367","0.006173144002718367","183","183","183"
"3125","0.0032481063728927034","0.0032481063728927034","0.0032481063728927034","184","184","184","0.003910751621795097","0.003910751621795097","0.003910751621795097","184","184","184","0.0036313676390476004","0.0036313676390476004","0.0036313676390476004","184","184","184","0.0065407586062806245","0.0065407586062806245","0.0065407586062806245","184","184","184"
"3130","0.003174027613766942","0.003174027613766942","0.003174027613766942","185","185","185","0.0036973643110844927","0.0036973643110844927","0.0036973643110844927","185","185","185","0.0034395724535969995","0.0034395724535969995","0.0034395724535969995","185","185","185","0.006323070231669014","0.006323070231669014","0.006323070231669014","185","185","185"
"3135","0.0031604064115350024","0.0031604064115350024","0.0031604064115350024","186","186","186","0.00344248669827489","0.00344248669827489","0.00344248669827489","186","186","186","0.0034514046674602693","0.0034514046674602693","0.0034514046674602693","186","186","186","0.006169895183009457","0.006169895183009457","0.006169895183009457","186","186","186"
"3140","0.00330347716854237","0.00330347716854237","0.00330347716854237","187","187","187","0.003418470901427439","0.003418470901427439","0.003418470901427439","187","187","187","0.003280900573947719","0.003280900573947719","0.003280900573947719","187","187","187","0.00608401795046516","0.00608401795046516","0.00608401795046516","187","187","187"
"3145","0.003373040714557409","0.003373040714557409","0.003373040714557409","188","188","188","0.003321882705659819","0.003321882705659819","0.003321882705659819","188","188","188","0.0031428551829065635","0.0031428551829065635","0.0031428551829065635","188","188","188","0.006222713470895421","0.006222713470895421","0.006222713470895421","188","188","188"
"3150","0.003192146894864808","0.003192146894864808","0.003192146894864808","189","189","189","0.003381283648398179","0.003381283648398179","0.003381283648398179","189","189","189","0.003454118713868453","0.003454118713868453","0.003454118713868453","189","189","189","0.006270063213695706","0.006270063213695706","0.006270063213695706","189","189","189"
"3155","0.0029859451368068235","0.0029859451368068235","0.0029859451368068235","190","190","190","0.0032355760020332993","0.0032355760020332993","0.0032355760020332993","190","190","190","0.0033549433469930922","0.0033549433469930922","0.0033549433469930922","190","190","190","0.006006181907047877","0.006006181907047877","0.006006181907047877","190","190","190"
"3160","0.0028924883534263337","0.0028924883534263337","0.0028924883534263337","191","191","191","0.003471717343038682","0.003471717343038682","0.003471717343038682","191","191","191","0.0034917704867819016","0.0034917704867819016","0.0034917704867819016","191","191","191","0.005889097504316877","0.005889097504316877","0.005889097504316877","191","191","191"
"3165","0.0028993559008793565","0.0028993559008793565","0.0028993559008793565","192","192","192","0.0034540696905129703","0.0034540696905129703","0.0034540696905129703","192","192","192","0.003469773376519693","0.003469773376519693","0.003469773376519693","192","192","192","0.005979683095978398","0.005979683095978398","0.005979683095978398","192","192","192"
"3170","0.0030937409500684417","0.0030937409500684417","0.0030937409500684417","193","193","193","0.0034582746274324037","0.0034582746274324037","0.0034582746274324037","193","193","193","0.0036107408806836587","0.0036107408806836587","0.0036107408806836587","193","193","193","0.006051636568455684","0.006051636568455684","0.006051636568455684","193","193","193"
"3175","0.002955521125334381","0.002955521125334381","0.002955521125334381","194","194","194","0.0034959371544978626","0.0034959371544978626","0.0034959371544978626","194","194","194","0.0034160298687273324","0.0034160298687273324","0.0034160298687273324","194","194","194","0.005915859408184234","0.005915859408184234","0.005915859408184234","194","194","194"
"3180","0.0030424005990921763","0.0030424005990921763","0.0030424005990921763","195","195","195","0.003769719618412733","0.003769719618412733","0.003769719618412733","195","195","195","0.003283366574806681","0.003283366574806681","0.003283366574806681","195","195","195","0.006282751070907111","0.006282751070907111","0.006282751070907111","195","195","195"
"3185","0.003168340811818181","0.003168340811818181","0.003168340811818181","196","196","196","0.0038871979256987045","0.0038871979256987045","0.0038871979256987045","196","196","196","0.003631749765867831","0.003631749765867831","0.003631749765867831","196","196","196","0.0064960820879105576","0.0064960820879105576","0.0064960820879105576","196","196","196"
"3190","0.0031034285157905597","0.0031034285157905597","0.0031034285157905597","197","197","197","0.0039742989866456725","0.0039742989866456725","0.0039742989866456725","197","197","197","0.0036656574405999837","0.0036656574405999837","0.0036656574405999837","197","197","197","0.0063950480651310485","0.0063950480651310485","0.0063950480651310485","197","197","197"
"3195","0.0035165907627481997","0.0035165907627481997","0.0035165907627481997","198","198","198","0.003993091602380729","0.003993091602380729","0.003993091602380729","198","198","198","0.0037575938912256866","0.0037575938912256866","0.0037575938912256866","198","198","198","0.006290793127989347","0.006290793127989347","0.006290793127989347","198","198","198"
"3200","0.0032096522363198885","0.0032096522363198885","0.0032096522363198885","199","199","199","0.0038276812660388883","0.0038276812660388883","0.0038276812660388883","199","199","199","0.0035867295879735786","0.0035867295879735786","0.0035867295879735786","199","199","199","0.006163945095007724","0.006163945095007724","0.006163945095007724","199","199","199"
"3250","0.0011293757750808137","0.0011293757750808137","0.0011293757750808137","200","200","200","0.001445521388906533","0.001445521388906533","0.001445521388906533","200","200","200","0.0012620703133244887","0.0012620703133244887","0.0012620703133244887","200","200","200","0.002335098327370008","0.002335098327370008","0.002335098327370008","200","200","200"
"3300","0.0016471283744024117","0.0016471283744024117","0.0016471283744024117","201","201","201","0.0019604254615887004","0.0019604254615887004","0.0019604254615887004","201","201","201","0.001626746985110411","0.001626746985110411","0.001626746985110411","201","201","201","0.002668292143518786","0.002668292143518786","0.002668292143518786","201","201","201"
"3350","0.00121794389733005","0.00121794389733005","0.00121794389733005","202","202","202","0.0017391905959568959","0.0017391905959568959","0.0017391905959568959","202","202","202","0.0014181824383895133","0.0014181824383895133","0.0014181824383895133","202","202","202","0.0025135063185173887","0.0025135063185173887","0.0025135063185173887","202","202","202"
"3400","0.0010750717790730241","0.0010750717790730241","0.0010750717790730241","203","203","203","0.0017756255650699083","0.0017756255650699083","0.0017756255650699083","203","203","203","0.0013858323888871979","0.0013858323888871979","0.0013858323888871979","203","203","203","0.002384484840155053","0.002384484840155053","0.002384484840155053","203","203","203"
"3450","0.0011335414404394601","0.0011335414404394601","0.0011335414404394601","204","204","204","0.0017465711720462311","0.0017465711720462311","0.0017465711720462311","204","204","204","0.0012939423190944691","0.0012939423190944691","0.0012939423190944691","204","204","204","0.00250981705674533","0.00250981705674533","0.00250981705674533","204","204","204"
"3500","0.0011916042946451995","0.0011916042946451995","0.0011916042946451995","205","205","205","0.0015741631939276703","0.0015741631939276703","0.0015741631939276703","205","205","205","0.0011983390422995609","0.0011983390422995609","0.0011983390422995609","205","205","205","0.002255842185122702","0.002255842185122702","0.002255842185122702","205","205","205"
"3550","0.0014057921044846942","0.0014057921044846942","0.0014057921044846942","206","206","206","0.0016594590855600073","0.0016594590855600073","0.0016594590855600073","206","206","206","0.0013612425861343194","0.0013612425861343194","0.0013612425861343194","206","206","206","0.0023021028690089302","0.0023021028690089302","0.0023021028690089302","206","206","206"
"3600","0.0014089195657599012","0.0014089195657599012","0.0014089195657599012","207","207","207","0.0017486042152165813","0.0017486042152165813","0.0017486042152165813","207","207","207","0.0012407209508880316","0.0012407209508880316","0.0012407209508880316","207","207","207","0.002346566163085065","0.002346566163085065","0.002346566163085065","207","207","207"
"3650","0.001285904401815709","0.001285904401815709","0.001285904401815709","208","208","208","0.0017880369610693005","0.0017880369610693005","0.0017880369610693005","208","208","208","0.001492856161698293","0.001492856161698293","0.001492856161698293","208","208","208","0.002412779738627817","0.002412779738627817","0.002412779738627817","208","208","208"
"3700","0.0011826746494475106","0.0011826746494475106","0.0011826746494475106","209","209","209","0.0018423378453587076","0.0018423378453587076","0.0018423378453587076","209","209","209","0.0015605052031982735","0.0015605052031982735","0.0015605052031982735","209","209","209","0.0024249241051612267","0.0024249241051612267","0.0024249241051612267","209","209","209"
"3750","0.0013569662394151364","0.0013569662394151364","0.0013569662394151364","210","210","210","0.0018963981016563258","0.0018963981016563258","0.0018963981016563258","210","210","210","0.0015402724837255345","0.0015402724837255345","0.0015402724837255345","210","210","210","0.002390014414232475","0.002390014414232475","0.002390014414232475","210","210","210"
"3800","0.001328214680774254","0.001328214680774254","0.001328214680774254","211","211","211","0.0017821950604945663","0.0017821950604945663","0.0017821950604945663","211","211","211","0.0011497938510254327","0.0011497938510254327","0.0011497938510254327","211","211","211","0.00224350815245174","0.00224350815245174","0.00224350815245174","211","211","211"
"3850","0.0010983917222045882","0.0010983917222045882","0.0010983917222045882","212","212","212","0.0016557262003888673","0.0016557262003888673","0.0016557262003888673","212","212","212","0.0015003773602329739","0.0015003773602329739","0.0015003773602329739","212","212","212","0.0021785817847022547","0.0021785817847022547","0.0021785817847022547","212","212","212"
"3900","0.001247956827094627","0.001247956827094627","0.001247956827094627","213","213","213","0.0019158957967266653","0.0019158957967266653","0.0019158957967266653","213","213","213","0.001736620572301716","0.001736620572301716","0.001736620572301716","213","213","213","0.0023945963520691747","0.0023945963520691747","0.0023945963520691747","213","213","213"
"3950","0.0013016522459346643","0.0013016522459346643","0.0013016522459346643","214","214","214","0.0019216745285863552","0.0019216745285863552","0.0019216745285863552","214","214","214","0.001488448681856784","0.001488448681856784","0.001488448681856784","214","214","214","0.0022750802258122067","0.0022750802258122067","0.0022750802258122067","214","214","214"
"4000","0.0012459434858466795","0.0012459434858466795","0.0012459434858466795","215","215","215","0.0017727860562599508","0.0017727860562599508","0.0017727860562599508","215","215","215","0.0012001728449879047","0.0012001728449879047","0.0012001728449879047","215","215","215","0.002251302848448729","0.002251302848448729","0.002251302848448729","215","215","215"
"4050","0.001237382086572065","0.001237382086572065","0.001237382086572065","216","216","216","","","","","","","","","","","","","","","","","",""
"4100","0.0011326848728061725","0.0011326848728061725","0.0011326848728061725","217","217","217","","","","","","","","","","","","","","","","","",""
"4150","0.0012216324409383506","0.0012216324409383506","0.0012216324409383506","218","218","218","","","","","","","","","","","","","","","","","",""
"4200","0.001131924721949958","0.001131924721949958","0.001131924721949958","219","219","219","","","","","","","","","","","","","","","","","",""
"4250","0.0012200636374916306","0.0012200636374916306","0.0012200636374916306","220","220","220","","","","","","","","","","","","","","","","","",""
"4300","0.0012133247070900063","0.0012133247070900063","0.0012133247070900063","221","221","221","","","","","","","","","","","","","","","","","",""
"4350","0.0011313232674328812","0.0011313232674328812","0.0011313232674328812","222","222","222","","","","","","","","","","","","","","","","","",""
"4400","0.0012412354797182933","0.0012412354797182933","0.0012412354797182933","223","223","223","","","","","","","","","","","","","","","","","",""
"4450","0.0011254940681875523","0.0011254940681875523","0.0011254940681875523","224","224","224","","","","","","","","","","","","","","","","","",""
"4500","0.0012076957797727236","0.0012076957797727236","0.0012076957797727236","225","225","225","","","","","","","","","","","","","","","","","",""
"4550","0.0012380842050046844","0.0012380842050046844","0.0012380842050046844","226","226","226","","","","","","","","","","","","","","","","","",""
"4600","0.0013783298806075645","0.0013783298806075645","0.0013783298806075645","227","227","227","","","","","","","","","","","","","","","","","",""
"4650","0.0013006103705878401","0.0013006103705878401","0.0013006103705878401","228","228","228","","","","","","","","","","","","","","","","","",""
"4700","0.0013178249344904674","0.0013178249344904674","0.0013178249344904674","229","229","229","","","","","","","","","","","","","","","","","",""
"4750","0.001205565495949739","0.001205565495949739","0.001205565495949739","230","230","230","","","","","","","","","","","","","","","","","",""
"4800","0.001234287283319599","0.001234287283319599","0.001234287283319599","231","231","231","","","","","","","","","","","","","","","","","",""
"4850","0.001176754970644557","0.001176754970644557","0.001176754970644557","232","232","232","","","","","","","","","","","","","","","","","",""
"4900","0.0014407855659308347","0.0014407855659308347","0.0014407855659308347","233","233","233","","","","","","","","","","","","","","","","","",""
"4950","0.0011109060720212978","0.0011109060720212978","0.0011109060720212978","234","234","234","","","","","","","","","","","","","","","","","",""
"5000","0.001218848714611579","0.001218848714611579","0.001218848714611579","235","235","235","","","","","","","","","","","","","","","","","",""