"iter","env2_sgd_2500-3000 - train/loss_instant","env2_sgd_2500-3000 - train/loss_instant__MIN","env2_sgd_2500-3000 - train/loss_instant__MAX","env2_sgd_2500-3000 - _step","env2_sgd_2500-3000 - _step__MIN","env2_sgd_2500-3000 - _step__MAX","env2_lion_shock_2500-3000 - train/loss_instant","env2_lion_shock_2500-3000 - train/loss_instant__MIN","env2_lion_shock_2500-3000 - train/loss_instant__MAX","env2_lion_shock_2500-3000 - _step","env2_lion_shock_2500-3000 - _step__MIN","env2_lion_shock_2500-3000 - _step__MAX","env2_muon_shock_2500-3000 - train/loss_instant","env2_muon_shock_2500-3000 - train/loss_instant__MIN","env2_muon_shock_2500-3000 - train/loss_instant__MAX","env2_muon_shock_2500-3000 - _step","env2_muon_shock_2500-3000 - _step__MIN","env2_muon_shock_2500-3000 - _step__MAX","env2_adamw_shock_2500-3000 - train/loss_instant","env2_adamw_shock_2500-3000 - train/loss_instant__MIN","env2_adamw_shock_2500-3000 - train/loss_instant__MAX","env2_adamw_shock_2500-3000 - _step","env2_adamw_shock_2500-3000 - _step__MIN","env2_adamw_shock_2500-3000 - _step__MAX"
"0","11.374917030334473","11.374917030334473","11.374917030334473","0","0","0","11.374917030334473","11.374917030334473","11.374917030334473","0","0","0","11.374917030334473","11.374917030334473","11.374917030334473","0","0","0","11.374917030334473","11.374917030334473","11.374917030334473","0","0","0"
"50","8.33672046661377","8.33672046661377","8.33672046661377","1","1","1","7.277801513671875","7.277801513671875","7.277801513671875","1","1","1","8.078729629516602","8.078729629516602","8.078729629516602","1","1","1","7.113734245300293","7.113734245300293","7.113734245300293","1","1","1"
"100","7.674256324768066","7.674256324768066","7.674256324768066","2","2","2","6.595251560211182","6.595251560211182","6.595251560211182","2","2","2","7.199663162231445","7.199663162231445","7.199663162231445","2","2","2","6.3907790184021","6.3907790184021","6.3907790184021","2","2","2"
"150","7.7828850746154785","7.7828850746154785","7.7828850746154785","3","3","3","6.532230377197266","6.532230377197266","6.532230377197266","3","3","3","7.052146911621094","7.052146911621094","7.052146911621094","3","3","3","6.3445563316345215","6.3445563316345215","6.3445563316345215","3","3","3"
"200","7.487674713134766","7.487674713134766","7.487674713134766","4","4","4","6.276689529418945","6.276689529418945","6.276689529418945","4","4","4","6.587763786315918","6.587763786315918","6.587763786315918","4","4","4","6.077879905700684","6.077879905700684","6.077879905700684","4","4","4"
"250","7.357059478759766","7.357059478759766","7.357059478759766","5","5","5","6.1691179275512695","6.1691179275512695","6.1691179275512695","5","5","5","6.35265588760376","6.35265588760376","6.35265588760376","5","5","5","5.9542059898376465","5.9542059898376465","5.9542059898376465","5","5","5"
"300","7.486833572387695","7.486833572387695","7.486833572387695","6","6","6","6.142899036407471","6.142899036407471","6.142899036407471","6","6","6","6.175821304321289","6.175821304321289","6.175821304321289","6","6","6","5.871466636657715","5.871466636657715","5.871466636657715","6","6","6"
"350","7.15530252456665","7.15530252456665","7.15530252456665","7","7","7","5.814976692199707","5.814976692199707","5.814976692199707","7","7","7","5.749737739562988","5.749737739562988","5.749737739562988","7","7","7","5.5082292556762695","5.5082292556762695","5.5082292556762695","7","7","7"
"400","7.233216762542725","7.233216762542725","7.233216762542725","8","8","8","5.855705261230469","5.855705261230469","5.855705261230469","8","8","8","5.748814582824707","5.748814582824707","5.748814582824707","8","8","8","5.565483093261719","5.565483093261719","5.565483093261719","8","8","8"
"450","7.20014762878418","7.20014762878418","7.20014762878418","9","9","9","5.620883941650391","5.620883941650391","5.620883941650391","9","9","9","5.467186450958252","5.467186450958252","5.467186450958252","9","9","9","5.216561794281006","5.216561794281006","5.216561794281006","9","9","9"
"500","7.151873588562012","7.151873588562012","7.151873588562012","10","10","10","5.577862739562988","5.577862739562988","5.577862739562988","10","10","10","5.3763346672058105","5.3763346672058105","5.3763346672058105","10","10","10","5.163939952850342","5.163939952850342","5.163939952850342","10","10","10"
"550","7.101394176483154","7.101394176483154","7.101394176483154","11","11","11","5.444117546081543","5.444117546081543","5.444117546081543","11","11","11","5.255067825317383","5.255067825317383","5.255067825317383","11","11","11","5.028656959533691","5.028656959533691","5.028656959533691","11","11","11"
"600","7.2017436027526855","7.2017436027526855","7.2017436027526855","12","12","12","5.4598188400268555","5.4598188400268555","5.4598188400268555","12","12","12","5.260623455047607","5.260623455047607","5.260623455047607","12","12","12","5.045127868652344","5.045127868652344","5.045127868652344","12","12","12"
"650","6.8319993019104","6.8319993019104","6.8319993019104","13","13","13","5.063568115234375","5.063568115234375","5.063568115234375","13","13","13","4.814553737640381","4.814553737640381","4.814553737640381","13","13","13","4.663977146148682","4.663977146148682","4.663977146148682","13","13","13"
"700","6.921640872955322","6.921640872955322","6.921640872955322","14","14","14","5.062512397766113","5.062512397766113","5.062512397766113","14","14","14","4.796044826507568","4.796044826507568","4.796044826507568","14","14","14","4.651136875152588","4.651136875152588","4.651136875152588","14","14","14"
"750","6.994953155517578","6.994953155517578","6.994953155517578","15","15","15","5.075828552246094","5.075828552246094","5.075828552246094","15","15","15","4.834507465362549","4.834507465362549","4.834507465362549","15","15","15","4.644472122192383","4.644472122192383","4.644472122192383","15","15","15"
"800","6.70803689956665","6.70803689956665","6.70803689956665","16","16","16","4.779542922973633","4.779542922973633","4.779542922973633","16","16","16","4.5788984298706055","4.5788984298706055","4.5788984298706055","16","16","16","4.406141757965088","4.406141757965088","4.406141757965088","16","16","16"
"850","6.64992618560791","6.64992618560791","6.64992618560791","17","17","17","4.767008304595947","4.767008304595947","4.767008304595947","17","17","17","4.55804967880249","4.55804967880249","4.55804967880249","17","17","17","4.398715496063232","4.398715496063232","4.398715496063232","17","17","17"
"900","6.991654396057129","6.991654396057129","6.991654396057129","18","18","18","4.82893180847168","4.82893180847168","4.82893180847168","18","18","18","4.586695671081543","4.586695671081543","4.586695671081543","18","18","18","4.417438507080078","4.417438507080078","4.417438507080078","18","18","18"
"950","6.729071617126465","6.729071617126465","6.729071617126465","19","19","19","4.684447288513184","4.684447288513184","4.684447288513184","19","19","19","4.471629619598389","4.471629619598389","4.471629619598389","19","19","19","4.305351257324219","4.305351257324219","4.305351257324219","19","19","19"
"1000","6.8031907081604","6.8031907081604","6.8031907081604","20","20","20","4.655770778656006","4.655770778656006","4.655770778656006","20","20","20","4.476771354675293","4.476771354675293","4.476771354675293","20","20","20","4.291085720062256","4.291085720062256","4.291085720062256","20","20","20"
"1050","6.733206748962402","6.733206748962402","6.733206748962402","21","21","21","4.562988758087158","4.562988758087158","4.562988758087158","21","21","21","4.424721717834473","4.424721717834473","4.424721717834473","21","21","21","4.256592750549316","4.256592750549316","4.256592750549316","21","21","21"
"1100","6.680424690246582","6.680424690246582","6.680424690246582","22","22","22","4.431890487670898","4.431890487670898","4.431890487670898","22","22","22","4.317781448364258","4.317781448364258","4.317781448364258","22","22","22","4.164346694946289","4.164346694946289","4.164346694946289","22","22","22"
"1150","6.857462406158447","6.857462406158447","6.857462406158447","23","23","23","4.455607891082764","4.455607891082764","4.455607891082764","23","23","23","4.361892223358154","4.361892223358154","4.361892223358154","23","23","23","4.202085971832275","4.202085971832275","4.202085971832275","23","23","23"
"1200","6.738985061645508","6.738985061645508","6.738985061645508","24","24","24","4.3302130699157715","4.3302130699157715","4.3302130699157715","24","24","24","4.230542182922363","4.230542182922363","4.230542182922363","24","24","24","4.086217403411865","4.086217403411865","4.086217403411865","24","24","24"
"1250","6.72259521484375","6.72259521484375","6.72259521484375","25","25","25","4.376338958740234","4.376338958740234","4.376338958740234","25","25","25","4.3506388664245605","4.3506388664245605","4.3506388664245605","25","25","25","4.1658806800842285","4.1658806800842285","4.1658806800842285","25","25","25"
"1300","6.673116207122803","6.673116207122803","6.673116207122803","26","26","26","4.418705940246582","4.418705940246582","4.418705940246582","26","26","26","4.378387451171875","4.378387451171875","4.378387451171875","26","26","26","4.217452049255371","4.217452049255371","4.217452049255371","26","26","26"
"1350","6.677483558654785","6.677483558654785","6.677483558654785","27","27","27","4.194727420806885","4.194727420806885","4.194727420806885","27","27","27","4.185385704040527","4.185385704040527","4.185385704040527","27","27","27","4.005870342254639","4.005870342254639","4.005870342254639","27","27","27"
"1400","6.499881267547607","6.499881267547607","6.499881267547607","28","28","28","4.000575065612793","4.000575065612793","4.000575065612793","28","28","28","3.9988725185394287","3.9988725185394287","3.9988725185394287","28","28","28","3.842890977859497","3.842890977859497","3.842890977859497","28","28","28"
"1450","6.612491130828857","6.612491130828857","6.612491130828857","29","29","29","4.239309310913086","4.239309310913086","4.239309310913086","29","29","29","4.255566120147705","4.255566120147705","4.255566120147705","29","29","29","4.078572750091553","4.078572750091553","4.078572750091553","29","29","29"
"1500","6.6118550300598145","6.6118550300598145","6.6118550300598145","30","30","30","4.01626443862915","4.01626443862915","4.01626443862915","30","30","30","4.050527095794678","4.050527095794678","4.050527095794678","30","30","30","3.879067897796631","3.879067897796631","3.879067897796631","30","30","30"
"1550","6.671393394470215","6.671393394470215","6.671393394470215","31","31","31","4.041539669036865","4.041539669036865","4.041539669036865","31","31","31","4.109705924987793","4.109705924987793","4.109705924987793","31","31","31","3.9380218982696533","3.9380218982696533","3.9380218982696533","31","31","31"
"1600","6.729503631591797","6.729503631591797","6.729503631591797","32","32","32","4.119324207305908","4.119324207305908","4.119324207305908","32","32","32","4.180694580078125","4.180694580078125","4.180694580078125","32","32","32","4.020637035369873","4.020637035369873","4.020637035369873","32","32","32"
"1650","6.657934188842773","6.657934188842773","6.657934188842773","33","33","33","3.9717729091644287","3.9717729091644287","3.9717729091644287","33","33","33","4.018488883972168","4.018488883972168","4.018488883972168","33","33","33","3.874107837677002","3.874107837677002","3.874107837677002","33","33","33"
"1700","6.583232402801514","6.583232402801514","6.583232402801514","34","34","34","3.977203607559204","3.977203607559204","3.977203607559204","34","34","34","4.063231945037842","4.063231945037842","4.063231945037842","34","34","34","3.894599199295044","3.894599199295044","3.894599199295044","34","34","34"
"1750","6.720107078552246","6.720107078552246","6.720107078552246","35","35","35","4.029587268829346","4.029587268829346","4.029587268829346","35","35","35","4.139397144317627","4.139397144317627","4.139397144317627","35","35","35","3.969550371170044","3.969550371170044","3.969550371170044","35","35","35"
"1800","6.668823719024658","6.668823719024658","6.668823719024658","36","36","36","3.8594794273376465","3.8594794273376465","3.8594794273376465","36","36","36","3.9645872116088867","3.9645872116088867","3.9645872116088867","36","36","36","3.81064510345459","3.81064510345459","3.81064510345459","36","36","36"
"1850","6.652450084686279","6.652450084686279","6.652450084686279","37","37","37","3.8941633701324463","3.8941633701324463","3.8941633701324463","37","37","37","3.997667074203491","3.997667074203491","3.997667074203491","37","37","37","3.8411054611206055","3.8411054611206055","3.8411054611206055","37","37","37"
"1900","6.507267475128174","6.507267475128174","6.507267475128174","38","38","38","3.715162515640259","3.715162515640259","3.715162515640259","38","38","38","3.830237865447998","3.830237865447998","3.830237865447998","38","38","38","3.6747803688049316","3.6747803688049316","3.6747803688049316","38","38","38"
"1950","6.442255020141602","6.442255020141602","6.442255020141602","39","39","39","4.026828289031982","4.026828289031982","4.026828289031982","39","39","39","4.126509666442871","4.126509666442871","4.126509666442871","39","39","39","3.970529079437256","3.970529079437256","3.970529079437256","39","39","39"
"2000","6.525085926055908","6.525085926055908","6.525085926055908","40","40","40","3.8179049491882324","3.8179049491882324","3.8179049491882324","40","40","40","3.93876051902771","3.93876051902771","3.93876051902771","40","40","40","3.791426181793213","3.791426181793213","3.791426181793213","40","40","40"
"2050","6.6846842765808105","6.6846842765808105","6.6846842765808105","41","41","41","3.9227328300476074","3.9227328300476074","3.9227328300476074","41","41","41","4.051329612731934","4.051329612731934","4.051329612731934","41","41","41","3.8851075172424316","3.8851075172424316","3.8851075172424316","41","41","41"
"2100","6.298682689666748","6.298682689666748","6.298682689666748","42","42","42","3.7220661640167236","3.7220661640167236","3.7220661640167236","42","42","42","3.835529088973999","3.835529088973999","3.835529088973999","42","42","42","3.6834990978240967","3.6834990978240967","3.6834990978240967","42","42","42"
"2150","6.520721435546875","6.520721435546875","6.520721435546875","43","43","43","3.9653236865997314","3.9653236865997314","3.9653236865997314","43","43","43","4.067251205444336","4.067251205444336","4.067251205444336","43","43","43","3.9185051918029785","3.9185051918029785","3.9185051918029785","43","43","43"
"2200","6.4698991775512695","6.4698991775512695","6.4698991775512695","44","44","44","3.781144618988037","3.781144618988037","3.781144618988037","44","44","44","3.9022414684295654","3.9022414684295654","3.9022414684295654","44","44","44","3.7320542335510254","3.7320542335510254","3.7320542335510254","44","44","44"
"2250","6.557707786560059","6.557707786560059","6.557707786560059","45","45","45","3.845829963684082","3.845829963684082","3.845829963684082","45","45","45","3.9782793521881104","3.9782793521881104","3.9782793521881104","45","45","45","3.799382209777832","3.799382209777832","3.799382209777832","45","45","45"
"2300","6.135518550872803","6.135518550872803","6.135518550872803","46","46","46","3.6843135356903076","3.6843135356903076","3.6843135356903076","46","46","46","3.804197072982788","3.804197072982788","3.804197072982788","46","46","46","3.666008234024048","3.666008234024048","3.666008234024048","46","46","46"
"2350","6.511303901672363","6.511303901672363","6.511303901672363","47","47","47","3.7808969020843506","3.7808969020843506","3.7808969020843506","47","47","47","3.9307799339294434","3.9307799339294434","3.9307799339294434","47","47","47","3.7594428062438965","3.7594428062438965","3.7594428062438965","47","47","47"
"2400","6.4660258293151855","6.4660258293151855","6.4660258293151855","48","48","48","3.7404189109802246","3.7404189109802246","3.7404189109802246","48","48","48","3.853264093399048","3.853264093399048","3.853264093399048","48","48","48","3.7104923725128174","3.7104923725128174","3.7104923725128174","48","48","48"
"2450","6.467371940612793","6.467371940612793","6.467371940612793","49","49","49","3.638702392578125","3.638702392578125","3.638702392578125","49","49","49","3.7993240356445312","3.7993240356445312","3.7993240356445312","49","49","49","3.627990484237671","3.627990484237671","3.627990484237671","49","49","49"
"2455","6.37928581237793","6.37928581237793","6.37928581237793","50","50","50","3.6667940616607666","3.6667940616607666","3.6667940616607666","50","50","50","3.8032779693603516","3.8032779693603516","3.8032779693603516","50","50","50","3.6344852447509766","3.6344852447509766","3.6344852447509766","50","50","50"
"2460","6.366002082824707","6.366002082824707","6.366002082824707","51","51","51","3.7186601161956787","3.7186601161956787","3.7186601161956787","51","51","51","3.850201368331909","3.850201368331909","3.850201368331909","51","51","51","3.7108805179595947","3.7108805179595947","3.7108805179595947","51","51","51"
"2465","6.237573623657227","6.237573623657227","6.237573623657227","52","52","52","3.656864643096924","3.656864643096924","3.656864643096924","52","52","52","3.7761070728302","3.7761070728302","3.7761070728302","52","52","52","3.6325087547302246","3.6325087547302246","3.6325087547302246","52","52","52"
"2470","6.082396030426025","6.082396030426025","6.082396030426025","53","53","53","3.825361490249634","3.825361490249634","3.825361490249634","53","53","53","3.827845335006714","3.827845335006714","3.827845335006714","53","53","53","3.508075475692749","3.508075475692749","3.508075475692749","53","53","53"
"2475","6.393929481506348","6.393929481506348","6.393929481506348","54","54","54","3.724534034729004","3.724534034729004","3.724534034729004","54","54","54","3.8723256587982178","3.8723256587982178","3.8723256587982178","54","54","54","3.716054677963257","3.716054677963257","3.716054677963257","54","54","54"
"2480","6.380034446716309","6.380034446716309","6.380034446716309","55","55","55","3.687697410583496","3.687697410583496","3.687697410583496","55","55","55","3.851498603820801","3.851498603820801","3.851498603820801","55","55","55","3.691659927368164","3.691659927368164","3.691659927368164","55","55","55"
"2485","6.390413284301758","6.390413284301758","6.390413284301758","56","56","56","3.7384626865386963","3.7384626865386963","3.7384626865386963","56","56","56","3.8790526390075684","3.8790526390075684","3.8790526390075684","56","56","56","3.7266597747802734","3.7266597747802734","3.7266597747802734","56","56","56"
"2490","6.242150783538818","6.242150783538818","6.242150783538818","57","57","57","3.749508857727051","3.749508857727051","3.749508857727051","57","57","57","3.891796112060547","3.891796112060547","3.891796112060547","57","57","57","3.729133367538452","3.729133367538452","3.729133367538452","57","57","57"
"2495","6.3284502029418945","6.3284502029418945","6.3284502029418945","58","58","58","3.7891268730163574","3.7891268730163574","3.7891268730163574","58","58","58","3.9233510494232178","3.9233510494232178","3.9233510494232178","58","58","58","3.772052049636841","3.772052049636841","3.772052049636841","58","58","58"
"2500","6.897382736206055","6.897382736206055","6.897382736206055","59","59","59","5.438544750213623","5.438544750213623","5.438544750213623","59","59","59","5.074523448944092","5.074523448944092","5.074523448944092","59","59","59","4.024675369262695","4.024675369262695","4.024675369262695","59","59","59"
"2505","6.385472297668457","6.385472297668457","6.385472297668457","60","60","60","3.319056987762451","3.319056987762451","3.319056987762451","60","60","60","2.9683837890625","2.9683837890625","2.9683837890625","60","60","60","3.272477626800537","3.272477626800537","3.272477626800537","60","60","60"
"2510","5.89095401763916","5.89095401763916","5.89095401763916","61","61","61","2.6532416343688965","2.6532416343688965","2.6532416343688965","61","61","61","2.400233507156372","2.400233507156372","2.400233507156372","61","61","61","2.3305306434631348","2.3305306434631348","2.3305306434631348","61","61","61"
"2515","5.737389087677002","5.737389087677002","5.737389087677002","62","62","62","2.5517892837524414","2.5517892837524414","2.5517892837524414","62","62","62","2.1869311332702637","2.1869311332702637","2.1869311332702637","62","62","62","2.087069034576416","2.087069034576416","2.087069034576416","62","62","62"
"2520","5.061492443084717","5.061492443084717","5.061492443084717","63","63","63","2.050384283065796","2.050384283065796","2.050384283065796","63","63","63","1.8830465078353882","1.8830465078353882","1.8830465078353882","63","63","63","1.7473136186599731","1.7473136186599731","1.7473136186599731","63","63","63"
"2525","4.785041332244873","4.785041332244873","4.785041332244873","64","64","64","1.9432587623596191","1.9432587623596191","1.9432587623596191","64","64","64","1.6904329061508179","1.6904329061508179","1.6904329061508179","64","64","64","1.5614711046218872","1.5614711046218872","1.5614711046218872","64","64","64"
"2530","4.793470859527588","4.793470859527588","4.793470859527588","65","65","65","1.7805041074752808","1.7805041074752808","1.7805041074752808","65","65","65","1.6120754480361938","1.6120754480361938","1.6120754480361938","65","65","65","1.4588121175765991","1.4588121175765991","1.4588121175765991","65","65","65"
"2535","4.474705696105957","4.474705696105957","4.474705696105957","66","66","66","1.7355377674102783","1.7355377674102783","1.7355377674102783","66","66","66","1.525349736213684","1.525349736213684","1.525349736213684","66","66","66","1.3337308168411255","1.3337308168411255","1.3337308168411255","66","66","66"
"2540","4.569103717803955","4.569103717803955","4.569103717803955","67","67","67","1.7453159093856812","1.7453159093856812","1.7453159093856812","67","67","67","1.5700708627700806","1.5700708627700806","1.5700708627700806","67","67","67","1.357311725616455","1.357311725616455","1.357311725616455","67","67","67"
"2545","4.2865681648254395","4.2865681648254395","4.2865681648254395","68","68","68","1.578445553779602","1.578445553779602","1.578445553779602","68","68","68","1.3996399641036987","1.3996399641036987","1.3996399641036987","68","68","68","1.207360863685608","1.207360863685608","1.207360863685608","68","68","68"
"2550","4.205830097198486","4.205830097198486","4.205830097198486","69","69","69","1.490979790687561","1.490979790687561","1.490979790687561","69","69","69","1.3054035902023315","1.3054035902023315","1.3054035902023315","69","69","69","1.1048837900161743","1.1048837900161743","1.1048837900161743","69","69","69"
"2555","4.204494953155518","4.204494953155518","4.204494953155518","70","70","70","1.5037062168121338","1.5037062168121338","1.5037062168121338","70","70","70","1.3264752626419067","1.3264752626419067","1.3264752626419067","70","70","70","1.121630072593689","1.121630072593689","1.121630072593689","70","70","70"
"2560","4.199188232421875","4.199188232421875","4.199188232421875","71","71","71","1.4822680950164795","1.4822680950164795","1.4822680950164795","71","71","71","1.3396722078323364","1.3396722078323364","1.3396722078323364","71","71","71","1.1280479431152344","1.1280479431152344","1.1280479431152344","71","71","71"
"2565","4.325530052185059","4.325530052185059","4.325530052185059","72","72","72","1.537292242050171","1.537292242050171","1.537292242050171","72","72","72","1.3432204723358154","1.3432204723358154","1.3432204723358154","72","72","72","1.1132619380950928","1.1132619380950928","1.1132619380950928","72","72","72"
"2570","4.378476142883301","4.378476142883301","4.378476142883301","73","73","73","1.4884178638458252","1.4884178638458252","1.4884178638458252","73","73","73","1.3214360475540161","1.3214360475540161","1.3214360475540161","73","73","73","1.0891271829605103","1.0891271829605103","1.0891271829605103","73","73","73"
"2575","4.136857032775879","4.136857032775879","4.136857032775879","74","74","74","1.413370132446289","1.413370132446289","1.413370132446289","74","74","74","1.255052089691162","1.255052089691162","1.255052089691162","74","74","74","1.1096220016479492","1.1096220016479492","1.1096220016479492","74","74","74"
"2580","3.958026647567749","3.958026647567749","3.958026647567749","75","75","75","1.2888728380203247","1.2888728380203247","1.2888728380203247","75","75","75","1.1415711641311646","1.1415711641311646","1.1415711641311646","75","75","75","0.9604707360267639","0.9604707360267639","0.9604707360267639","75","75","75"
"2585","3.8477280139923096","3.8477280139923096","3.8477280139923096","76","76","76","1.2316937446594238","1.2316937446594238","1.2316937446594238","76","76","76","1.077859878540039","1.077859878540039","1.077859878540039","76","76","76","0.8815126419067383","0.8815126419067383","0.8815126419067383","76","76","76"
"2590","3.8315517902374268","3.8315517902374268","3.8315517902374268","77","77","77","1.2478018999099731","1.2478018999099731","1.2478018999099731","77","77","77","1.1288679838180542","1.1288679838180542","1.1288679838180542","77","77","77","0.9013217687606812","0.9013217687606812","0.9013217687606812","77","77","77"
"2595","4.018224716186523","4.018224716186523","4.018224716186523","78","78","78","1.323563575744629","1.323563575744629","1.323563575744629","78","78","78","1.1892635822296143","1.1892635822296143","1.1892635822296143","78","78","78","0.969581127166748","0.969581127166748","0.969581127166748","78","78","78"
"2600","3.956847906112671","3.956847906112671","3.956847906112671","79","79","79","1.2330811023712158","1.2330811023712158","1.2330811023712158","79","79","79","1.0916962623596191","1.0916962623596191","1.0916962623596191","79","79","79","0.9724704623222351","0.9724704623222351","0.9724704623222351","79","79","79"
"2605","3.8080685138702393","3.8080685138702393","3.8080685138702393","80","80","80","1.228697657585144","1.228697657585144","1.228697657585144","80","80","80","1.0997538566589355","1.0997538566589355","1.0997538566589355","80","80","80","0.9298482537269592","0.9298482537269592","0.9298482537269592","80","80","80"
"2610","4.017777442932129","4.017777442932129","4.017777442932129","81","81","81","1.1876654624938965","1.1876654624938965","1.1876654624938965","81","81","81","1.0572890043258667","1.0572890043258667","1.0572890043258667","81","81","81","0.8767383694648743","0.8767383694648743","0.8767383694648743","81","81","81"
"2615","4.128507137298584","4.128507137298584","4.128507137298584","82","82","82","1.2021558284759521","1.2021558284759521","1.2021558284759521","82","82","82","1.0618832111358643","1.0618832111358643","1.0618832111358643","82","82","82","0.8539453744888306","0.8539453744888306","0.8539453744888306","82","82","82"
"2620","3.7644968032836914","3.7644968032836914","3.7644968032836914","83","83","83","1.1589421033859253","1.1589421033859253","1.1589421033859253","83","83","83","1.023766279220581","1.023766279220581","1.023766279220581","83","83","83","0.8359806537628174","0.8359806537628174","0.8359806537628174","83","83","83"
"2625","3.793463706970215","3.793463706970215","3.793463706970215","84","84","84","1.152115821838379","1.152115821838379","1.152115821838379","84","84","84","1.0279574394226074","1.0279574394226074","1.0279574394226074","84","84","84","0.844636082649231","0.844636082649231","0.844636082649231","84","84","84"
"2630","3.755000114440918","3.755000114440918","3.755000114440918","85","85","85","1.042040228843689","1.042040228843689","1.042040228843689","85","85","85","0.9105722308158875","0.9105722308158875","0.9105722308158875","85","85","85","0.780558705329895","0.780558705329895","0.780558705329895","85","85","85"
"2635","3.8465116024017334","3.8465116024017334","3.8465116024017334","86","86","86","1.0682882070541382","1.0682882070541382","1.0682882070541382","86","86","86","0.9324149489402771","0.9324149489402771","0.9324149489402771","86","86","86","0.7332407832145691","0.7332407832145691","0.7332407832145691","86","86","86"
"2640","3.7596888542175293","3.7596888542175293","3.7596888542175293","87","87","87","1.0506460666656494","1.0506460666656494","1.0506460666656494","87","87","87","0.9335389137268066","0.9335389137268066","0.9335389137268066","87","87","87","0.7268574237823486","0.7268574237823486","0.7268574237823486","87","87","87"
"2645","3.7238070964813232","3.7238070964813232","3.7238070964813232","88","88","88","1.0952435731887817","1.0952435731887817","1.0952435731887817","88","88","88","0.9638530611991882","0.9638530611991882","0.9638530611991882","88","88","88","0.7381070256233215","0.7381070256233215","0.7381070256233215","88","88","88"
"2650","3.3060483932495117","3.3060483932495117","3.3060483932495117","89","89","89","0.9953091144561768","0.9953091144561768","0.9953091144561768","89","89","89","0.8822166323661804","0.8822166323661804","0.8822166323661804","89","89","89","0.6702829599380493","0.6702829599380493","0.6702829599380493","89","89","89"
"2655","3.7134742736816406","3.7134742736816406","3.7134742736816406","90","90","90","1.0013481378555298","1.0013481378555298","1.0013481378555298","90","90","90","0.883147656917572","0.883147656917572","0.883147656917572","90","90","90","0.6929132342338562","0.6929132342338562","0.6929132342338562","90","90","90"
"2660","3.4140024185180664","3.4140024185180664","3.4140024185180664","91","91","91","0.9163560271263123","0.9163560271263123","0.9163560271263123","91","91","91","0.7806918621063232","0.7806918621063232","0.7806918621063232","91","91","91","0.5870414972305298","0.5870414972305298","0.5870414972305298","91","91","91"
"2665","3.3421897888183594","3.3421897888183594","3.3421897888183594","92","92","92","0.8748559355735779","0.8748559355735779","0.8748559355735779","92","92","92","0.7699422240257263","0.7699422240257263","0.7699422240257263","92","92","92","0.5799921751022339","0.5799921751022339","0.5799921751022339","92","92","92"
"2670","3.4667956829071045","3.4667956829071045","3.4667956829071045","93","93","93","0.949095606803894","0.949095606803894","0.949095606803894","93","93","93","0.8414575457572937","0.8414575457572937","0.8414575457572937","93","93","93","0.6798458695411682","0.6798458695411682","0.6798458695411682","93","93","93"
"2675","3.5851125717163086","3.5851125717163086","3.5851125717163086","94","94","94","0.9643314480781555","0.9643314480781555","0.9643314480781555","94","94","94","0.8159404993057251","0.8159404993057251","0.8159404993057251","94","94","94","0.6495773196220398","0.6495773196220398","0.6495773196220398","94","94","94"
"2680","3.832479476928711","3.832479476928711","3.832479476928711","95","95","95","0.9706240892410278","0.9706240892410278","0.9706240892410278","95","95","95","0.8353881239891052","0.8353881239891052","0.8353881239891052","95","95","95","0.6250537037849426","0.6250537037849426","0.6250537037849426","95","95","95"
"2685","3.776959180831909","3.776959180831909","3.776959180831909","96","96","96","0.9994043111801147","0.9994043111801147","0.9994043111801147","96","96","96","0.8845186233520508","0.8845186233520508","0.8845186233520508","96","96","96","0.6606659889221191","0.6606659889221191","0.6606659889221191","96","96","96"
"2690","3.5812273025512695","3.5812273025512695","3.5812273025512695","97","97","97","0.9093731045722961","0.9093731045722961","0.9093731045722961","97","97","97","0.8127236366271973","0.8127236366271973","0.8127236366271973","97","97","97","0.6211140751838684","0.6211140751838684","0.6211140751838684","97","97","97"
"2695","3.595351457595825","3.595351457595825","3.595351457595825","98","98","98","0.9059550166130066","0.9059550166130066","0.9059550166130066","98","98","98","0.7790966033935547","0.7790966033935547","0.7790966033935547","98","98","98","0.5879135131835938","0.5879135131835938","0.5879135131835938","98","98","98"
"2700","3.7726128101348877","3.7726128101348877","3.7726128101348877","99","99","99","0.8999962210655212","0.8999962210655212","0.8999962210655212","99","99","99","0.7750447988510132","0.7750447988510132","0.7750447988510132","99","99","99","0.574019193649292","0.574019193649292","0.574019193649292","99","99","99"
"2705","3.4363155364990234","3.4363155364990234","3.4363155364990234","100","100","100","0.8028325438499451","0.8028325438499451","0.8028325438499451","100","100","100","0.6792072653770447","0.6792072653770447","0.6792072653770447","100","100","100","0.4759499430656433","0.4759499430656433","0.4759499430656433","100","100","100"
"2710","3.4867212772369385","3.4867212772369385","3.4867212772369385","101","101","101","0.8421822190284729","0.8421822190284729","0.8421822190284729","101","101","101","0.7243489623069763","0.7243489623069763","0.7243489623069763","101","101","101","0.5102956295013428","0.5102956295013428","0.5102956295013428","101","101","101"
"2715","3.5657694339752197","3.5657694339752197","3.5657694339752197","102","102","102","0.8412147164344788","0.8412147164344788","0.8412147164344788","102","102","102","0.7173234820365906","0.7173234820365906","0.7173234820365906","102","102","102","0.5145070552825928","0.5145070552825928","0.5145070552825928","102","102","102"
"2720","3.436744213104248","3.436744213104248","3.436744213104248","103","103","103","0.8400824069976807","0.8400824069976807","0.8400824069976807","103","103","103","0.7511479258537292","0.7511479258537292","0.7511479258537292","103","103","103","0.5743115544319153","0.5743115544319153","0.5743115544319153","103","103","103"
"2725","3.5823402404785156","3.5823402404785156","3.5823402404785156","104","104","104","0.7892414927482605","0.7892414927482605","0.7892414927482605","104","104","104","0.6836772561073303","0.6836772561073303","0.6836772561073303","104","104","104","0.4911653697490692","0.4911653697490692","0.4911653697490692","104","104","104"
"2730","3.349632978439331","3.349632978439331","3.349632978439331","105","105","105","0.721106767654419","0.721106767654419","0.721106767654419","105","105","105","0.5885499715805054","0.5885499715805054","0.5885499715805054","105","105","105","0.4023423194885254","0.4023423194885254","0.4023423194885254","105","105","105"
"2735","3.5773394107818604","3.5773394107818604","3.5773394107818604","106","106","106","0.7910855412483215","0.7910855412483215","0.7910855412483215","106","106","106","0.6550664305686951","0.6550664305686951","0.6550664305686951","106","106","106","0.4477600157260895","0.4477600157260895","0.4477600157260895","106","106","106"
"2740","3.473423480987549","3.473423480987549","3.473423480987549","107","107","107","0.7889859080314636","0.7889859080314636","0.7889859080314636","107","107","107","0.6376748085021973","0.6376748085021973","0.6376748085021973","107","107","107","0.4720948338508606","0.4720948338508606","0.4720948338508606","107","107","107"
"2745","3.518160104751587","3.518160104751587","3.518160104751587","108","108","108","0.736250102519989","0.736250102519989","0.736250102519989","108","108","108","0.5990851521492004","0.5990851521492004","0.5990851521492004","108","108","108","0.45628395676612854","0.45628395676612854","0.45628395676612854","108","108","108"
"2750","3.258211612701416","3.258211612701416","3.258211612701416","109","109","109","0.7338487505912781","0.7338487505912781","0.7338487505912781","109","109","109","0.6115922927856445","0.6115922927856445","0.6115922927856445","109","109","109","0.4494406282901764","0.4494406282901764","0.4494406282901764","109","109","109"
"2755","3.565218925476074","3.565218925476074","3.565218925476074","110","110","110","0.7383754253387451","0.7383754253387451","0.7383754253387451","110","110","110","0.6111742854118347","0.6111742854118347","0.6111742854118347","110","110","110","0.42687705159187317","0.42687705159187317","0.42687705159187317","110","110","110"
"2760","3.325702667236328","3.325702667236328","3.325702667236328","111","111","111","0.7285412549972534","0.7285412549972534","0.7285412549972534","111","111","111","0.6140199303627014","0.6140199303627014","0.6140199303627014","111","111","111","0.4212277829647064","0.4212277829647064","0.4212277829647064","111","111","111"
"2765","3.462357997894287","3.462357997894287","3.462357997894287","112","112","112","0.723932683467865","0.723932683467865","0.723932683467865","112","112","112","0.5961599946022034","0.5961599946022034","0.5961599946022034","112","112","112","0.4057322144508362","0.4057322144508362","0.4057322144508362","112","112","112"
"2770","3.4551103115081787","3.4551103115081787","3.4551103115081787","113","113","113","0.7840147614479065","0.7840147614479065","0.7840147614479065","113","113","113","0.6675557494163513","0.6675557494163513","0.6675557494163513","113","113","113","0.42667195200920105","0.42667195200920105","0.42667195200920105","113","113","113"
"2775","3.422680616378784","3.422680616378784","3.422680616378784","114","114","114","0.7319149374961853","0.7319149374961853","0.7319149374961853","114","114","114","0.6058570146560669","0.6058570146560669","0.6058570146560669","114","114","114","0.40495622158050537","0.40495622158050537","0.40495622158050537","114","114","114"
"2780","3.369913101196289","3.369913101196289","3.369913101196289","115","115","115","0.680974543094635","0.680974543094635","0.680974543094635","115","115","115","0.5707911252975464","0.5707911252975464","0.5707911252975464","115","115","115","0.37613970041275024","0.37613970041275024","0.37613970041275024","115","115","115"
"2785","3.2841341495513916","3.2841341495513916","3.2841341495513916","116","116","116","0.6309092044830322","0.6309092044830322","0.6309092044830322","116","116","116","0.5285326242446899","0.5285326242446899","0.5285326242446899","116","116","116","0.3449137210845947","0.3449137210845947","0.3449137210845947","116","116","116"
"2790","3.5045268535614014","3.5045268535614014","3.5045268535614014","117","117","117","0.6460315585136414","0.6460315585136414","0.6460315585136414","117","117","117","0.5330943465232849","0.5330943465232849","0.5330943465232849","117","117","117","0.35912734270095825","0.35912734270095825","0.35912734270095825","117","117","117"
"2795","3.4135518074035645","3.4135518074035645","3.4135518074035645","118","118","118","0.6550654172897339","0.6550654172897339","0.6550654172897339","118","118","118","0.5329945087432861","0.5329945087432861","0.5329945087432861","118","118","118","0.4538725018501282","0.4538725018501282","0.4538725018501282","118","118","118"
"2800","3.50933575630188","3.50933575630188","3.50933575630188","119","119","119","0.6620201468467712","0.6620201468467712","0.6620201468467712","119","119","119","0.5073777437210083","0.5073777437210083","0.5073777437210083","119","119","119","0.3752593696117401","0.3752593696117401","0.3752593696117401","119","119","119"
"2805","3.5664124488830566","3.5664124488830566","3.5664124488830566","120","120","120","0.6633734107017517","0.6633734107017517","0.6633734107017517","120","120","120","0.5344361662864685","0.5344361662864685","0.5344361662864685","120","120","120","0.36015716195106506","0.36015716195106506","0.36015716195106506","120","120","120"
"2810","3.4829115867614746","3.4829115867614746","3.4829115867614746","121","121","121","0.6665560603141785","0.6665560603141785","0.6665560603141785","121","121","121","0.5446295738220215","0.5446295738220215","0.5446295738220215","121","121","121","0.36298197507858276","0.36298197507858276","0.36298197507858276","121","121","121"
"2815","3.447068214416504","3.447068214416504","3.447068214416504","122","122","122","0.6746588945388794","0.6746588945388794","0.6746588945388794","122","122","122","0.5304509997367859","0.5304509997367859","0.5304509997367859","122","122","122","0.34017351269721985","0.34017351269721985","0.34017351269721985","122","122","122"
"2820","3.5105960369110107","3.5105960369110107","3.5105960369110107","123","123","123","0.5831202268600464","0.5831202268600464","0.5831202268600464","123","123","123","0.4712592661380768","0.4712592661380768","0.4712592661380768","123","123","123","0.3292761445045471","0.3292761445045471","0.3292761445045471","123","123","123"
"2825","3.302523612976074","3.302523612976074","3.302523612976074","124","124","124","0.5850876569747925","0.5850876569747925","0.5850876569747925","124","124","124","0.46913933753967285","0.46913933753967285","0.46913933753967285","124","124","124","0.32225385308265686","0.32225385308265686","0.32225385308265686","124","124","124"
"2830","3.6675124168395996","3.6675124168395996","3.6675124168395996","125","125","125","0.7052319049835205","0.7052319049835205","0.7052319049835205","125","125","125","0.5896191000938416","0.5896191000938416","0.5896191000938416","125","125","125","0.3833831548690796","0.3833831548690796","0.3833831548690796","125","125","125"
"2835","3.265671730041504","3.265671730041504","3.265671730041504","126","126","126","0.5626978874206543","0.5626978874206543","0.5626978874206543","126","126","126","0.4537651836872101","0.4537651836872101","0.4537651836872101","126","126","126","0.35837990045547485","0.35837990045547485","0.35837990045547485","126","126","126"
"2840","3.3482296466827393","3.3482296466827393","3.3482296466827393","127","127","127","0.5284689664840698","0.5284689664840698","0.5284689664840698","127","127","127","0.41946882009506226","0.41946882009506226","0.41946882009506226","127","127","127","0.3191295862197876","0.3191295862197876","0.3191295862197876","127","127","127"
"2845","3.3310279846191406","3.3310279846191406","3.3310279846191406","128","128","128","0.5352923274040222","0.5352923274040222","0.5352923274040222","128","128","128","0.4327352046966553","0.4327352046966553","0.4327352046966553","128","128","128","0.3124532699584961","0.3124532699584961","0.3124532699584961","128","128","128"
"2850","3.4676945209503174","3.4676945209503174","3.4676945209503174","129","129","129","0.5147310495376587","0.5147310495376587","0.5147310495376587","129","129","129","0.40829095244407654","0.40829095244407654","0.40829095244407654","129","129","129","0.28984248638153076","0.28984248638153076","0.28984248638153076","129","129","129"
"2855","3.394362449645996","3.394362449645996","3.394362449645996","130","130","130","0.5229263305664062","0.5229263305664062","0.5229263305664062","130","130","130","0.4164050817489624","0.4164050817489624","0.4164050817489624","130","130","130","0.28962478041648865","0.28962478041648865","0.28962478041648865","130","130","130"
"2860","3.5149788856506348","3.5149788856506348","3.5149788856506348","131","131","131","0.5317063331604004","0.5317063331604004","0.5317063331604004","131","131","131","0.43530791997909546","0.43530791997909546","0.43530791997909546","131","131","131","0.30735817551612854","0.30735817551612854","0.30735817551612854","131","131","131"
"2865","3.3418350219726562","3.3418350219726562","3.3418350219726562","132","132","132","0.4999738931655884","0.4999738931655884","0.4999738931655884","132","132","132","0.41860446333885193","0.41860446333885193","0.41860446333885193","132","132","132","0.28625035285949707","0.28625035285949707","0.28625035285949707","132","132","132"
"2870","3.2251996994018555","3.2251996994018555","3.2251996994018555","133","133","133","0.505166232585907","0.505166232585907","0.505166232585907","133","133","133","0.3821262717247009","0.3821262717247009","0.3821262717247009","133","133","133","0.27399998903274536","0.27399998903274536","0.27399998903274536","133","133","133"
"2875","3.456404447555542","3.456404447555542","3.456404447555542","134","134","134","0.5439538359642029","0.5439538359642029","0.5439538359642029","134","134","134","0.4315798878669739","0.4315798878669739","0.4315798878669739","134","134","134","0.3049030303955078","0.3049030303955078","0.3049030303955078","134","134","134"
"2880","3.3069591522216797","3.3069591522216797","3.3069591522216797","135","135","135","0.48769381642341614","0.48769381642341614","0.48769381642341614","135","135","135","0.39855486154556274","0.39855486154556274","0.39855486154556274","135","135","135","0.2771068513393402","0.2771068513393402","0.2771068513393402","135","135","135"
"2885","3.197087287902832","3.197087287902832","3.197087287902832","136","136","136","0.45549750328063965","0.45549750328063965","0.45549750328063965","136","136","136","0.3694770038127899","0.3694770038127899","0.3694770038127899","136","136","136","0.27164700627326965","0.27164700627326965","0.27164700627326965","136","136","136"
"2890","3.0822603702545166","3.0822603702545166","3.0822603702545166","137","137","137","0.4370647966861725","0.4370647966861725","0.4370647966861725","137","137","137","0.3532828092575073","0.3532828092575073","0.3532828092575073","137","137","137","0.2726035416126251","0.2726035416126251","0.2726035416126251","137","137","137"
"2895","2.9789319038391113","2.9789319038391113","2.9789319038391113","138","138","138","0.41616228222846985","0.41616228222846985","0.41616228222846985","138","138","138","0.348113477230072","0.348113477230072","0.348113477230072","138","138","138","0.3368646204471588","0.3368646204471588","0.3368646204471588","138","138","138"
"2900","3.183791399002075","3.183791399002075","3.183791399002075","139","139","139","0.4511398375034332","0.4511398375034332","0.4511398375034332","139","139","139","0.3688499629497528","0.3688499629497528","0.3688499629497528","139","139","139","0.28843995928764343","0.28843995928764343","0.28843995928764343","139","139","139"
"2905","3.1149425506591797","3.1149425506591797","3.1149425506591797","140","140","140","0.41254356503486633","0.41254356503486633","0.41254356503486633","140","140","140","0.3459959924221039","0.3459959924221039","0.3459959924221039","140","140","140","0.27629512548446655","0.27629512548446655","0.27629512548446655","140","140","140"
"2910","3.739893913269043","3.739893913269043","3.739893913269043","141","141","141","0.47333645820617676","0.47333645820617676","0.47333645820617676","141","141","141","0.3900832533836365","0.3900832533836365","0.3900832533836365","141","141","141","0.28878164291381836","0.28878164291381836","0.28878164291381836","141","141","141"
"2915","2.9777097702026367","2.9777097702026367","2.9777097702026367","142","142","142","0.36964184045791626","0.36964184045791626","0.36964184045791626","142","142","142","0.31267815828323364","0.31267815828323364","0.31267815828323364","142","142","142","0.247515469789505","0.247515469789505","0.247515469789505","142","142","142"
"2920","2.9793879985809326","2.9793879985809326","2.9793879985809326","143","143","143","0.4042620062828064","0.4042620062828064","0.4042620062828064","143","143","143","0.34641411900520325","0.34641411900520325","0.34641411900520325","143","143","143","0.2629905045032501","0.2629905045032501","0.2629905045032501","143","143","143"
"2925","3.270566701889038","3.270566701889038","3.270566701889038","144","144","144","0.38876256346702576","0.38876256346702576","0.38876256346702576","144","144","144","0.31825363636016846","0.31825363636016846","0.31825363636016846","144","144","144","0.2603386640548706","0.2603386640548706","0.2603386640548706","144","144","144"
"2930","3.338906764984131","3.338906764984131","3.338906764984131","145","145","145","0.369709312915802","0.369709312915802","0.369709312915802","145","145","145","0.32451218366622925","0.32451218366622925","0.32451218366622925","145","145","145","0.2631622552871704","0.2631622552871704","0.2631622552871704","145","145","145"
"2935","3.111539602279663","3.111539602279663","3.111539602279663","146","146","146","0.3427591025829315","0.3427591025829315","0.3427591025829315","146","146","146","0.3068421483039856","0.3068421483039856","0.3068421483039856","146","146","146","0.23583893477916718","0.23583893477916718","0.23583893477916718","146","146","146"
"2940","3.1335208415985107","3.1335208415985107","3.1335208415985107","147","147","147","0.38332322239875793","0.38332322239875793","0.38332322239875793","147","147","147","0.32730454206466675","0.32730454206466675","0.32730454206466675","147","147","147","0.2606002390384674","0.2606002390384674","0.2606002390384674","147","147","147"
"2945","3.409471273422241","3.409471273422241","3.409471273422241","148","148","148","0.36728084087371826","0.36728084087371826","0.36728084087371826","148","148","148","0.31873324513435364","0.31873324513435364","0.31873324513435364","148","148","148","0.24078701436519623","0.24078701436519623","0.24078701436519623","148","148","148"
"2950","3.2783968448638916","3.2783968448638916","3.2783968448638916","149","149","149","0.3461882174015045","0.3461882174015045","0.3461882174015045","149","149","149","0.2964934706687927","0.2964934706687927","0.2964934706687927","149","149","149","0.2298993468284607","0.2298993468284607","0.2298993468284607","149","149","149"
"2955","3.094001054763794","3.094001054763794","3.094001054763794","150","150","150","0.3396551311016083","0.3396551311016083","0.3396551311016083","150","150","150","0.29584774374961853","0.29584774374961853","0.29584774374961853","150","150","150","0.2256951481103897","0.2256951481103897","0.2256951481103897","150","150","150"
"2960","3.322147846221924","3.322147846221924","3.322147846221924","151","151","151","0.3817766308784485","0.3817766308784485","0.3817766308784485","151","151","151","0.3369983434677124","0.3369983434677124","0.3369983434677124","151","151","151","0.25970929861068726","0.25970929861068726","0.25970929861068726","151","151","151"
"2965","3.153822183609009","3.153822183609009","3.153822183609009","152","152","152","0.37479737401008606","0.37479737401008606","0.37479737401008606","152","152","152","0.33775147795677185","0.33775147795677185","0.33775147795677185","152","152","152","0.2518855631351471","0.2518855631351471","0.2518855631351471","152","152","152"
"2970","3.135167360305786","3.135167360305786","3.135167360305786","153","153","153","0.36162522435188293","0.36162522435188293","0.36162522435188293","153","153","153","0.3211621642112732","0.3211621642112732","0.3211621642112732","153","153","153","0.24345965683460236","0.24345965683460236","0.24345965683460236","153","153","153"
"2975","3.2080302238464355","3.2080302238464355","3.2080302238464355","154","154","154","0.32933780550956726","0.32933780550956726","0.32933780550956726","154","154","154","0.3002859950065613","0.3002859950065613","0.3002859950065613","154","154","154","0.24418093264102936","0.24418093264102936","0.24418093264102936","154","154","154"
"2980","3.131087064743042","3.131087064743042","3.131087064743042","155","155","155","0.3338649570941925","0.3338649570941925","0.3338649570941925","155","155","155","0.30352267622947693","0.30352267622947693","0.30352267622947693","155","155","155","0.24290527403354645","0.24290527403354645","0.24290527403354645","155","155","155"
"2985","3.1141555309295654","3.1141555309295654","3.1141555309295654","156","156","156","0.31248927116394043","0.31248927116394043","0.31248927116394043","156","156","156","0.2940618693828583","0.2940618693828583","0.2940618693828583","156","156","156","0.23434759676456451","0.23434759676456451","0.23434759676456451","156","156","156"
"2990","3.1293368339538574","3.1293368339538574","3.1293368339538574","157","157","157","0.31996574997901917","0.31996574997901917","0.31996574997901917","157","157","157","0.2921942472457886","0.2921942472457886","0.2921942472457886","157","157","157","0.3434118330478668","0.3434118330478668","0.3434118330478668","157","157","157"
"2995","3.210402250289917","3.210402250289917","3.210402250289917","158","158","158","0.33541935682296753","0.33541935682296753","0.33541935682296753","158","158","158","0.2947094738483429","0.2947094738483429","0.2947094738483429","158","158","158","0.29505518078804016","0.29505518078804016","0.29505518078804016","158","158","158"
"3000","7.04633903503418","7.04633903503418","7.04633903503418","159","159","159","7.178017616271973","7.178017616271973","7.178017616271973","159","159","159","6.726264476776123","6.726264476776123","6.726264476776123","159","159","159","7.125883102416992","7.125883102416992","7.125883102416992","159","159","159"
"3005","6.844816207885742","6.844816207885742","6.844816207885742","160","160","160","5.874709606170654","5.874709606170654","5.874709606170654","160","160","160","5.021088600158691","5.021088600158691","5.021088600158691","160","160","160","5.347236156463623","5.347236156463623","5.347236156463623","160","160","160"
"3010","6.600881099700928","6.600881099700928","6.600881099700928","161","161","161","5.415365219116211","5.415365219116211","5.415365219116211","161","161","161","4.684295654296875","4.684295654296875","4.684295654296875","161","161","161","4.75353479385376","4.75353479385376","4.75353479385376","161","161","161"
"3015","6.739976406097412","6.739976406097412","6.739976406097412","162","162","162","5.239453315734863","5.239453315734863","5.239453315734863","162","162","162","4.512568950653076","4.512568950653076","4.512568950653076","162","162","162","4.456035614013672","4.456035614013672","4.456035614013672","162","162","162"
"3020","6.418935298919678","6.418935298919678","6.418935298919678","163","163","163","4.8647966384887695","4.8647966384887695","4.8647966384887695","163","163","163","4.247676849365234","4.247676849365234","4.247676849365234","163","163","163","4.149272441864014","4.149272441864014","4.149272441864014","163","163","163"
"3025","6.602633953094482","6.602633953094482","6.602633953094482","164","164","164","4.934438705444336","4.934438705444336","4.934438705444336","164","164","164","4.290808200836182","4.290808200836182","4.290808200836182","164","164","164","4.168210983276367","4.168210983276367","4.168210983276367","164","164","164"
"3030","6.708963871002197","6.708963871002197","6.708963871002197","165","165","165","4.89838171005249","4.89838171005249","4.89838171005249","165","165","165","4.277424335479736","4.277424335479736","4.277424335479736","165","165","165","4.143950939178467","4.143950939178467","4.143950939178467","165","165","165"
"3035","6.619808673858643","6.619808673858643","6.619808673858643","166","166","166","4.922104835510254","4.922104835510254","4.922104835510254","166","166","166","4.4162750244140625","4.4162750244140625","4.4162750244140625","166","166","166","4.281009197235107","4.281009197235107","4.281009197235107","166","166","166"
"3040","6.721078395843506","6.721078395843506","6.721078395843506","167","167","167","4.775795936584473","4.775795936584473","4.775795936584473","167","167","167","4.290086269378662","4.290086269378662","4.290086269378662","167","167","167","4.143575191497803","4.143575191497803","4.143575191497803","167","167","167"
"3045","6.208085060119629","6.208085060119629","6.208085060119629","168","168","168","4.42972993850708","4.42972993850708","4.42972993850708","168","168","168","4.007081508636475","4.007081508636475","4.007081508636475","168","168","168","3.8664793968200684","3.8664793968200684","3.8664793968200684","168","168","168"
"3050","6.506019115447998","6.506019115447998","6.506019115447998","169","169","169","4.638920783996582","4.638920783996582","4.638920783996582","169","169","169","4.184703826904297","4.184703826904297","4.184703826904297","169","169","169","4.054777145385742","4.054777145385742","4.054777145385742","169","169","169"
"3055","6.348378658294678","6.348378658294678","6.348378658294678","170","170","170","4.465679168701172","4.465679168701172","4.465679168701172","170","170","170","4.039750099182129","4.039750099182129","4.039750099182129","170","170","170","3.927088737487793","3.927088737487793","3.927088737487793","170","170","170"
"3060","6.277873516082764","6.277873516082764","6.277873516082764","171","171","171","4.374855995178223","4.374855995178223","4.374855995178223","171","171","171","3.993417978286743","3.993417978286743","3.993417978286743","171","171","171","3.893003463745117","3.893003463745117","3.893003463745117","171","171","171"
"3065","6.30530309677124","6.30530309677124","6.30530309677124","172","172","172","4.180026531219482","4.180026531219482","4.180026531219482","172","172","172","3.801316976547241","3.801316976547241","3.801316976547241","172","172","172","3.660330057144165","3.660330057144165","3.660330057144165","172","172","172"
"3070","6.439914703369141","6.439914703369141","6.439914703369141","173","173","173","4.3147077560424805","4.3147077560424805","4.3147077560424805","173","173","173","4.009890556335449","4.009890556335449","4.009890556335449","173","173","173","3.883906602859497","3.883906602859497","3.883906602859497","173","173","173"
"3075","6.464883804321289","6.464883804321289","6.464883804321289","174","174","174","4.228793144226074","4.228793144226074","4.228793144226074","174","174","174","3.9252970218658447","3.9252970218658447","3.9252970218658447","174","174","174","3.7976834774017334","3.7976834774017334","3.7976834774017334","174","174","174"
"3080","6.434898376464844","6.434898376464844","6.434898376464844","175","175","175","4.475888252258301","4.475888252258301","4.475888252258301","175","175","175","4.205239772796631","4.205239772796631","4.205239772796631","175","175","175","4.065352916717529","4.065352916717529","4.065352916717529","175","175","175"
"3085","6.168826103210449","6.168826103210449","6.168826103210449","176","176","176","4.216159820556641","4.216159820556641","4.216159820556641","176","176","176","3.9579687118530273","3.9579687118530273","3.9579687118530273","176","176","176","3.8374102115631104","3.8374102115631104","3.8374102115631104","176","176","176"
"3090","6.183271884918213","6.183271884918213","6.183271884918213","177","177","177","4.038351535797119","4.038351535797119","4.038351535797119","177","177","177","3.829355478286743","3.829355478286743","3.829355478286743","177","177","177","3.6874241828918457","3.6874241828918457","3.6874241828918457","177","177","177"
"3095","6.183204174041748","6.183204174041748","6.183204174041748","178","178","178","4.113944053649902","4.113944053649902","4.113944053649902","178","178","178","3.8805124759674072","3.8805124759674072","3.8805124759674072","178","178","178","3.74458909034729","3.74458909034729","3.74458909034729","178","178","178"
"3100","6.211905002593994","6.211905002593994","6.211905002593994","179","179","179","4.199766635894775","4.199766635894775","4.199766635894775","179","179","179","4.003833293914795","4.003833293914795","4.003833293914795","179","179","179","3.8893754482269287","3.8893754482269287","3.8893754482269287","179","179","179"
"3105","6.264371871948242","6.264371871948242","6.264371871948242","180","180","180","4.085551738739014","4.085551738739014","4.085551738739014","180","180","180","3.896259069442749","3.896259069442749","3.896259069442749","180","180","180","3.7502593994140625","3.7502593994140625","3.7502593994140625","180","180","180"
"3110","6.530770301818848","6.530770301818848","6.530770301818848","181","181","181","4.157364368438721","4.157364368438721","4.157364368438721","181","181","181","3.9637701511383057","3.9637701511383057","3.9637701511383057","181","181","181","3.8159897327423096","3.8159897327423096","3.8159897327423096","181","181","181"
"3115","6.456655025482178","6.456655025482178","6.456655025482178","182","182","182","4.248726844787598","4.248726844787598","4.248726844787598","182","182","182","4.069843292236328","4.069843292236328","4.069843292236328","182","182","182","3.9342730045318604","3.9342730045318604","3.9342730045318604","182","182","182"
"3120","6.208601951599121","6.208601951599121","6.208601951599121","183","183","183","4.05975866317749","4.05975866317749","4.05975866317749","183","183","183","3.8891875743865967","3.8891875743865967","3.8891875743865967","183","183","183","3.7762041091918945","3.7762041091918945","3.7762041091918945","183","183","183"
"3125","6.439190864562988","6.439190864562988","6.439190864562988","184","184","184","4.117184162139893","4.117184162139893","4.117184162139893","184","184","184","3.9437499046325684","3.9437499046325684","3.9437499046325684","184","184","184","3.785344362258911","3.785344362258911","3.785344362258911","184","184","184"
"3130","6.5716166496276855","6.5716166496276855","6.5716166496276855","185","185","185","4.19511079788208","4.19511079788208","4.19511079788208","185","185","185","4.036241054534912","4.036241054534912","4.036241054534912","185","185","185","3.910640001296997","3.910640001296997","3.910640001296997","185","185","185"
"3135","6.3828864097595215","6.3828864097595215","6.3828864097595215","186","186","186","4.065998077392578","4.065998077392578","4.065998077392578","186","186","186","3.9167935848236084","3.9167935848236084","3.9167935848236084","186","186","186","3.7652502059936523","3.7652502059936523","3.7652502059936523","186","186","186"
"3140","6.3418731689453125","6.3418731689453125","6.3418731689453125","187","187","187","4.046823978424072","4.046823978424072","4.046823978424072","187","187","187","3.9017386436462402","3.9017386436462402","3.9017386436462402","187","187","187","3.7535593509674072","3.7535593509674072","3.7535593509674072","187","187","187"
"3145","6.435550212860107","6.435550212860107","6.435550212860107","188","188","188","3.8484315872192383","3.8484315872192383","3.8484315872192383","188","188","188","3.7621710300445557","3.7621710300445557","3.7621710300445557","188","188","188","3.6714119911193848","3.6714119911193848","3.6714119911193848","188","188","188"
"3150","6.381276607513428","6.381276607513428","6.381276607513428","189","189","189","4.110406875610352","4.110406875610352","4.110406875610352","189","189","189","3.999602794647217","3.999602794647217","3.999602794647217","189","189","189","3.864400863647461","3.864400863647461","3.864400863647461","189","189","189"
"3155","6.525062084197998","6.525062084197998","6.525062084197998","190","190","190","4.085939407348633","4.085939407348633","4.085939407348633","190","190","190","3.9962432384490967","3.9962432384490967","3.9962432384490967","190","190","190","3.853074073791504","3.853074073791504","3.853074073791504","190","190","190"
"3160","6.538578033447266","6.538578033447266","6.538578033447266","191","191","191","4.179264068603516","4.179264068603516","4.179264068603516","191","191","191","4.087299346923828","4.087299346923828","4.087299346923828","191","191","191","3.942866802215576","3.942866802215576","3.942866802215576","191","191","191"
"3165","6.315483570098877","6.315483570098877","6.315483570098877","192","192","192","3.939225912094116","3.939225912094116","3.939225912094116","192","192","192","3.874469041824341","3.874469041824341","3.874469041824341","192","192","192","3.744131326675415","3.744131326675415","3.744131326675415","192","192","192"
"3170","6.33302640914917","6.33302640914917","6.33302640914917","193","193","193","3.9263525009155273","3.9263525009155273","3.9263525009155273","193","193","193","3.8432672023773193","3.8432672023773193","3.8432672023773193","193","193","193","3.7005207538604736","3.7005207538604736","3.7005207538604736","193","193","193"
"3175","6.296075344085693","6.296075344085693","6.296075344085693","194","194","194","3.930426597595215","3.930426597595215","3.930426597595215","194","194","194","3.864454984664917","3.864454984664917","3.864454984664917","194","194","194","3.740114688873291","3.740114688873291","3.740114688873291","194","194","194"
"3180","6.5169901847839355","6.5169901847839355","6.5169901847839355","195","195","195","3.895860433578491","3.895860433578491","3.895860433578491","195","195","195","3.898257255554199","3.898257255554199","3.898257255554199","195","195","195","3.631819248199463","3.631819248199463","3.631819248199463","195","195","195"
"3185","6.20785665512085","6.20785665512085","6.20785665512085","196","196","196","3.976041555404663","3.976041555404663","3.976041555404663","196","196","196","3.9056437015533447","3.9056437015533447","3.9056437015533447","196","196","196","3.774113655090332","3.774113655090332","3.774113655090332","196","196","196"
"3190","6.291481971740723","6.291481971740723","6.291481971740723","197","197","197","3.9257254600524902","3.9257254600524902","3.9257254600524902","197","197","197","3.8641021251678467","3.8641021251678467","3.8641021251678467","197","197","197","3.7250542640686035","3.7250542640686035","3.7250542640686035","197","197","197"
"3195","6.518167018890381","6.518167018890381","6.518167018890381","198","198","198","3.8787715435028076","3.8787715435028076","3.8787715435028076","198","198","198","3.854017496109009","3.854017496109009","3.854017496109009","198","198","198","3.7124242782592773","3.7124242782592773","3.7124242782592773","198","198","198"
"3200","6.528245449066162","6.528245449066162","6.528245449066162","199","199","199","4.0106306076049805","4.0106306076049805","4.0106306076049805","199","199","199","3.967900276184082","3.967900276184082","3.967900276184082","199","199","199","3.8230159282684326","3.8230159282684326","3.8230159282684326","199","199","199"
"3250","6.382521629333496","6.382521629333496","6.382521629333496","200","200","200","3.934697151184082","3.934697151184082","3.934697151184082","200","200","200","3.936450242996216","3.936450242996216","3.936450242996216","200","200","200","3.8039584159851074","3.8039584159851074","3.8039584159851074","200","200","200"
"3300","6.387307643890381","6.387307643890381","6.387307643890381","201","201","201","3.6832783222198486","3.6832783222198486","3.6832783222198486","201","201","201","3.7121615409851074","3.7121615409851074","3.7121615409851074","201","201","201","3.597442626953125","3.597442626953125","3.597442626953125","201","201","201"
"3350","6.258138656616211","6.258138656616211","6.258138656616211","202","202","202","3.7262930870056152","3.7262930870056152","3.7262930870056152","202","202","202","3.7690415382385254","3.7690415382385254","3.7690415382385254","202","202","202","3.6428465843200684","3.6428465843200684","3.6428465843200684","202","202","202"
"3400","6.245545864105225","6.245545864105225","6.245545864105225","203","203","203","3.822000026702881","3.822000026702881","3.822000026702881","203","203","203","3.906445026397705","3.906445026397705","3.906445026397705","203","203","203","3.7499799728393555","3.7499799728393555","3.7499799728393555","203","203","203"
"3450","6.482456684112549","6.482456684112549","6.482456684112549","204","204","204","3.743778944015503","3.743778944015503","3.743778944015503","204","204","204","3.830080986022949","3.830080986022949","3.830080986022949","204","204","204","3.6864020824432373","3.6864020824432373","3.6864020824432373","204","204","204"
"3500","6.352283954620361","6.352283954620361","6.352283954620361","205","205","205","3.613894462585449","3.613894462585449","3.613894462585449","205","205","205","3.71842098236084","3.71842098236084","3.71842098236084","205","205","205","3.565451145172119","3.565451145172119","3.565451145172119","205","205","205"
"3550","6.272177219390869","6.272177219390869","6.272177219390869","206","206","206","3.6608095169067383","3.6608095169067383","3.6608095169067383","206","206","206","3.7721946239471436","3.7721946239471436","3.7721946239471436","206","206","206","3.6148881912231445","3.6148881912231445","3.6148881912231445","206","206","206"
"3600","6.162683486938477","6.162683486938477","6.162683486938477","207","207","207","3.5557100772857666","3.5557100772857666","3.5557100772857666","207","207","207","3.6725430488586426","3.6725430488586426","3.6725430488586426","207","207","207","3.5351710319519043","3.5351710319519043","3.5351710319519043","207","207","207"
"3650","6.106748580932617","6.106748580932617","6.106748580932617","208","208","208","3.6043121814727783","3.6043121814727783","3.6043121814727783","208","208","208","3.708569049835205","3.708569049835205","3.708569049835205","208","208","208","3.5797135829925537","3.5797135829925537","3.5797135829925537","208","208","208"
"3700","6.220947265625","6.220947265625","6.220947265625","209","209","209","3.6645092964172363","3.6645092964172363","3.6645092964172363","209","209","209","3.773164987564087","3.773164987564087","3.773164987564087","209","209","209","3.627213954925537","3.627213954925537","3.627213954925537","209","209","209"
"3750","6.08234167098999","6.08234167098999","6.08234167098999","210","210","210","3.510160207748413","3.510160207748413","3.510160207748413","210","210","210","3.621593952178955","3.621593952178955","3.621593952178955","210","210","210","3.482084274291992","3.482084274291992","3.482084274291992","210","210","210"
"3800","6.276747226715088","6.276747226715088","6.276747226715088","211","211","211","3.5166497230529785","3.5166497230529785","3.5166497230529785","211","211","211","3.6345643997192383","3.6345643997192383","3.6345643997192383","211","211","211","3.488360643386841","3.488360643386841","3.488360643386841","211","211","211"
"3850","6.204764366149902","6.204764366149902","6.204764366149902","212","212","212","3.6079893112182617","3.6079893112182617","3.6079893112182617","212","212","212","3.738600969314575","3.738600969314575","3.738600969314575","212","212","212","3.591127634048462","3.591127634048462","3.591127634048462","212","212","212"
"3900","6.210869789123535","6.210869789123535","6.210869789123535","213","213","213","3.5440664291381836","3.5440664291381836","3.5440664291381836","213","213","213","3.6702020168304443","3.6702020168304443","3.6702020168304443","213","213","213","3.517862319946289","3.517862319946289","3.517862319946289","213","213","213"
"3950","6.315237045288086","6.315237045288086","6.315237045288086","214","214","214","3.5075531005859375","3.5075531005859375","3.5075531005859375","214","214","214","3.652311325073242","3.652311325073242","3.652311325073242","214","214","214","3.498807907104492","3.498807907104492","3.498807907104492","214","214","214"
"4000","6.391561031341553","6.391561031341553","6.391561031341553","215","215","215","3.4675402641296387","3.4675402641296387","3.4675402641296387","215","215","215","3.60113525390625","3.60113525390625","3.60113525390625","215","215","215","3.4561805725097656","3.4561805725097656","3.4561805725097656","215","215","215"
"4050","6.039544105529785","6.039544105529785","6.039544105529785","216","216","216","","","","","","","","","","","","","","","","","",""
"4100","6.190906524658203","6.190906524658203","6.190906524658203","217","217","217","","","","","","","","","","","","","","","","","",""
"4150","6.186909198760986","6.186909198760986","6.186909198760986","218","218","218","","","","","","","","","","","","","","","","","",""
"4200","5.910397529602051","5.910397529602051","5.910397529602051","219","219","219","","","","","","","","","","","","","","","","","",""
"4250","6.180816650390625","6.180816650390625","6.180816650390625","220","220","220","","","","","","","","","","","","","","","","","",""
"4300","6.149405002593994","6.149405002593994","6.149405002593994","221","221","221","","","","","","","","","","","","","","","","","",""
"4350","6.1098432540893555","6.1098432540893555","6.1098432540893555","222","222","222","","","","","","","","","","","","","","","","","",""
"4400","6.19772481918335","6.19772481918335","6.19772481918335","223","223","223","","","","","","","","","","","","","","","","","",""
"4450","6.144161701202393","6.144161701202393","6.144161701202393","224","224","224","","","","","","","","","","","","","","","","","",""
"4500","6.255695343017578","6.255695343017578","6.255695343017578","225","225","225","","","","","","","","","","","","","","","","","",""
"4550","6.275078773498535","6.275078773498535","6.275078773498535","226","226","226","","","","","","","","","","","","","","","","","",""
"4600","6.164966583251953","6.164966583251953","6.164966583251953","227","227","227","","","","","","","","","","","","","","","","","",""
"4650","6.348536968231201","6.348536968231201","6.348536968231201","228","228","228","","","","","","","","","","","","","","","","","",""
"4700","6.161268711090088","6.161268711090088","6.161268711090088","229","229","229","","","","","","","","","","","","","","","","","",""
"4750","6.110383033752441","6.110383033752441","6.110383033752441","230","230","230","","","","","","","","","","","","","","","","","",""
"4800","6.326207637786865","6.326207637786865","6.326207637786865","231","231","231","","","","","","","","","","","","","","","","","",""
"4850","6.130393028259277","6.130393028259277","6.130393028259277","232","232","232","","","","","","","","","","","","","","","","","",""
"4900","6.068225383758545","6.068225383758545","6.068225383758545","233","233","233","","","","","","","","","","","","","","","","","",""
"4950","6.192799091339111","6.192799091339111","6.192799091339111","234","234","234","","","","","","","","","","","","","","","","","",""
"5000","6.154229640960693","6.154229640960693","6.154229640960693","235","235","235","","","","","","","","","","","","","","","","","",""