"iter","env2_sgd_2500-3000 - EMA/Loss","env2_sgd_2500-3000 - EMA/Loss__MIN","env2_sgd_2500-3000 - EMA/Loss__MAX","env2_sgd_2500-3000 - _step","env2_sgd_2500-3000 - _step__MIN","env2_sgd_2500-3000 - _step__MAX","env2_lion_shock_2500-3000 - EMA/Loss","env2_lion_shock_2500-3000 - EMA/Loss__MIN","env2_lion_shock_2500-3000 - EMA/Loss__MAX","env2_lion_shock_2500-3000 - _step","env2_lion_shock_2500-3000 - _step__MIN","env2_lion_shock_2500-3000 - _step__MAX","env2_muon_shock_2500-3000 - EMA/Loss","env2_muon_shock_2500-3000 - EMA/Loss__MIN","env2_muon_shock_2500-3000 - EMA/Loss__MAX","env2_muon_shock_2500-3000 - _step","env2_muon_shock_2500-3000 - _step__MIN","env2_muon_shock_2500-3000 - _step__MAX","env2_adamw_shock_2500-3000 - EMA/Loss","env2_adamw_shock_2500-3000 - EMA/Loss__MIN","env2_adamw_shock_2500-3000 - EMA/Loss__MAX","env2_adamw_shock_2500-3000 - _step","env2_adamw_shock_2500-3000 - _step__MIN","env2_adamw_shock_2500-3000 - _step__MAX"
"0","11.374917030334473","11.374917030334473","11.374917030334473","0","0","0","11.374917030334473","11.374917030334473","11.374917030334473","0","0","0","11.374917030334473","11.374917030334473","11.374917030334473","0","0","0","11.374917030334473","11.374917030334473","11.374917030334473","0","0","0"
"50","1.3432975041456925","1.3432975041456925","1.3432975041456925","1","1","1","1.1815074305539763","1.1815074305539763","1.1815074305539763","1","1","1","1.3007875886319575","1.3007875886319575","1.3007875886319575","1","1","1","1.1546382511993496","1.1546382511993496","1.1546382511993496","1","1","1"
"100","1.1940153047939135","1.1940153047939135","1.1940153047939135","2","2","2","1.0283664476855368","1.0283664476855368","1.0283664476855368","2","2","2","1.124977122845929","1.124977122845929","1.124977122845929","2","2","2","0.9969378204851989","0.9969378204851989","0.9969378204851989","2","2","2"
"150","1.1915472715238447","1.1915472715238447","1.1915472715238447","3","3","3","1.002794763220114","1.002794763220114","1.002794763220114","3","3","3","1.0835546510535825","1.0835546510535825","1.0835546510535825","3","3","3","0.9743815264250941","0.9743815264250941","0.9743815264250941","3","3","3"
"200","1.1505943482548653","1.1505943482548653","1.1505943482548653","4","4","4","0.962803994699232","0.962803994699232","0.962803994699232","4","4","4","1.0132723923053009","1.0132723923053009","1.0132723923053009","4","4","4","0.932914030616977","0.932914030616977","0.932914030616977","4","4","4"
"250","1.134460817738054","1.134460817738054","1.134460817738054","5","5","5","0.9499619281243765","0.9499619281243765","0.9499619281243765","5","5","5","0.9785087862842443","0.9785087862842443","0.9785087862842443","5","5","5","0.9162635848875388","0.9162635848875388","0.9162635848875388","5","5","5"
"300","1.1415572145211268","1.1415572145211268","1.1415572145211268","6","6","6","0.9374685275285072","0.9374685275285072","0.9374685275285072","6","6","6","0.9443908344142418","0.9443908344142418","0.9443908344142418","6","6","6","0.8985444104916697","0.8985444104916697","0.8985444104916697","6","6","6"
"350","1.103887995967874","1.103887995967874","1.103887995967874","7","7","7","0.8956485268114011","0.8956485268114011","0.8956485268114011","7","7","7","0.8875353803500823","0.8875353803500823","0.8875353803500823","7","7","7","0.8489292484485534","0.8489292484485534","0.8489292484485534","7","7","7"
"400","1.115278001417153","1.115278001417153","1.115278001417153","8","8","8","0.8951859884645323","0.8951859884645323","0.8951859884645323","8","8","8","0.8789402208730072","0.8789402208730072","0.8789402208730072","8","8","8","0.8486766384546707","0.8486766384546707","0.8486766384546707","8","8","8"
"450","1.1061620023554795","1.1061620023554795","1.1061620023554795","9","9","9","0.8698913831722633","0.8698913831722633","0.8698913831722633","9","9","9","0.8466414852901373","0.8466414852901373","0.8466414852901373","9","9","9","0.8089156261217787","0.8089156261217787","0.8089156261217787","9","9","9"
"500","1.0981290895083613","1.0981290895083613","1.0981290895083613","10","10","10","0.8572247391892698","0.8572247391892698","0.8572247391892698","10","10","10","0.8274718260067744","0.8274718260067744","0.8274718260067744","10","10","10","0.7936461114275541","0.7936461114275541","0.7936461114275541","10","10","10"
"550","1.091780417301669","1.091780417301669","1.091780417301669","11","11","11","0.8376151898824573","0.8376151898824573","0.8376151898824573","11","11","11","0.8069606066448727","0.8069606066448727","0.8069606066448727","11","11","11","0.7733961280583437","0.7733961280583437","0.7733961280583437","11","11","11"
"600","1.0946549511801593","1.0946549511801593","1.0946549511801593","12","12","12","0.8333952124767585","0.8333952124767585","0.8333952124767585","12","12","12","0.7984477494565544","0.7984477494565544","0.7984477494565544","12","12","12","0.7686518507906037","0.7686518507906037","0.7686518507906037","12","12","12"
"650","1.0519306217422877","1.0519306217422877","1.0519306217422877","13","13","13","0.7818373372848302","0.7818373372848302","0.7818373372848302","13","13","13","0.7428446022207924","0.7428446022207924","0.7428446022207924","13","13","13","0.719849069922462","0.719849069922462","0.719849069922462","13","13","13"
"700","1.0559145492948807","1.0559145492948807","1.0559145492948807","14","14","14","0.7727836813056369","0.7727836813056369","0.7727836813056369","14","14","14","0.7308568890197527","0.7308568890197527","0.7308568890197527","14","14","14","0.709624888061867","0.709624888061867","0.709624888061867","14","14","14"
"750","1.0728685221178877","1.0728685221178877","1.0728685221178877","15","15","15","0.7786577292074244","0.7786577292074244","0.7786577292074244","15","15","15","0.7391209861652097","0.7391209861652097","0.7391209861652097","15","15","15","0.7122538055624565","0.7122538055624565","0.7122538055624565","15","15","15"
"800","1.0392510267896338","1.0392510267896338","1.0392510267896338","16","16","16","0.7430171126927669","0.7430171126927669","0.7430171126927669","16","16","16","0.7100170651049991","0.7100170651049991","0.7100170651049991","16","16","16","0.6839754967545865","0.6839754967545865","0.6839754967545865","16","16","16"
"850","1.0310703967373849","1.0310703967373849","1.0310703967373849","17","17","17","0.73540401388447","0.73540401388447","0.73540401388447","17","17","17","0.7021407319654318","0.7021407319654318","0.7021407319654318","17","17","17","0.6770413442864045","0.6770413442864045","0.6770413442864045","17","17","17"
"900","1.0739107026426296","1.0739107026426296","1.0739107026426296","18","18","18","0.746750990039194","0.746750990039194","0.746750990039194","18","18","18","0.7094888785607862","0.7094888785607862","0.7094888785607862","18","18","18","0.6830501762168354","0.6830501762168354","0.6830501762168354","18","18","18"
"950","1.04081023852096","1.04081023852096","1.04081023852096","19","19","19","0.7204737698975675","0.7204737698975675","0.7204737698975675","19","19","19","0.6837434819087796","0.6837434819087796","0.6837434819087796","19","19","19","0.6597337438751417","0.6597337438751417","0.6597337438751417","19","19","19"
"1000","1.0359406002922573","1.0359406002922573","1.0359406002922573","20","20","20","0.7086977545039268","0.7086977545039268","0.7086977545039268","20","20","20","0.6798852750396888","0.6798852750396888","0.6798852750396888","20","20","20","0.6529752818368222","0.6529752818368222","0.6529752818368222","20","20","20"
"1050","1.0319371231470362","1.0319371231470362","1.0319371231470362","21","21","21","0.6926847248564482","0.6926847248564482","0.6926847248564482","21","21","21","0.6700673765101011","0.6700673765101011","0.6700673765101011","21","21","21","0.6448043310872196","0.6448043310872196","0.6448043310872196","21","21","21"
"1100","1.0365575091839165","1.0365575091839165","1.0365575091839165","22","22","22","0.6840387884883722","0.6840387884883722","0.6840387884883722","22","22","22","0.6648299599936143","0.6648299599936143","0.6648299599936143","22","22","22","0.6405939130931624","0.6405939130931624","0.6405939130931624","22","22","22"
"1150","1.050776762154907","1.050776762154907","1.050776762154907","23","23","23","0.6905279380875312","0.6905279380875312","0.6905279380875312","23","23","23","0.6753887406079105","0.6753887406079105","0.6753887406079105","23","23","23","0.6509611509978671","0.6509611509978671","0.6509611509978671","23","23","23"
"1200","1.0341641769031082","1.0341641769031082","1.0341641769031082","24","24","24","0.6652895545059798","0.6652895545059798","0.6652895545059798","24","24","24","0.6494481340246414","0.6494481340246414","0.6494481340246414","24","24","24","0.6270090541347142","0.6270090541347142","0.6270090541347142","24","24","24"
"1250","1.0329906777224138","1.0329906777224138","1.0329906777224138","25","25","25","0.6720319052326752","0.6720319052326752","0.6720319052326752","25","25","25","0.6674669387424974","0.6674669387424974","0.6674669387424974","25","25","25","0.6397152945947702","0.6397152945947702","0.6397152945947702","25","25","25"
"1300","1.0303101248475357","1.0303101248475357","1.0303101248475357","26","26","26","0.6751060707389368","0.6751060707389368","0.6751060707389368","26","26","26","0.6692708778228914","0.6692708778228914","0.6692708778228914","26","26","26","0.6443132183332541","0.6443132183332541","0.6443132183332541","26","26","26"
"1350","1.0251350707399687","1.0251350707399687","1.0251350707399687","27","27","27","0.644743073240605","0.644743073240605","0.644743073240605","27","27","27","0.6432334335944466","0.6432334335944466","0.6432334335944466","27","27","27","0.6162161952683403","0.6162161952683403","0.6162161952683403","27","27","27"
"1400","1.006716936171262","1.006716936171262","1.006716936171262","28","28","28","0.6144322925483346","0.6144322925483346","0.6144322925483346","28","28","28","0.6141273774430163","0.6141273774430163","0.6141273774430163","28","28","28","0.590380753714314","0.590380753714314","0.590380753714314","28","28","28"
"1450","1.014454704417748","1.014454704417748","1.014454704417748","29","29","29","0.6443583509927232","0.6443583509927232","0.6443583509927232","29","29","29","0.647698925948471","0.647698925948471","0.647698925948471","29","29","29","0.6212527511336219","0.6212527511336219","0.6212527511336219","29","29","29"
"1500","1.024600774754077","1.024600774754077","1.024600774754077","30","30","30","0.624773179512492","0.624773179512492","0.624773179512492","30","30","30","0.6311516126185944","0.6311516126185944","0.6311516126185944","30","30","30","0.6039333095567678","0.6039333095567678","0.6039333095567678","30","30","30"
"1550","1.0277515969487134","1.0277515969487134","1.0277515969487134","31","31","31","0.6264790564471765","0.6264790564471765","0.6264790564471765","31","31","31","0.6357191138758687","0.6357191138758687","0.6357191138758687","31","31","31","0.6091981957362792","0.6091981957362792","0.6091981957362792","31","31","31"
"1600","1.0243161415660447","1.0243161415660447","1.0243161415660447","32","32","32","0.6284984719024553","0.6284984719024553","0.6284984719024553","32","32","32","0.6375141153548546","0.6375141153548546","0.6375141153548546","32","32","32","0.611866372334526","0.611866372334526","0.611866372334526","32","32","32"
"1650","1.0235412537879318","1.0235412537879318","1.0235412537879318","33","33","33","0.6149700134049952","0.6149700134049952","0.6149700134049952","33","33","33","0.623248283960874","0.623248283960874","0.623248283960874","33","33","33","0.599754070254974","0.599754070254974","0.599754070254974","33","33","33"
"1700","1.0064864273196956","1.0064864273196956","1.0064864273196956","34","34","34","0.6113386637540865","0.6113386637540865","0.6113386637540865","34","34","34","0.6234407994899588","0.6234407994899588","0.6234407994899588","34","34","34","0.5983314888491026","0.5983314888491026","0.5983314888491026","34","34","34"
"1750","1.0224279312213556","1.0224279312213556","1.0224279312213556","35","35","35","0.6087411217598242","0.6087411217598242","0.6087411217598242","35","35","35","0.6241707990054487","0.6241707990054487","0.6241707990054487","35","35","35","0.6002088440275513","0.6002088440275513","0.6002088440275513","35","35","35"
"1800","1.0260518757310693","1.0260518757310693","1.0260518757310693","36","36","36","0.605742098353504","0.605742098353504","0.605742098353504","36","36","36","0.6216481556882062","0.6216481556882062","0.6216481556882062","36","36","36","0.5974130521688888","0.5974130521688888","0.5974130521688888","36","36","36"
"1850","1.011955077691002","1.011955077691002","1.011955077691002","37","37","37","0.6015176768928373","0.6015176768928373","0.6015176768928373","37","37","37","0.6162324373603754","0.6162324373603754","0.6162324373603754","37","37","37","0.5924385890819541","0.5924385890819541","0.5924385890819541","37","37","37"
"1900","1.005043937110714","1.005043937110714","1.005043937110714","38","38","38","0.5806874818547405","0.5806874818547405","0.5806874818547405","38","38","38","0.5979802033452128","0.5979802033452128","0.5979802033452128","38","38","38","0.5739938816534811","0.5739938816534811","0.5739938816534811","38","38","38"
"1950","0.991603439586191","0.991603439586191","0.991603439586191","39","39","39","0.6072235238390586","0.6072235238390586","0.6072235238390586","39","39","39","0.6221507741337794","0.6221507741337794","0.6221507741337794","39","39","39","0.5985184202760316","0.5985184202760316","0.5985184202760316","39","39","39"
"2000","1.0000709849281526","1.0000709849281526","1.0000709849281526","40","40","40","0.5842837073318956","0.5842837073318956","0.5842837073318956","40","40","40","0.6019288563170127","0.6019288563170127","0.6019288563170127","40","40","40","0.578314522014722","0.578314522014722","0.578314522014722","40","40","40"
"2050","1.0087599243285703","1.0087599243285703","1.0087599243285703","41","41","41","0.5976276055725356","0.5976276055725356","0.5976276055725356","41","41","41","0.6155333836827561","0.6155333836827561","0.6155333836827561","41","41","41","0.5903375343177947","0.5903375343177947","0.5903375343177947","41","41","41"
"2100","0.9672021218300252","0.9672021218300252","0.9672021218300252","42","42","42","0.5716730086134844","0.5716730086134844","0.5716730086134844","42","42","42","0.5881013498831275","0.5881013498831275","0.5881013498831275","42","42","42","0.5649913019490329","0.5649913019490329","0.5649913019490329","42","42","42"
"2150","0.9994136327586284","0.9994136327586284","0.9994136327586284","43","43","43","0.6000862614931433","0.6000862614931433","0.6000862614931433","43","43","43","0.6161542726837494","0.6161542726837494","0.6161542726837494","43","43","43","0.5928793984282954","0.5928793984282954","0.5928793984282954","43","43","43"
"2200","0.993966611430011","0.993966611430011","0.993966611430011","44","44","44","0.5778290836228352","0.5778290836228352","0.5778290836228352","44","44","44","0.5973062178049179","0.5973062178049179","0.5973062178049179","44","44","44","0.5712748937637133","0.5712748937637133","0.5712748937637133","44","44","44"
"2250","1.010063392795204","1.010063392795204","1.010063392795204","45","45","45","0.5880406875716674","0.5880406875716674","0.5880406875716674","45","45","45","0.6090925703297322","0.6090925703297322","0.6090925703297322","45","45","45","0.5823267310421284","0.5823267310421284","0.5823267310421284","45","45","45"
"2300","0.9612104923029319","0.9612104923029319","0.9612104923029319","46","46","46","0.5700427212198914","0.5700427212198914","0.5700427212198914","46","46","46","0.5887956376618879","0.5887956376618879","0.5887956376618879","46","46","46","0.5660546433891024","0.5660546433891024","0.5660546433891024","46","46","46"
"2350","0.9936506420297129","0.9936506420297129","0.9936506420297129","47","47","47","0.5819309097734834","0.5819309097734834","0.5819309097734834","47","47","47","0.6032468493207298","0.6032468493207298","0.6032468493207298","47","47","47","0.5783174209372651","0.5783174209372651","0.5783174209372651","47","47","47"
"2400","0.9913760275746842","0.9913760275746842","0.9913760275746842","48","48","48","0.5770659307257795","0.5770659307257795","0.5770659307257795","48","48","48","0.595460186515496","0.595460186515496","0.595460186515496","48","48","48","0.5723890957540216","0.5723890957540216","0.5723890957540216","48","48","48"
"2450","0.9921985883356194","0.9921985883356194","0.9921985883356194","49","49","49","0.5644805714708815","0.5644805714708815","0.5644805714708815","49","49","49","0.5877556076910648","0.5877556076910648","0.5877556076910648","49","49","49","0.5622413826596215","0.5622413826596215","0.5622413826596215","49","49","49"
"2455","1.223811925664093","1.223811925664093","1.223811925664093","50","50","50","0.6999995388139175","0.6999995388139175","0.6999995388139175","50","50","50","0.7273916057215322","0.7273916057215322","0.7273916057215322","50","50","50","0.6954464385217776","0.6954464385217776","0.6954464385217776","50","50","50"
"2460","1.3592489122678608","1.3592489122678608","1.3592489122678608","51","51","51","0.7852087392937981","0.7852087392937981","0.7852087392937981","51","51","51","0.8145376060956985","0.8145376060956985","0.8145376060956985","51","51","51","0.781742219278684","0.781742219278684","0.781742219278684","51","51","51"
"2465","1.4263802525707718","1.4263802525707718","1.4263802525707718","52","52","52","0.8293443727752874","0.8293443727752874","0.8293443727752874","52","52","52","0.858587018306469","0.858587018306469","0.858587018306469","52","52","52","0.8248618385348927","0.8248618385348927","0.8248618385348927","52","52","52"
"2470","1.450502878383118","1.450502878383118","1.450502878383118","53","53","53","0.872255707705043","0.872255707705043","0.872255707705043","53","53","53","0.8897715819404584","0.8897715819404584","0.8897715819404584","53","53","53","0.8378802146057438","0.8378802146057438","0.8378802146057438","53","53","53"
"2475","1.4959003928070822","1.4959003928070822","1.4959003928070822","54","54","54","0.8875116763156512","0.8875116763156512","0.8875116763156512","54","54","54","0.9126337872998431","0.9126337872998431","0.9126337872998431","54","54","54","0.8663653557188713","0.8663653557188713","0.8663653557188713","54","54","54"
"2480","1.5213176676202849","1.5213176676202849","1.5213176676202849","55","55","55","0.8928365108059786","0.8928365108059786","0.8928365108059786","55","55","55","0.9240509854447645","0.9240509854447645","0.9240509854447645","55","55","55","0.8807460716352529","0.8807460716352529","0.8807460716352529","55","55","55"
"2485","1.537364197983278","1.537364197983278","1.537364197983278","56","56","56","0.901057299919692","0.901057299919692","0.901057299919692","56","56","56","0.933548130296036","0.933548130296036","0.933548130296036","56","56","56","0.8927377253179278","0.8927377253179278","0.8927377253179278","56","56","56"
"2490","1.5320132636210277","1.5320132636210277","1.5320132636210277","57","57","57","0.907016210802284","0.907016210802284","0.907016210802284","57","57","57","0.9404304466645611","0.9404304466645611","0.9404304466645611","57","57","57","0.9000660361768285","0.9000660361768285","0.9000660361768285","57","57","57"
"2495","1.5374835323297704","1.5374835323297704","1.5374835323297704","58","58","58","0.9144966896182765","0.9144966896182765","0.9144966896182765","58","58","58","0.9476498793932786","0.9476498793932786","0.9476498793932786","58","58","58","0.9086851986657396","0.9086851986657396","0.9086851986657396","58","58","58"
"2500","1.5976069246260116","1.5976069246260116","1.5976069246260116","59","59","59","1.0838556252740585","1.0838556252740585","1.0838556252740585","59","59","59","1.0670301221773464","1.0670301221773464","1.0670301221773464","59","59","59","0.9390370598864022","0.9390370598864022","0.9390370598864022","59","59","59"
"2505","1.5819181426892595","1.5819181426892595","1.5819181426892595","60","60","60","0.9719116069443239","0.9719116069443239","0.9719116069443239","60","60","60","0.9269089957507513","0.9269089957507513","0.9269089957507513","60","60","60","0.8817397561723753","0.8817397561723753","0.8817397561723753","60","60","60"
"2510","1.5232022458404968","1.5232022458404968","1.5232022458404968","61","61","61","0.8392282482214435","0.8392282482214435","0.8392282482214435","61","61","61","0.7873538436164983","0.7873538436164983","0.7873538436164983","61","61","61","0.7537115729685395","0.7537115729685395","0.7537115729685395","61","61","61"
"2515","1.4731746029140553","1.4731746029140553","1.4731746029140553","62","62","62","0.7507348166675243","0.7507348166675243","0.7507348166675243","62","62","62","0.6836176844441325","0.6836176844441325","0.6836176844441325","62","62","62","0.6537660501798346","0.6537660501798346","0.6537660501798346","62","62","62"
"2520","1.3760441155831924","1.3760441155831924","1.3760441155831924","63","63","63","0.648339830200586","0.648339830200586","0.648339830200586","63","63","63","0.5919740572709548","0.5919740572709548","0.5919740572709548","63","63","63","0.5607736768366879","0.5607736768366879","0.5607736768366879","63","63","63"
"2525","1.2910444230352067","1.2910444230352067","1.2910444230352067","64","64","64","0.5771640625711061","0.5771640625711061","0.5771640625711061","64","64","64","0.5185980516930079","0.5185980516930079","0.5185980516930079","64","64","64","0.4872783588974846","0.4872783588974846","0.4872783588974846","64","64","64"
"2530","1.2416959073108182","1.2416959073108182","1.2416959073108182","65","65","65","0.5188600180551406","0.5188600180551406","0.5188600180551406","65","65","65","0.46743450834782374","0.46743450834782374","0.46743450834782374","65","65","65","0.4336142099030357","0.4336142099030357","0.4336142099030357","65","65","65"
"2535","1.1806795859185608","1.1806795859185608","1.1806795859185608","66","66","66","0.4799354288024078","0.4799354288024078","0.4799354288024078","66","66","66","0.42855037645567484","0.42855037645567484","0.42855037645567484","66","66","66","0.3894179364897561","0.3894179364897561","0.3894179364897561","66","66","66"
"2540","1.1540898604694465","1.1540898604694465","1.1540898604694465","67","67","67","0.45792866229210194","0.45792866229210194","0.45792866229210194","67","67","67","0.4100617980703195","0.4100617980703195","0.4100617980703195","67","67","67","0.36567856987948166","0.36567856987948166","0.36567856987948166","67","67","67"
"2545","1.1101353381911474","1.1101353381911474","1.1101353381911474","68","68","68","0.42824685117482353","0.42824685117482353","0.42824685117482353","68","68","68","0.38210138755291284","0.38210138755291284","0.38210138755291284","68","68","68","0.33666562509669595","0.33666562509669595","0.33666562509669595","68","68","68"
"2550","1.0761068255683393","1.0761068255683393","1.0761068255683393","69","69","69","0.40197346221897773","0.40197346221897773","0.40197346221897773","69","69","69","0.35616740735635277","0.35616740735635277","0.35616740735635277","69","69","69","0.30928606396496544","0.30928606396496544","0.30928606396496544","69","69","69"
"2555","1.0558798147454005","1.0558798147454005","1.0558798147454005","70","70","70","0.3877319313868976","0.3877319313868976","0.3877319313868976","70","70","70","0.3429608186340435","0.3429608186340435","0.3429608186340435","70","70","70","0.29479333517004136","0.29479333517004136","0.29479333517004136","70","70","70"
"2560","1.0434052950511992","1.0434052950511992","1.0434052950511992","71","71","71","0.37717863766629717","0.37717863766629717","0.37717863766629717","71","71","71","0.33648215457845004","0.33648215457845004","0.33648215457845004","71","71","71","0.2868773107960812","0.2868773107960812","0.2868773107960812","71","71","71"
"2565","1.0486733978932885","1.0486733978932885","1.0486733978932885","72","72","72","0.37644943796058894","0.37644943796058894","0.37644943796058894","72","72","72","0.33301139469061053","0.33301139469061053","0.33301139469061053","72","72","72","0.28072437706148734","0.28072437706148734","0.28072437706148734","72","72","72"
"2570","1.057078769010338","1.057078769010338","1.057078769010338","73","73","73","0.3711314150059307","0.3711314150059307","0.3711314150059307","73","73","73","0.32878350320626026","0.32878350320626026","0.32878350320626026","73","73","73","0.27467765570708874","0.27467765570708874","0.27467765570708874","73","73","73"
"2575","1.0378801455905025","1.0378801455905025","1.0378801455905025","74","74","74","0.36048640249148095","0.36048640249148095","0.36048640249148095","74","74","74","0.3196485797773808","0.3196485797773808","0.3196485797773808","74","74","74","0.27315660908327377","0.27315660908327377","0.27315660908327377","74","74","74"
"2580","1.0086605119265108","1.0086605119265108","1.0086605119265108","75","75","75","0.3417508996092271","0.3417508996092271","0.3417508996092271","75","75","75","0.3029064062858621","0.3029064062858621","0.3029064062858621","75","75","75","0.25734331970025875","0.25734331970025875","0.25734331970025875","75","75","75"
"2585","0.9803767470867164","0.9803767470867164","0.9803767470867164","76","76","76","0.3249698631761949","0.3249698631761949","0.3249698631761949","76","76","76","0.28664919170174263","0.28664919170174263","0.28664919170174263","76","76","76","0.24010992104047962","0.24010992104047962","0.24010992104047962","76","76","76"
"2590","0.962057844410978","0.962057844410978","0.962057844410978","77","77","77","0.31667164449790863","0.31667164449790863","0.31667164449790863","77","77","77","0.28215027958976746","0.28215027958976746","0.28215027958976746","77","77","77","0.23191468415126099","0.23191468415126099","0.23191468415126099","77","77","77"
"2595","0.9699080081648909","0.9699080081648909","0.9699080081648909","78","78","78","0.31934779693403303","0.31934779693403303","0.31934779693403303","78","78","78","0.28553327681792323","0.28553327681792323","0.28553327681792323","78","78","78","0.2339014145611529","0.2339014145611529","0.2339014145611529","78","78","78"
"2600","0.9684057703525537","0.9684057703525537","0.9684057703525537","79","79","79","0.31187979084869877","0.31187979084869877","0.31187979084869877","79","79","79","0.27777417086417744","0.27777417086417744","0.27777417086417744","79","79","79","0.2353634925164387","0.2353634925164387","0.2353634925164387","79","79","79"
"2605","0.9526407747225034","0.9526407747225034","0.9526407747225034","80","80","80","0.3070316634567626","0.3070316634567626","0.3070316634567626","80","80","80","0.27399825581948173","0.27399825581948173","0.27399825581948173","80","80","80","0.23196461406872784","0.23196461406872784","0.23196461406872784","80","80","80"
"2610","0.964302595359104","0.964302595359104","0.964302595359104","81","81","81","0.30006567320397337","0.30006567320397337","0.30006567320397337","81","81","81","0.2675221305114325","0.2675221305114325","0.2675221305114325","81","81","81","0.22464662190793055","0.22464662190793055","0.22464662190793055","81","81","81"
"2615","0.9822617532634559","0.9822617532634559","0.9822617532634559","82","82","82","0.2974013622178095","0.2974013622178095","0.2974013622178095","82","82","82","0.2641574639592822","0.2641574639592822","0.2641574639592822","82","82","82","0.21804612121929698","0.21804612121929698","0.21804612121929698","82","82","82"
"2620","0.9564654230129073","0.9564654230129073","0.9564654230129073","83","83","83","0.2915067407145869","0.2915067407145869","0.2915067407145869","83","83","83","0.2583589688153746","0.2583589688153746","0.2583589688153746","83","83","83","0.21235211949506444","0.21235211949506444","0.21235211949506444","83","83","83"
"2625","0.9441296383319132","0.9441296383319132","0.9441296383319132","84","84","84","0.2873433975083943","0.2873433975083943","0.2873433975083943","84","84","84","0.2553541314380513","0.2553541314380513","0.2553541314380513","84","84","84","0.2098554113055637","0.2098554113055637","0.2098554113055637","84","84","84"
"2630","0.9329991215827034","0.9329991215827034","0.9329991215827034","85","85","85","0.2738774256791007","0.2738774256791007","0.2738774256791007","85","85","85","0.2418412841544437","0.2418412841544437","0.2418412841544437","85","85","85","0.20197339235481185","0.20197339235481185","0.20197339235481185","85","85","85"
"2635","0.935577811543544","0.935577811543544","0.935577811543544","86","86","86","0.268550701794666","0.268550701794666","0.268550701794666","86","86","86","0.2360463547743852","0.2360463547743852","0.2360463547743852","86","86","86","0.19258734677304978","0.19258734677304978","0.19258734677304978","86","86","86"
"2640","0.9284182273601003","0.9284182273601003","0.9284182273601003","87","87","87","0.2636411105692973","0.2636411105692973","0.2636411105692973","87","87","87","0.2327369034034074","0.2327369034034074","0.2327369034034074","87","87","87","0.18640664477425306","0.18640664477425306","0.18640664477425306","87","87","87"
"2645","0.9206023887219981","0.9206023887219981","0.9206023887219981","88","88","88","0.26520179669894256","0.26520179669894256","0.26520179669894256","88","88","88","0.23381412021059686","0.23381412021059686","0.23381412021059686","88","88","88","0.1838819622350809","0.1838819622350809","0.1838819622350809","88","88","88"
"2650","0.8742113438414039","0.8742113438414039","0.8742113438414039","89","89","89","0.2561299203783763","0.2561299203783763","0.2561299203783763","89","89","89","0.2262865630797734","0.2262865630797734","0.2262865630797734","89","89","89","0.17560875587399785","0.17560875587399785","0.17560875587399785","89","89","89"
"2655","0.8875604837930747","0.8875604837930747","0.8875604837930747","90","90","90","0.2513769704697804","0.2513769704697804","0.2513769704697804","90","90","90","0.22193471832473266","0.22193471832473266","0.22193471832473266","90","90","90","0.17298653767942263","0.17298653767942263","0.17298653767942263","90","90","90"
"2660","0.8654958319267794","0.8654958319267794","0.8654958319267794","91","91","91","0.2400711900053319","0.2400711900053319","0.2400711900053319","91","91","91","0.20911941803420375","0.20911941803420375","0.20911941803420375","91","91","91","0.16085097035737525","0.16085097035737525","0.16085097035737525","91","91","91"
"2665","0.84528561267628","0.84528561267628","0.84528561267628","92","92","92","0.22924523054360624","0.22924523054360624","0.22924523054360624","92","92","92","0.2004771475575896","0.2004771475575896","0.2004771475575896","92","92","92","0.15298010699654993","0.15298010699654993","0.15298010699654993","92","92","92"
"2670","0.8458122697199271","0.8458122697199271","0.8458122697199271","93","93","93","0.23027657686408348","0.23027657686408348","0.23027657686408348","93","93","93","0.20252550543701048","0.20252550543701048","0.20252550543701048","93","93","93","0.1583178103345096","0.1583178103345096","0.1583178103345096","93","93","93"
"2675","0.8579549443185508","0.8579549443185508","0.8579549443185508","94","94","94","0.23240916068028825","0.23240916068028825","0.23240916068028825","94","94","94","0.20118333563607285","0.20118333563607285","0.20118333563607285","94","94","94","0.15844281578662855","0.15844281578662855","0.15844281578662855","94","94","94"
"2680","0.8898617627635323","0.8898617627635323","0.8898617627635323","95","95","95","0.23429769421420618","0.23429769421420618","0.23429769421420618","95","95","95","0.20233556025865518","0.20233556025865518","0.20233556025865518","95","95","95","0.15606426867234058","0.15606426867234058","0.15606426867234058","95","95","95"
"2685","0.9031503903774293","0.9031503903774293","0.9031503903774293","96","96","96","0.2382908765745581","0.2382908765745581","0.2382908765745581","96","96","96","0.2079289873123384","0.2079289873123384","0.2079289873123384","96","96","96","0.15822098890054234","0.15822098890054234","0.15822098890054234","96","96","96"
"2690","0.8914240042690953","0.8914240042690953","0.8914240042690953","97","97","97","0.23164569016574044","0.23164569016574044","0.23164569016574044","97","97","97","0.20405235138078243","0.20405235138078243","0.20405235138078243","97","97","97","0.15553931925426812","0.15553931925426812","0.15553931925426812","97","97","97"
"2695","0.8859121060404408","0.8859121060404408","0.8859121060404408","98","98","98","0.22737996524726872","0.22737996524726872","0.22737996524726872","98","98","98","0.19840053330619373","0.19840053330619373","0.19840053330619373","98","98","98","0.15063576394481218","0.15063576394481218","0.15063576394481218","98","98","98"
"2700","0.9003835205093087","0.9003835205093087","0.9003835205093087","99","99","99","0.22426521778541186","0.22426521778541186","0.22426521778541186","99","99","99","0.19465801079707568","0.19465801079707568","0.19465801079707568","99","99","99","0.14635083161670134","0.14635083161670134","0.14635083161670134","99","99","99"
"2705","0.8752990186754442","0.8752990186754442","0.8752990186754442","100","100","100","0.2127096228351024","0.2127096228351024","0.2127096228351024","100","100","100","0.18286433533326968","0.18286433533326968","0.18286433533326968","100","100","100","0.13401369686791031","0.13401369686791031","0.13401369686791031","100","100","100"
"2710","0.865527445261357","0.865527445261357","0.865527445261357","101","101","101","0.2098211270907469","0.2098211270907469","0.2098211270907469","101","101","101","0.18041445760164007","0.18041445760164007","0.18041445760164007","101","101","101","0.13016331081366667","0.13016331081366667","0.13016331081366667","101","101","101"
"2715","0.8676622445499008","0.8676622445499008","0.8676622445499008","102","102","102","0.20801874897926304","0.20801874897926304","0.20801874897926304","102","102","102","0.17826528127285152","0.17826528127285152","0.17826528127285152","102","102","102","0.12831083893062134","0.12831083893062134","0.12831083893062134","102","102","102"
"2720","0.8560203000946958","0.8560203000946958","0.8560203000946958","103","103","103","0.20684123178453312","0.20684123178453312","0.20684123178453312","103","103","103","0.18037865852417903","0.18037865852417903","0.18037865852417903","103","103","103","0.13319742272333415","0.13319742272333415","0.13319742272333415","103","103","103"
"2725","0.8637054510507687","0.8637054510507687","0.8637054510507687","104","104","104","0.20106182823127502","0.20106182823127502","0.20106182823127502","104","104","104","0.17487951968267557","0.17487951968267557","0.17487951968267557","104","104","104","0.1277682831188085","0.1277682831188085","0.1277682831188085","104","104","104"
"2730","0.8449727296349017","0.8449727296349017","0.8449727296349017","105","105","105","0.1908356757177275","0.1908356757177275","0.1908356757177275","105","105","105","0.16211960473547365","0.16211960473547365","0.16211960473547365","105","105","105","0.11568012544767778","0.11568012544767778","0.11568012544767778","105","105","105"
"2735","0.8566818882002991","0.8566818882002991","0.8566818882002991","106","106","106","0.19179511227939305","0.19179511227939305","0.19179511227939305","106","106","106","0.16123664845711938","0.16123664845711938","0.16123664845711938","106","106","106","0.11308395884820821","0.11308395884820821","0.11308395884820821","106","106","106"
"2740","0.8532044362621496","0.8532044362621496","0.8532044362621496","107","107","107","0.1921516866530052","0.1921516866530052","0.1921516866530052","107","107","107","0.15897610939766416","0.15897610939766416","0.15897610939766416","107","107","107","0.11398443024536453","0.11398443024536453","0.11398443024536453","107","107","107"
"2745","0.8556246980435955","0.8556246980435955","0.8556246980435955","108","108","108","0.18708865970373195","0.18708865970373195","0.18708865970373195","108","108","108","0.15378231805314677","0.15378231805314677","0.15378231805314677","108","108","108","0.11293506189219818","0.11293506189219818","0.11293506189219818","108","108","108"
"2750","0.8310589892179044","0.8310589892179044","0.8310589892179044","109","109","109","0.18385885772758453","0.18385885772758453","0.18385885772758453","109","109","109","0.1519661502657671","0.1519661502657671","0.1519661502657671","109","109","109","0.11163108752574175","0.11163108752574175","0.11163108752574175","109","109","109"
"2755","0.8472539150908879","0.8472539150908879","0.8472539150908879","110","110","110","0.18240435943343591","0.18240435943343591","0.18240435943343591","110","110","110","0.15085192061161629","0.15085192061161629","0.15085192061161629","110","110","110","0.10860474603226257","0.10860474603226257","0.10860474603226257","110","110","110"
"2760","0.8328652310456512","0.8328652310456512","0.8328652310456512","111","111","111","0.1805620757015749","0.1805620757015749","0.1805620757015749","111","111","111","0.15047854363822344","0.15047854363822344","0.15047854363822344","111","111","111","0.1062527947810614","0.1062527947810614","0.1062527947810614","111","111","111"
"2765","0.8380343900695754","0.8380343900695754","0.8380343900695754","112","112","112","0.17901336842780946","0.17901336842780946","0.17901336842780946","112","112","112","0.14847207469315493","0.14847207469315493","0.14847207469315493","112","112","112","0.10331443423535258","0.10331443423535258","0.10331443423535258","112","112","112"
"2770","0.8403619581430015","0.8403619581430015","0.8403619581430015","113","113","113","0.18410708006772789","0.18410708006772789","0.18410708006772789","113","113","113","0.15442685032719622","0.15442685032719622","0.15442685032719622","113","113","113","0.10367333547255346","0.10367333547255346","0.10367333547255346","113","113","113"
"2775","0.8384933943017394","0.8384933943017394","0.8384933943017394","114","114","114","0.1819048834588112","0.1819048834588112","0.1819048834588112","114","114","114","0.1517732123153128","0.1517732123153128","0.1517732123153128","114","114","114","0.10171369002123865","0.10171369002123865","0.10171369002123865","114","114","114"
"2780","0.832113274520863","0.832113274520863","0.832113274520863","115","115","115","0.17551046894305694","0.17551046894305694","0.17551046894305694","115","115","115","0.1466996766698237","0.1466996766698237","0.1466996766698237","115","115","115","0.09767488686191625","0.09767488686191625","0.09767488686191625","115","115","115"
"2785","0.8197679824269637","0.8197679824269637","0.8197679824269637","116","116","116","0.1667280972544889","0.1667280972544889","0.1667280972544889","116","116","116","0.1394779545012332","0.1394779545012332","0.1394779545012332","116","116","116","0.0921674160515524","0.0921674160515524","0.0921674160515524","116","116","116"
"2790","0.834517481299438","0.834517481299438","0.834517481299438","117","117","117","0.1630544299991673","0.1630544299991673","0.1630544299991673","117","117","117","0.13566977200576172","0.13566977200576172","0.13566977200576172","117","117","117","0.09033667177437701","0.09033667177437701","0.09033667177437701","117","117","117"
"2795","0.8341294082728616","0.8341294082728616","0.8341294082728616","118","118","118","0.1617885520991817","0.1617885520991817","0.1617885520991817","118","118","118","0.13341109454601086","0.13341109454601086","0.13341109454601086","118","118","118","0.0987301515010647","0.0987301515010647","0.0987301515010647","118","118","118"
"2800","0.8434786499212301","0.8434786499212301","0.8434786499212301","119","119","119","0.16173653681372296","0.16173653681372296","0.16173653681372296","119","119","119","0.1295156915905748","0.1295156915905748","0.1295156915905748","119","119","119","0.0958251041210377","0.0958251041210377","0.0958251041210377","119","119","119"
"2805","0.8547069528802929","0.8547069528802929","0.8547069528802929","120","120","120","0.16184114869331045","0.16184114869331045","0.16184114869331045","120","120","120","0.1299213373559654","0.1299213373559654","0.1299213373559654","120","120","120","0.09259948192753806","0.09259948192753806","0.09259948192753806","120","120","120"
"2810","0.8529870672824316","0.8529870672824316","0.8529870672824316","121","121","121","0.16222118592333074","0.16222118592333074","0.16222118592333074","121","121","121","0.13118020787752616","0.13118020787752616","0.13118020787752616","121","121","121","0.09097726559125024","0.09097726559125024","0.09097726559125024","121","121","121"
"2815","0.8483871548012535","0.8483871548012535","0.8483871548012535","122","122","122","0.1632558775297555","0.1632558775297555","0.1632558775297555","122","122","122","0.130505700923279","0.130505700923279","0.130505700923279","122","122","122","0.08773851682869935","0.08773851682869935","0.08773851682869935","122","122","122"
"2820","0.8520237347296934","0.8520237347296934","0.8520237347296934","123","123","123","0.15471298580854997","0.15471298580854997","0.15471298580854997","123","123","123","0.12418823795199473","0.12418823795199473","0.12418823795199473","123","123","123","0.08473633125263341","0.08473633125263341","0.08473633125263341","123","123","123"
"2825","0.833363856418144","0.833363856418144","0.833363856418144","124","124","124","0.14986523668756993","0.14986523668756993","0.14986523668756993","124","124","124","0.12024584638224067","0.12024584638224067","0.12024584638224067","124","124","124","0.08226134154963319","0.08226134154963319","0.08226134154963319","124","124","124"
"2830","0.85884426526031","0.85884426526031","0.85884426526031","125","125","125","0.15901711410999522","0.15901711410999522","0.15901711410999522","125","125","125","0.12996587983963345","0.12996587983963345","0.12996587983963345","125","125","125","0.08691281505855086","0.08691281505855086","0.08691281505855086","125","125","125"
"2835","0.833706123197711","0.833706123197711","0.833706123197711","126","126","126","0.15016780445287653","0.15016780445287653","0.15016780445287653","126","126","126","0.12212007075522616","0.12212007075522616","0.12212007075522616","126","126","126","0.08715913820947119","0.08715913820947119","0.08715913820947119","126","126","126"
"2840","0.8271180933552904","0.8271180933552904","0.8271180933552904","127","127","127","0.14151948349978605","0.14151948349978605","0.14151948349978605","127","127","127","0.11405756258975974","0.11405756258975974","0.11405756258975974","127","127","127","0.0833795581432894","0.0833795581432894","0.0833795581432894","127","127","127"
"2845","0.8215077614072797","0.8215077614072797","0.8215077614072797","128","128","128","0.1370950725521909","0.1370950725521909","0.1370950725521909","128","128","128","0.11062337060329278","0.11062337060329278","0.11062337060329278","128","128","128","0.08048012228388059","0.08048012228388059","0.08048012228388059","128","128","128"
"2850","0.8318615701284162","0.8318615701284162","0.8318615701284162","129","129","129","0.13242637434510907","0.13242637434510907","0.13242637434510907","129","129","129","0.10615108935194602","0.10615108935194602","0.10615108935194602","129","129","129","0.07650695604556174","0.07650695604556174","0.07650695604556174","129","129","129"
"2855","0.8306421835097282","0.8306421835097282","0.8306421835097282","130","130","130","0.1304890828436841","0.1304890828436841","0.1304890828436841","130","130","130","0.10432166492632686","0.10432166492632686","0.10432166492632686","130","130","130","0.07413907051699262","0.07413907051699262","0.07413907051699262","130","130","130"
"2860","0.8419837915057229","0.8419837915057229","0.8419837915057229","131","131","131","0.1302231318444071","0.1302231318444071","0.1302231318444071","131","131","131","0.10513169192025631","0.10513169192025631","0.10513169192025631","131","131","131","0.07451419730119184","0.07451419730119184","0.07451419730119184","131","131","131"
"2865","0.83136651124348","0.83136651124348","0.83136651124348","132","132","132","0.12689284643936277","0.12689284643936277","0.12689284643936277","132","132","132","0.10393965909587735","0.10393965909587735","0.10393965909587735","132","132","132","0.07262492365033049","0.07262492365033049","0.07262492365033049","132","132","132"
"2870","0.8134335811643483","0.8134335811643483","0.8134335811643483","133","133","133","0.12544558015257","0.12544558015257","0.12544558015257","133","133","133","0.0995879564719947","0.0995879564719947","0.0995879564719947","133","133","133","0.07028429006955819","0.07028429006955819","0.07028429006955819","133","133","133"
"2875","0.8259648400972903","0.8259648400972903","0.8259648400972903","134","134","134","0.1284697442207114","0.1284697442207114","0.1284697442207114","134","134","134","0.10196368120384555","0.10196368120384555","0.10196368120384555","134","134","134","0.07199247348272421","0.07199247348272421","0.07199247348272421","134","134","134"
"2880","0.818419893651217","0.818419893651217","0.818419893651217","135","135","135","0.1246294809072295","0.1246294809072295","0.1246294809072295","135","135","135","0.10006402026861505","0.10006402026861505","0.10006402026861505","135","135","135","0.07022152080074784","0.07022152080074784","0.07022152080074784","135","135","135"
"2885","0.8029774917923904","0.8029774917923904","0.8029774917923904","136","136","136","0.11914221250897393","0.11914221250897393","0.11914221250897393","136","136","136","0.0960345037096935","0.0960345037096935","0.0960345037096935","136","136","136","0.06862980644496056","0.06862980644496056","0.06862980644496056","136","136","136"
"2890","0.7823762161539403","0.7823762161539403","0.7823762161539403","137","137","137","0.11405876473304127","0.11405876473304127","0.11405876473304127","137","137","137","0.09203569502128767","0.09203569502128767","0.09203569502128767","137","137","137","0.06778556856894728","0.06778556856894728","0.06778556856894728","137","137","137"
"2895","0.7598785222606513","0.7598785222606513","0.7598785222606513","138","138","138","0.10896678821006053","0.10896678821006053","0.10896678821006053","138","138","138","0.08915750527612737","0.08915750527612737","0.08915750527612737","138","138","138","0.07371316242899356","0.07371316242899356","0.07371316242899356","138","138","138"
"2900","0.7670798085098997","0.7670798085098997","0.7670798085098997","139","139","139","0.10945778252050199","0.10945778252050199","0.10945778252050199","139","139","139","0.08953161158547573","0.08953161158547573","0.08953161158547573","139","139","139","0.07237088121146075","0.07237088121146075","0.07237088121146075","139","139","139"
"2905","0.7644472111929286","0.7644472111929286","0.7644472111929286","140","140","140","0.10588808250401786","0.10588808250401786","0.10588808250401786","140","140","140","0.08746712056731798","0.08746712056731798","0.08746712056731798","140","140","140","0.07036379419500213","0.07036379419500213","0.07036379419500213","140","140","140"
"2910","0.8253878250642168","0.8253878250642168","0.8253878250642168","141","141","141","0.1098594996584152","0.1098594996584152","0.1098594996584152","141","141","141","0.09065678536215925","0.09065678536215925","0.09065678536215925","141","141","141","0.07042728112558866","0.07042728112558866","0.07042728112558866","141","141","141"
"2915","0.7851542338424331","0.7851542338424331","0.7851542338424331","142","142","142","0.10183511999908923","0.10183511999908923","0.10183511999908923","142","142","142","0.08479974101682479","0.08479974101682479","0.08479974101682479","142","142","142","0.06633815221079936","0.06633815221079936","0.06633815221079936","142","142","142"
"2920","0.7615645233997117","0.7615645233997117","0.7615645233997117","143","143","143","0.10055882063654284","0.10055882063654284","0.10055882063654284","143","143","143","0.08471481097354519","0.08471481097354519","0.08471481097354519","143","143","143","0.06547106594927994","0.06547106594927994","0.06547106594927994","143","143","143"
"2925","0.7767529056111997","0.7767529056111997","0.7767529056111997","144","144","144","0.09825523434437478","0.09825523434437478","0.09825523434437478","144","144","144","0.08184861236778555","0.08184861236778555","0.08184861236778555","144","144","144","0.06469387613787739","0.06469387613787739","0.06469387613787739","144","144","144"
"2930","0.7925554997327704","0.7925554997327704","0.7925554997327704","145","145","145","0.09498966461959006","0.09498966461959006","0.09498966461959006","145","145","145","0.08078200548367662","0.08078200548367662","0.08078200548367662","145","145","145","0.06451731244937227","0.06451731244937227","0.06451731244937227","145","145","145"
"2935","0.77915005726517","0.77915005726517","0.77915005726517","146","146","146","0.0903663573195149","0.0903663573195149","0.0903663573195149","146","146","146","0.07838518124845477","0.07838518124845477","0.07838518124845477","146","146","146","0.061680721306146546","0.061680721306146546","0.061680721306146546","146","146","146"
"2940","0.7734324014743614","0.7734324014743614","0.7734324014743614","147","147","147","0.09169275257347614","0.09169275257347614","0.09169275257347614","147","147","147","0.07901611988186674","0.07901611988186674","0.07901611988186674","147","147","147","0.06248187302791323","0.06248187302791323","0.06248187302791323","147","147","147"
"2945","0.79765122608882","0.79765122608882","0.79765122608882","148","148","148","0.09087173755448377","0.09087173755448377","0.09087173755448377","148","148","148","0.07853155314247887","0.07853155314247887","0.07853155314247887","148","148","148","0.06097362264077211","0.06097362264077211","0.06097362264077211","148","148","148"
"2950","0.7988447569795766","0.7988447569795766","0.7988447569795766","149","149","149","0.08827767404869757","0.08827767404869757","0.08827767404869757","149","149","149","0.07602144388198163","0.07602144388198163","0.07602144388198163","149","149","149","0.0589942491159956","0.0589942491159956","0.0589942491159956","149","149","149"
"2955","0.7811099460252497","0.7811099460252497","0.7811099460252497","150","150","150","0.08609259685917627","0.08609259685917627","0.08609259685917627","150","150","150","0.0744746767728332","0.0744746767728332","0.0744746767728332","150","150","150","0.05740502897154322","0.05740502897154322","0.05740502897154322","150","150","150"
"2960","0.7934523966506422","0.7934523966506422","0.7934523966506422","151","151","151","0.08901448060721986","0.08901448060721986","0.08901448060721986","151","151","151","0.07767638623436153","0.07767638623436153","0.07767638623436153","151","151","151","0.05986802541847529","0.05986802541847529","0.05986802541847529","151","151","151"
"2965","0.7839079240591387","0.7839079240591387","0.7839079240591387","152","152","152","0.09004189805476587","0.09004189805476587","0.09004189805476587","152","152","152","0.07964227710320534","0.07964227710320534","0.07964227710320534","152","152","152","0.060540026642870184","0.060540026642870184","0.060540026642870184","152","152","152"
"2970","0.7764065261082596","0.7764065261082596","0.7764065261082596","153","153","153","0.089331362817547","0.089331362817547","0.089331362817547","153","153","153","0.07914418462779906","0.07914418462779906","0.07914418462779906","153","153","153","0.06009424601580866","0.06009424601580866","0.06009424601580866","153","153","153"
"2975","0.7792633119863098","0.7792633119863098","0.7792633119863098","154","154","154","0.08568305698109005","0.08568305698109005","0.08568305698109005","154","154","154","0.0767624490815252","0.0767624490815252","0.0767624490815252","154","154","154","0.059903144593977796","0.059903144593977796","0.059903144593977796","154","154","154"
"2980","0.7732558995691003","0.7732558995691003","0.7732558995691003","155","155","155","0.08398148402618313","0.08398148402618313","0.08398148402618313","155","155","155","0.07567972618109751","0.07567972618109751","0.07567972618109751","155","155","155","0.0596627352546526","0.0596627352546526","0.0596627352546526","155","155","155"
"2985","0.7680154292295146","0.7680154292295146","0.7680154292295146","156","156","156","0.08083915361901493","0.08083915361901493","0.08083915361901493","156","156","156","0.07409430845096211","0.07409430845096211","0.07409430845096211","156","156","156","0.05866500821697627","0.05866500821697627","0.05866500821697627","156","156","156"
"2990","0.7664391142011218","0.7664391142011218","0.7664391142011218","157","157","157","0.07973128681839406","0.07973128681839406","0.07973128681839406","157","157","157","0.07297137292178749","0.07297137292178749","0.07297137292178749","157","157","157","0.06898228400682901","0.06898228400682901","0.06898228400682901","157","157","157"
"2995","0.7736148575736121","0.7736148575736121","0.7736148575736121","158","158","158","0.08062246323569028","0.08062246323569028","0.08062246323569028","158","158","158","0.07255981338142059","0.07255981338142059","0.07255981338142059","158","158","158","0.07023886696199648","0.07023886696199648","0.07023886696199648","158","158","158"
"3000","1.1614457407520602","1.1614457407520602","1.1614457407520602","159","159","159","0.7654085199432401","0.7654085199432401","0.7654085199432401","159","159","159","0.7154722918812074","0.7154722918812074","0.7154722918812074","159","159","159","0.7540636587940885","0.7540636587940885","0.7540636587940885","159","159","159"
"3005","1.3703037162452583","1.3703037162452583","1.3703037162452583","160","160","160","1.0394370375583493","1.0394370375583493","1.0394370375583493","160","160","160","0.9245880936488033","0.9245880936488033","0.9245880936488033","160","160","160","0.9799906655276837","0.9799906655276837","0.9799906655276837","160","160","160"
"3010","1.4692387513757557","1.4692387513757557","1.4692387513757557","161","161","161","1.155313698219451","1.155313698219451","1.155313698219451","161","161","161","1.0143895888483696","1.0143895888483696","1.0143895888483696","161","161","161","1.054028167472818","1.054028167472818","1.054028167472818","161","161","161"
"3015","1.5415684309096114","1.5415684309096114","1.5415684309096114","162","162","162","1.2061465172350898","1.2061465172350898","1.2061465172350898","162","162","162","1.0502438033843815","1.0502438033843815","1.0502438033843815","162","162","162","1.0679966540123917","1.0679966540123917","1.0679966540123917","162","162","162"
"3020","1.5521742726597845","1.5521742726597845","1.5521742726597845","163","163","163","1.1986971208110253","1.1986971208110253","1.1986971208110253","163","163","163","1.044926148396967","1.044926148396967","1.044926148396967","163","163","163","1.0455685884141785","1.0455685884141785","1.0455685884141785","163","163","163"
"3025","1.5768067815723246","1.5768067815723246","1.5768067815723246","164","164","164","1.201262533412136","1.201262533412136","1.201262533412136","164","164","164","1.0460992614505433","1.0460992614505433","1.0460992614505433","164","164","164","1.0342188941003252","1.0342188941003252","1.0342188941003252","164","164","164"
"3030","1.6019850235508617","1.6019850235508617","1.6019850235508617","165","165","165","1.1991716843597815","1.1991716843597815","1.1991716843597815","165","165","165","1.045453586441905","1.045453586441905","1.045453586441905","165","165","165","1.0250910086951477","1.0250910086951477","1.0250910086951477","165","165","165"
"3035","1.6079370039424128","1.6079370039424128","1.6079370039424128","166","166","166","1.2003093714486328","1.2003093714486328","1.2003093714486328","166","166","166","1.058957390699487","1.058957390699487","1.058957390699487","166","166","166","1.0334069094479086","1.0334069094479086","1.0334069094479086","166","166","166"
"3040","1.6215785610423061","1.6215785610423061","1.6215785610423061","167","167","167","1.1863502744051504","1.1863502744051504","1.1863502744051504","167","167","167","1.0543123765720064","1.0543123765720064","1.0543123765720064","167","167","167","1.024573965109676","1.024573965109676","1.024573965109676","167","167","167"
"3045","1.5783344305218345","1.5783344305218345","1.5783344305218345","168","168","168","1.1435009673842054","1.1435009673842054","1.1435009673842054","168","168","168","1.0232690661056516","1.0232690661056516","1.0232690661056516","168","168","168","0.9916486203396194","0.9916486203396194","0.9916486203396194","168","168","168"
"3050","1.5825926094236378","1.5825926094236378","1.5825926094236378","169","169","169","1.1391179646303577","1.1391179646303577","1.1391179646303577","169","169","169","1.022700533535156","1.022700533535156","1.022700533535156","169","169","169","0.9910363083629161","0.9910363083629161","0.9910363083629161","169","169","169"
"3055","1.569342975768032","1.569342975768032","1.569342975768032","170","170","170","1.1192056838046973","1.1192056838046973","1.1192056838046973","170","170","170","1.0078694479653874","1.0078694479653874","1.0078694479653874","170","170","170","0.9779059034739976","0.9779059034739976","0.9779059034739976","170","170","170"
"3060","1.5544686853695417","1.5544686853695417","1.5544686853695417","171","171","171","1.098365363747658","1.098365363747658","1.098365363747658","171","171","171","0.994478628157756","0.994478628157756","0.994478628157756","171","171","171","0.9667440033168726","0.9667440033168726","0.9667440033168726","171","171","171"
"3065","1.5484285237009852","1.5484285237009852","1.5484285237009852","172","172","172","1.066576416761303","1.066576416761303","1.066576416761303","172","172","172","0.9673613827955976","0.9673613827955976","0.9673613827955976","172","172","172","0.9368856722329967","0.9368856722329967","0.9368856722329967","172","172","172"
"3070","1.5583230292971089","1.5583230292971089","1.5583230292971089","173","173","173","1.0612734839376299","1.0612734839376299","1.0612734839376299","173","173","173","0.9722062785605174","0.9722062785605174","0.9722062785605174","173","173","173","0.9416122808828121","0.9416122808828121","0.9416122808828121","173","173","173"
"3075","1.566662546001779","1.566662546001779","1.566662546001779","174","174","174","1.0495506939529387","1.0495506939529387","1.0495506939529387","174","174","174","0.9666077876137846","0.9666077876137846","0.9666077876137846","174","174","174","0.935780983478665","0.935780983478665","0.935780983478665","174","174","174"
"3080","1.5685884044350749","1.5685884044350749","1.5685884044350749","175","175","175","1.0673380144981008","1.0673380144981008","1.0673380144981008","175","175","175","0.9912962097877269","0.9912962097877269","0.9912962097877269","175","175","175","0.9591046046060699","0.9591046046060699","0.9591046046060699","175","175","175"
"3085","1.5431183772559125","1.5431183772559125","1.5431183772559125","176","176","176","1.0518684062366477","1.0518684062366477","1.0518684062366477","176","176","176","0.9811473701028577","0.9811473701028577","0.9811473701028577","176","176","176","0.9500826991301493","0.9500826991301493","0.9500826991301493","176","176","176"
"3090","1.5295231590776652","1.5295231590776652","1.5295231590776652","177","177","177","1.02495292877839","1.02495292877839","1.02495292877839","177","177","177","0.9622932584007109","0.9622932584007109","0.9622932584007109","177","177","177","0.9297567512985465","0.9297567512985465","0.9297567512985465","177","177","177"
"3095","1.5214885476079454","1.5214885476079454","1.5214885476079454","178","178","178","1.0166188602793418","1.0166188602793418","1.0166188602793418","178","178","178","0.9562757937497766","0.9562757937497766","0.9562757937497766","178","178","178","0.9234709731090078","0.9234709731090078","0.9234709731090078","178","178","178"
"3100","1.5196142727364153","1.5196142727364153","1.5196142727364153","179","179","179","1.0202799343958262","1.0202799343958262","1.0202799343958262","179","179","179","0.9650546228427852","0.9650546228427852","0.9650546228427852","179","179","179","0.9342379197338311","0.9342379197338311","0.9342379197338311","179","179","179"
"3105","1.5237542191029503","1.5237542191029503","1.5237542191029503","180","180","180","1.0110202723352928","1.0110202723352928","1.0110202723352928","180","180","180","0.9594810111867113","0.9594810111867113","0.9594810111867113","180","180","180","0.9266840891650363","0.9266840891650363","0.9266840891650363","180","180","180"
"3110","1.5528386590199859","1.5528386590199859","1.5528386590199859","181","181","181","1.0127337974551391","1.0127337974551391","1.0127337974551391","181","181","181","0.9629409574094718","0.9629409574094718","0.9629409574094718","181","181","181","0.9287966610852932","0.9287966610852932","0.9287966610852932","181","181","181"
"3115","1.5626012023129294","1.5626012023129294","1.5626012023129294","182","182","182","1.022881864538045","1.022881864538045","1.022881864538045","182","182","182","0.9755913351643519","0.9755913351643519","0.9755913351643519","182","182","182","0.9418724408574409","0.9418724408574409","0.9418724408574409","182","182","182"
"3120","1.5435605791136737","1.5435605791136737","1.5435605791136737","183","183","183","1.0099773785088193","1.0099773785088193","1.0099773785088193","183","183","183","0.9649956849398579","0.9649956849398579","0.9649956849398579","183","183","183","0.9337866685210998","0.9337866685210998","0.9337866685210998","183","183","183"
"3125","1.5553761728171325","1.5553761728171325","1.5553761728171325","184","184","184","1.008099958449662","1.008099958449662","1.008099958449662","184","184","184","0.9641952924633936","0.9641952924633936","0.9641952924633936","184","184","184","0.9299261261209154","0.9299261261209154","0.9299261261209154","184","184","184"
"3130","1.5755957412495574","1.5755957412495574","1.5755957412495574","185","185","185","1.014784024253149","1.014784024253149","1.014784024253149","185","185","185","0.9729717837002005","0.9729717837002005","0.9729717837002005","185","185","185","0.9401760783428392","0.9401760783428392","0.9401760783428392","185","185","185"
"3135","1.5686621702264034","1.5686621702264034","1.5686621702264034","186","186","186","1.0058196262205","1.0058196262205","1.0058196262205","186","186","186","0.9662094670394923","0.9662094670394923","0.9662094670394923","186","186","186","0.9316895931000284","0.9316895931000284","0.9316895931000284","186","186","186"
"3140","1.5604666417915203","1.5604666417915203","1.5604666417915203","187","187","187","0.9986088289293503","0.9986088289293503","0.9986088289293503","187","187","187","0.960710892556774","0.960710892556774","0.960710892556774","187","187","187","0.9255093229263767","0.9255093229263767","0.9255093229263767","187","187","187"
"3145","1.5649949685974858","1.5649949685974858","1.5649949685974858","188","188","188","0.9745116861164159","0.9745116861164159","0.9745116861164159","188","188","188","0.9435072779503051","0.9435072779503051","0.9435072779503051","188","188","188","0.9136451992067347","0.9136451992067347","0.9136451992067347","188","188","188"
"3150","1.5622415397584724","1.5622415397584724","1.5622415397584724","189","189","189","0.9864800930959176","0.9864800930959176","0.9864800930959176","189","189","189","0.9570918920215973","0.9570918920215973","0.9570918920215973","189","189","189","0.925938440044331","0.925938440044331","0.925938440044331","189","189","189"
"3155","1.5749942152317802","1.5749942152317802","1.5749942152317802","190","190","190","0.9911005709070718","0.9911005709070718","0.9911005709070718","190","190","190","0.9647775151647426","0.9647775151647426","0.9647775151647426","190","190","190","0.9320647968409275","0.9320647968409275","0.9320647968409275","190","190","190"
"3160","1.5838761374969406","1.5838761374969406","1.5838761374969406","191","191","191","1.0031613829752686","1.0031613829752686","1.0031613829752686","191","191","191","0.9784214096220119","0.9784214096220119","0.9784214096220119","191","191","191","0.9446616221081571","0.9446616221081571","0.9446616221081571","191","191","191"
"3165","1.5668113774404564","1.5668113774404564","1.5668113774404564","192","192","192","0.9862793562424781","0.9862793562424781","0.9862793562424781","192","192","192","0.965194962350136","0.965194962350136","0.965194962350136","192","192","192","0.9322263739061871","0.9322263739061871","0.9322263739061871","192","192","192"
"3170","1.5584890911797324","1.5584890911797324","1.5584890911797324","193","193","193","0.9750233471591737","0.9750233471591737","0.9750233471591737","193","193","193","0.954264693555864","0.954264693555864","0.954264693555864","193","193","193","0.9205224269139121","0.9205224269139121","0.9205224269139121","193","193","193"
"3175","1.5498797578592898","1.5498797578592898","1.5498797578592898","194","194","194","0.9687841960235419","0.9687841960235419","0.9687841960235419","194","194","194","0.9499292573642939","0.9499292573642939","0.9499292573642939","194","194","194","0.917570756755725","0.917570756755725","0.917570756755725","194","194","194"
"3180","1.5668875166967258","1.5668875166967258","1.5668875166967258","195","195","195","0.9616434232677904","0.9616434232677904","0.9616434232677904","195","195","195","0.9507494527364619","0.9507494527364619","0.9507494527364619","195","195","195","0.9049982809766344","0.9049982809766344","0.9049982809766344","195","195","195"
"3185","1.546017075246335","1.546017075246335","1.546017075246335","196","196","196","0.965444980545864","0.965444980545864","0.965444980545864","196","196","196","0.951972414501688","0.951972414501688","0.951972414501688","196","196","196","0.9118038004429261","0.9118038004429261","0.9118038004429261","196","196","196"
"3190","1.5420558199362808","1.5420558199362808","1.5420558199362808","197","197","197","0.9626581525677764","0.9626581525677764","0.9626581525677764","197","197","197","0.9485404035558864","0.9485404035558864","0.9485404035558864","197","197","197","0.9109164525304039","0.9109164525304039","0.9109164525304039","197","197","197"
"3195","1.5623852430032128","1.5623852430032128","1.5623852430032128","198","198","198","0.9563171668600272","0.9563171668600272","0.9563171668600272","198","198","198","0.9455053725066163","0.9455053725066163","0.9455053725066163","198","198","198","0.9091294838806061","0.9091294838806061","0.9091294838806061","198","198","198"
"3200","1.5753974070475834","1.5753974070475834","1.5753974070475834","199","199","199","0.9657587846196756","0.9657587846196756","0.9657587846196756","199","199","199","0.95510149502984","0.95510149502984","0.95510149502984","199","199","199","0.9191334617635024","0.9191334617635024","0.9191334617635024","199","199","199"
"3250","0.9760621505185478","0.9760621505185478","0.9760621505185478","200","200","200","0.6020743930888566","0.6020743930888566","0.6020743930888566","200","200","200","0.6011408766615136","0.6011408766615136","0.6011408766615136","200","200","200","0.5805102654528533","0.5805102654528533","0.5805102654528533","200","200","200"
"3300","0.9744051783192378","0.9744051783192378","0.9744051783192378","201","201","201","0.573263146524823","0.573263146524823","0.573263146524823","201","201","201","0.577425934707836","0.577425934707836","0.577425934707836","201","201","201","0.5578670285226159","0.5578670285226159","0.5578670285226159","201","201","201"
"3350","0.970300670199844","0.970300670199844","0.970300670199844","202","202","202","0.577530565702499","0.577530565702499","0.577530565702499","202","202","202","0.584773145131843","0.584773145131843","0.584773145131843","202","202","202","0.5643973335549629","0.5643973335549629","0.5643973335549629","202","202","202"
"3400","0.9657994154197085","0.9657994154197085","0.9657994154197085","203","203","203","0.5809143764529766","0.5809143764529766","0.5809143764529766","203","203","203","0.5929982425227931","0.5929982425227931","0.5929982425227931","203","203","203","0.5691694192899075","0.5691694192899075","0.5691694192899075","203","203","203"
"3450","0.976085871258012","0.976085871258012","0.976085871258012","204","204","204","0.5672330332227624","0.5672330332227624","0.5672330332227624","204","204","204","0.5798146411277145","0.5798146411277145","0.5798146411277145","204","204","204","0.5583167321014488","0.5583167321014488","0.5583167321014488","204","204","204"
"3500","0.9712364866862796","0.9712364866862796","0.9712364866862796","205","205","205","0.5617706339534072","0.5617706339534072","0.5617706339534072","205","205","205","0.5771266569524611","0.5771266569524611","0.5771266569524611","205","205","205","0.5542926628804733","0.5542926628804733","0.5542926628804733","205","205","205"
"3550","0.9683794979402331","0.9683794979402331","0.9683794979402331","206","206","206","0.5685499277940158","0.5685499277940158","0.5685499277940158","206","206","206","0.5849789185902514","0.5849789185902514","0.5849789185902514","206","206","206","0.5619568221819236","0.5619568221819236","0.5619568221819236","206","206","206"
"3600","0.9521838370525125","0.9521838370525125","0.9521838370525125","207","207","207","0.5575081126022021","0.5575081126022021","0.5575081126022021","207","207","207","0.5747220874469545","0.5747220874469545","0.5747220874469545","207","207","207","0.5524415643007095","0.5524415643007095","0.5524415643007095","207","207","207"
"3650","0.9421286096781682","0.9421286096781682","0.9421286096781682","208","208","208","0.5553719117584675","0.5553719117584675","0.5553719117584675","208","208","208","0.5717341071575944","0.5717341071575944","0.5717341071575944","208","208","208","0.5507485113532623","0.5507485113532623","0.5507485113532623","208","208","208"
"3700","0.9496312991612408","0.9496312991612408","0.9496312991612408","209","209","209","0.5588910434818217","0.5588910434818217","0.5588910434818217","209","209","209","0.572902657145347","0.572902657145347","0.572902657145347","209","209","209","0.5516370993902893","0.5516370993902893","0.5516370993902893","209","209","209"
"3750","0.9448453633541576","0.9448453633541576","0.9448453633541576","210","210","210","0.5472729848438885","0.5472729848438885","0.5472729848438885","210","210","210","0.5647632487962209","0.5647632487962209","0.5647632487962209","210","210","210","0.5432690945686348","0.5432690945686348","0.5432690945686348","210","210","210"
"3800","0.9600709470263931","0.9600709470263931","0.9600709470263931","211","211","211","0.5472670736314953","0.5472670736314953","0.5472670736314953","211","211","211","0.5656467074385807","0.5656467074385807","0.5656467074385807","211","211","211","0.5433418937859018","0.5433418937859018","0.5433418937859018","211","211","211"
"3850","0.9586944892105749","0.9586944892105749","0.9586944892105749","212","212","212","0.5581491150077945","0.5581491150077945","0.5581491150077945","212","212","212","0.5779322474197719","0.5779322474197719","0.5779322474197719","212","212","212","0.5557060397487352","0.5557060397487352","0.5557060397487352","212","212","212"
"3900","0.9522803784073746","0.9522803784073746","0.9522803784073746","213","213","213","0.5496690039957091","0.5496690039957091","0.5496690039957091","213","213","213","0.5689863245579203","0.5689863245579203","0.5689863245579203","213","213","213","0.5457495207440238","0.5457495207440238","0.5457495207440238","213","213","213"
"3950","0.9675949928198269","0.9675949928198269","0.9675949928198269","214","214","214","0.5453504437923584","0.5453504437923584","0.5453504437923584","214","214","214","0.5665638827816222","0.5665638827816222","0.5665638827816222","214","214","214","0.5435188363273231","0.5435188363273231","0.5435188363273231","214","214","214"
"4000","0.979123911426492","0.979123911426492","0.979123911426492","215","215","215","0.5376707729978484","0.5376707729978484","0.5376707729978484","215","215","215","0.5588769034857769","0.5588769034857769","0.5588769034857769","215","215","215","0.5355477788141009","0.5355477788141009","0.5355477788141009","215","215","215"
"4050","0.9406704330237656","0.9406704330237656","0.9406704330237656","216","216","216","","","","","","","","","","","","","","","","","",""
"4100","0.9570451086901899","0.9570451086901899","0.9570451086901899","217","217","217","","","","","","","","","","","","","","","","","",""
"4150","0.9475135493768931","0.9475135493768931","0.9475135493768931","218","218","218","","","","","","","","","","","","","","","","","",""
"4200","0.9245885234906802","0.9245885234906802","0.9245885234906802","219","219","219","","","","","","","","","","","","","","","","","",""
"4250","0.9575331617790916","0.9575331617790916","0.9575331617790916","220","220","220","","","","","","","","","","","","","","","","","",""
"4300","0.9455244081404539","0.9455244081404539","0.9455244081404539","221","221","221","","","","","","","","","","","","","","","","","",""
"4350","0.9393240284176374","0.9393240284176374","0.9393240284176374","222","222","222","","","","","","","","","","","","","","","","","",""
"4400","0.9521069745936771","0.9521069745936771","0.9521069745936771","223","223","223","","","","","","","","","","","","","","","","","",""
"4450","0.9418199148105514","0.9418199148105514","0.9418199148105514","224","224","224","","","","","","","","","","","","","","","","","",""
"4500","0.9542914768445723","0.9542914768445723","0.9542914768445723","225","225","225","","","","","","","","","","","","","","","","","",""
"4550","0.9614247269843383","0.9614247269843383","0.9614247269843383","226","226","226","","","","","","","","","","","","","","","","","",""
"4600","0.9464397262036496","0.9464397262036496","0.9464397262036496","227","227","227","","","","","","","","","","","","","","","","","",""
"4650","0.9686478598641801","0.9686478598641801","0.9686478598641801","228","228","228","","","","","","","","","","","","","","","","","",""
"4700","0.9452029868440451","0.9452029868440451","0.9452029868440451","229","229","229","","","","","","","","","","","","","","","","","",""
"4750","0.9410410395008666","0.9410410395008666","0.9410410395008666","230","230","230","","","","","","","","","","","","","","","","","",""
"4800","0.9597605720945594","0.9597605720945594","0.9597605720945594","231","231","231","","","","","","","","","","","","","","","","","",""
"4850","0.9487322510085376","0.9487322510085376","0.9487322510085376","232","232","232","","","","","","","","","","","","","","","","","",""
"4900","0.9351420588638213","0.9351420588638213","0.9351420588638213","233","233","233","","","","","","","","","","","","","","","","","",""
"4950","0.9432915463943821","0.9432915463943821","0.9432915463943821","234","234","234","","","","","","","","","","","","","","","","","",""
"5000","0.9440849420931532","0.9440849420931532","0.9440849420931532","235","235","235","","","","","","","","","","","","","","","","","",""