"iter","env2_sgd_2500-3000 - train/aux_loss","env2_sgd_2500-3000 - train/aux_loss__MIN","env2_sgd_2500-3000 - train/aux_loss__MAX","env2_sgd_2500-3000 - _step","env2_sgd_2500-3000 - _step__MIN","env2_sgd_2500-3000 - _step__MAX","env2_lion_shock_2500-3000 - train/aux_loss","env2_lion_shock_2500-3000 - train/aux_loss__MIN","env2_lion_shock_2500-3000 - train/aux_loss__MAX","env2_lion_shock_2500-3000 - _step","env2_lion_shock_2500-3000 - _step__MIN","env2_lion_shock_2500-3000 - _step__MAX","env2_muon_shock_2500-3000 - train/aux_loss","env2_muon_shock_2500-3000 - train/aux_loss__MIN","env2_muon_shock_2500-3000 - train/aux_loss__MAX","env2_muon_shock_2500-3000 - _step","env2_muon_shock_2500-3000 - _step__MIN","env2_muon_shock_2500-3000 - _step__MAX","env2_adamw_shock_2500-3000 - train/aux_loss","env2_adamw_shock_2500-3000 - train/aux_loss__MIN","env2_adamw_shock_2500-3000 - train/aux_loss__MAX","env2_adamw_shock_2500-3000 - _step","env2_adamw_shock_2500-3000 - _step__MIN","env2_adamw_shock_2500-3000 - _step__MAX"
"0","15.668203353881836","15.668203353881836","15.668203353881836","0","0","0","15.668203353881836","15.668203353881836","15.668203353881836","0","0","0","15.668203353881836","15.668203353881836","15.668203353881836","0","0","0","15.668203353881836","15.668203353881836","15.668203353881836","0","0","0"
"50","13.163276433944702","13.163276433944702","13.163276433944702","1","1","1","14.36764669418335","14.36764669418335","14.36764669418335","1","1","1","13.27098822593689","13.27098822593689","13.27098822593689","1","1","1","16.477156162261963","16.477156162261963","16.477156162261963","1","1","1"
"100","12.622658252716064","12.622658252716064","12.622658252716064","2","2","2","12.652428150177002","12.652428150177002","12.652428150177002","2","2","2","12.768333911895752","12.768333911895752","12.768333911895752","2","2","2","14.799825191497803","14.799825191497803","14.799825191497803","2","2","2"
"150","12.566285133361816","12.566285133361816","12.566285133361816","3","3","3","12.487150430679321","12.487150430679321","12.487150430679321","3","3","3","12.671831607818604","12.671831607818604","12.671831607818604","3","3","3","14.451554536819458","14.451554536819458","14.451554536819458","3","3","3"
"200","12.681516170501709","12.681516170501709","12.681516170501709","4","4","4","12.224114418029785","12.224114418029785","12.224114418029785","4","4","4","12.83777904510498","12.83777904510498","12.83777904510498","4","4","4","14.225521087646484","14.225521087646484","14.225521087646484","4","4","4"
"250","12.672594785690308","12.672594785690308","12.672594785690308","5","5","5","12.238735914230347","12.238735914230347","12.238735914230347","5","5","5","12.48412299156189","12.48412299156189","12.48412299156189","5","5","5","13.905786991119385","13.905786991119385","13.905786991119385","5","5","5"
"300","12.662462711334229","12.662462711334229","12.662462711334229","6","6","6","12.295221328735352","12.295221328735352","12.295221328735352","6","6","6","12.40936279296875","12.40936279296875","12.40936279296875","6","6","6","13.920938491821289","13.920938491821289","13.920938491821289","6","6","6"
"350","12.811821699142456","12.811821699142456","12.811821699142456","7","7","7","12.235607862472534","12.235607862472534","12.235607862472534","7","7","7","12.384312868118286","12.384312868118286","12.384312868118286","7","7","7","13.858753681182861","13.858753681182861","13.858753681182861","7","7","7"
"400","12.579550981521606","12.579550981521606","12.579550981521606","8","8","8","12.18347954750061","12.18347954750061","12.18347954750061","8","8","8","12.289538621902466","12.289538621902466","12.289538621902466","8","8","8","13.879500389099121","13.879500389099121","13.879500389099121","8","8","8"
"450","12.566941976547241","12.566941976547241","12.566941976547241","9","9","9","12.15784215927124","12.15784215927124","12.15784215927124","9","9","9","12.352048397064209","12.352048397064209","12.352048397064209","9","9","9","13.799751043319702","13.799751043319702","13.799751043319702","9","9","9"
"500","12.616584539413452","12.616584539413452","12.616584539413452","10","10","10","12.159286499023438","12.159286499023438","12.159286499023438","10","10","10","12.251796245574951","12.251796245574951","12.251796245574951","10","10","10","13.613760471343994","13.613760471343994","13.613760471343994","10","10","10"
"550","12.575788259506226","12.575788259506226","12.575788259506226","11","11","11","12.1906578540802","12.1906578540802","12.1906578540802","11","11","11","12.248649597167969","12.248649597167969","12.248649597167969","11","11","11","13.496304035186768","13.496304035186768","13.496304035186768","11","11","11"
"600","12.6771879196167","12.6771879196167","12.6771879196167","12","12","12","12.172329187393188","12.172329187393188","12.172329187393188","12","12","12","12.2499098777771","12.2499098777771","12.2499098777771","12","12","12","13.388584852218628","13.388584852218628","13.388584852218628","12","12","12"
"650","12.662623167037964","12.662623167037964","12.662623167037964","13","13","13","12.168607473373413","12.168607473373413","12.168607473373413","13","13","13","12.225436925888062","12.225436925888062","12.225436925888062","13","13","13","13.144045352935791","13.144045352935791","13.144045352935791","13","13","13"
"700","12.685950756072998","12.685950756072998","12.685950756072998","14","14","14","12.287390232086182","12.287390232086182","12.287390232086182","14","14","14","12.230020523071289","12.230020523071289","12.230020523071289","14","14","14","13.170913219451904","13.170913219451904","13.170913219451904","14","14","14"
"750","12.589477777481079","12.589477777481079","12.589477777481079","15","15","15","12.15393614768982","12.15393614768982","12.15393614768982","15","15","15","12.207258939743042","12.207258939743042","12.207258939743042","15","15","15","13.061033248901367","13.061033248901367","13.061033248901367","15","15","15"
"800","12.573084592819214","12.573084592819214","12.573084592819214","16","16","16","12.145167350769043","12.145167350769043","12.145167350769043","16","16","16","12.15904188156128","12.15904188156128","12.15904188156128","16","16","16","13.048159122467041","13.048159122467041","13.048159122467041","16","16","16"
"850","12.580268383026123","12.580268383026123","12.580268383026123","17","17","17","12.129732131958008","12.129732131958008","12.129732131958008","17","17","17","12.18524718284607","12.18524718284607","12.18524718284607","17","17","17","12.910643339157104","12.910643339157104","12.910643339157104","17","17","17"
"900","12.673172235488892","12.673172235488892","12.673172235488892","18","18","18","12.18967342376709","12.18967342376709","12.18967342376709","18","18","18","12.25812029838562","12.25812029838562","12.25812029838562","18","18","18","12.95216679573059","12.95216679573059","12.95216679573059","18","18","18"
"950","12.540367841720581","12.540367841720581","12.540367841720581","19","19","19","12.117529392242432","12.117529392242432","12.117529392242432","19","19","19","12.175575256347656","12.175575256347656","12.175575256347656","19","19","19","12.934614896774292","12.934614896774292","12.934614896774292","19","19","19"
"1000","12.500332832336426","12.500332832336426","12.500332832336426","20","20","20","12.12678599357605","12.12678599357605","12.12678599357605","20","20","20","12.146037101745605","12.146037101745605","12.146037101745605","20","20","20","12.817736148834229","12.817736148834229","12.817736148834229","20","20","20"
"1050","12.557603120803833","12.557603120803833","12.557603120803833","21","21","21","12.166101455688477","12.166101455688477","12.166101455688477","21","21","21","12.188142538070679","12.188142538070679","12.188142538070679","21","21","21","12.928885221481323","12.928885221481323","12.928885221481323","21","21","21"
"1100","12.560323715209961","12.560323715209961","12.560323715209961","22","22","22","12.109858751296997","12.109858751296997","12.109858751296997","22","22","22","12.131036281585693","12.131036281585693","12.131036281585693","22","22","22","12.82999587059021","12.82999587059021","12.82999587059021","22","22","22"
"1150","12.612861156463623","12.612861156463623","12.612861156463623","23","23","23","12.15941858291626","12.15941858291626","12.15941858291626","23","23","23","12.190479278564453","12.190479278564453","12.190479278564453","23","23","23","12.971214532852173","12.971214532852173","12.971214532852173","23","23","23"
"1200","12.54525899887085","12.54525899887085","12.54525899887085","24","24","24","12.154539823532104","12.154539823532104","12.154539823532104","24","24","24","12.195385694503784","12.195385694503784","12.195385694503784","24","24","24","12.873917818069458","12.873917818069458","12.873917818069458","24","24","24"
"1250","12.50426959991455","12.50426959991455","12.50426959991455","25","25","25","12.152265548706055","12.152265548706055","12.152265548706055","25","25","25","12.181914806365967","12.181914806365967","12.181914806365967","25","25","25","12.77932095527649","12.77932095527649","12.77932095527649","25","25","25"
"1300","12.547795534133911","12.547795534133911","12.547795534133911","26","26","26","12.11821699142456","12.11821699142456","12.11821699142456","26","26","26","12.164433002471924","12.164433002471924","12.164433002471924","26","26","26","12.729575634002686","12.729575634002686","12.729575634002686","26","26","26"
"1350","12.53091835975647","12.53091835975647","12.53091835975647","27","27","27","12.152578592300415","12.152578592300415","12.152578592300415","27","27","27","12.226250648498535","12.226250648498535","12.226250648498535","27","27","27","12.743825435638428","12.743825435638428","12.743825435638428","27","27","27"
"1400","12.548303604125977","12.548303604125977","12.548303604125977","28","28","28","12.139320850372314","12.139320850372314","12.139320850372314","28","28","28","12.11982774734497","12.11982774734497","12.11982774734497","28","28","28","12.718398332595825","12.718398332595825","12.718398332595825","28","28","28"
"1450","12.476009845733643","12.476009845733643","12.476009845733643","29","29","29","12.101561307907104","12.101561307907104","12.101561307907104","29","29","29","12.145060777664185","12.145060777664185","12.145060777664185","29","29","29","12.642154693603516","12.642154693603516","12.642154693603516","29","29","29"
"1500","12.469900131225586","12.469900131225586","12.469900131225586","30","30","30","12.094915628433228","12.094915628433228","12.094915628433228","30","30","30","12.149401664733887","12.149401664733887","12.149401664733887","30","30","30","12.625412225723267","12.625412225723267","12.625412225723267","30","30","30"
"1550","12.53173565864563","12.53173565864563","12.53173565864563","31","31","31","12.126569509506226","12.126569509506226","12.126569509506226","31","31","31","12.15507435798645","12.15507435798645","12.15507435798645","31","31","31","12.633412599563599","12.633412599563599","12.633412599563599","31","31","31"
"1600","12.502475261688232","12.502475261688232","12.502475261688232","32","32","32","12.0995032787323","12.0995032787323","12.0995032787323","32","32","32","12.134636402130127","12.134636402130127","12.134636402130127","32","32","32","12.665385246276855","12.665385246276855","12.665385246276855","32","32","32"
"1650","12.559376239776611","12.559376239776611","12.559376239776611","33","33","33","12.137975692749023","12.137975692749023","12.137975692749023","33","33","33","12.156629085540771","12.156629085540771","12.156629085540771","33","33","33","12.593248128890991","12.593248128890991","12.593248128890991","33","33","33"
"1700","12.550987482070923","12.550987482070923","12.550987482070923","34","34","34","12.123838186264038","12.123838186264038","12.123838186264038","34","34","34","12.20613169670105","12.20613169670105","12.20613169670105","34","34","34","12.5554678440094","12.5554678440094","12.5554678440094","34","34","34"
"1750","12.594857692718506","12.594857692718506","12.594857692718506","35","35","35","12.113540649414062","12.113540649414062","12.113540649414062","35","35","35","12.187608003616333","12.187608003616333","12.187608003616333","35","35","35","12.571167469024658","12.571167469024658","12.571167469024658","35","35","35"
"1800","12.562955856323242","12.562955856323242","12.562955856323242","36","36","36","12.12503695487976","12.12503695487976","12.12503695487976","36","36","36","12.163960218429565","12.163960218429565","12.163960218429565","36","36","36","12.598726749420166","12.598726749420166","12.598726749420166","36","36","36"
"1850","12.652232646942139","12.652232646942139","12.652232646942139","37","37","37","12.090844869613647","12.090844869613647","12.090844869613647","37","37","37","12.107542753219604","12.107542753219604","12.107542753219604","37","37","37","12.516376733779907","12.516376733779907","12.516376733779907","37","37","37"
"1900","12.56156063079834","12.56156063079834","12.56156063079834","38","38","38","12.121787309646606","12.121787309646606","12.121787309646606","38","38","38","12.133249282836914","12.133249282836914","12.133249282836914","38","38","38","12.513004541397095","12.513004541397095","12.513004541397095","38","38","38"
"1950","12.493996381759644","12.493996381759644","12.493996381759644","39","39","39","12.161364078521729","12.161364078521729","12.161364078521729","39","39","39","12.176254749298096","12.176254749298096","12.176254749298096","39","39","39","12.565622568130493","12.565622568130493","12.565622568130493","39","39","39"
"2000","12.507185935974121","12.507185935974121","12.507185935974121","40","40","40","12.072759866714478","12.072759866714478","12.072759866714478","40","40","40","12.143188714981079","12.143188714981079","12.143188714981079","40","40","40","12.472068071365356","12.472068071365356","12.472068071365356","40","40","40"
"2050","12.57136583328247","12.57136583328247","12.57136583328247","41","41","41","12.109094381332397","12.109094381332397","12.109094381332397","41","41","41","12.15617847442627","12.15617847442627","12.15617847442627","41","41","41","12.477888584136963","12.477888584136963","12.477888584136963","41","41","41"
"2100","12.63687777519226","12.63687777519226","12.63687777519226","42","42","42","12.08906078338623","12.08906078338623","12.08906078338623","42","42","42","12.160284757614136","12.160284757614136","12.160284757614136","42","42","42","12.428533554077148","12.428533554077148","12.428533554077148","42","42","42"
"2150","12.48167109489441","12.48167109489441","12.48167109489441","43","43","43","12.098342418670654","12.098342418670654","12.098342418670654","43","43","43","12.124675989151001","12.124675989151001","12.124675989151001","43","43","43","12.45703673362732","12.45703673362732","12.45703673362732","43","43","43"
"2200","12.464526653289795","12.464526653289795","12.464526653289795","44","44","44","12.124654293060303","12.124654293060303","12.124654293060303","44","44","44","12.154318809509277","12.154318809509277","12.154318809509277","44","44","44","12.435283422470093","12.435283422470093","12.435283422470093","44","44","44"
"2250","12.534027814865112","12.534027814865112","12.534027814865112","45","45","45","12.15601134300232","12.15601134300232","12.15601134300232","45","45","45","12.213770151138306","12.213770151138306","12.213770151138306","45","45","45","12.51162052154541","12.51162052154541","12.51162052154541","45","45","45"
"2300","12.587124109268188","12.587124109268188","12.587124109268188","46","46","46","12.151995658874512","12.151995658874512","12.151995658874512","46","46","46","12.219807863235474","12.219807863235474","12.219807863235474","46","46","46","12.525132894515991","12.525132894515991","12.525132894515991","46","46","46"
"2350","12.595721960067749","12.595721960067749","12.595721960067749","47","47","47","12.181116580963135","12.181116580963135","12.181116580963135","47","47","47","12.1884126663208","12.1884126663208","12.1884126663208","47","47","47","12.544563055038452","12.544563055038452","12.544563055038452","47","47","47"
"2400","12.576054096221924","12.576054096221924","12.576054096221924","48","48","48","12.137786865234375","12.137786865234375","12.137786865234375","48","48","48","12.171911478042603","12.171911478042603","12.171911478042603","48","48","48","12.468606948852539","12.468606948852539","12.468606948852539","48","48","48"
"2450","12.694917678833008","12.694917678833008","12.694917678833008","49","49","49","12.17383623123169","12.17383623123169","12.17383623123169","49","49","49","12.219547033309937","12.219547033309937","12.219547033309937","49","49","49","12.515662908554077","12.515662908554077","12.515662908554077","49","49","49"
"2455","12.567442178726196","12.567442178726196","12.567442178726196","50","50","50","12.13089895248413","12.13089895248413","12.13089895248413","50","50","50","12.128825426101685","12.128825426101685","12.128825426101685","50","50","50","12.405899286270142","12.405899286270142","12.405899286270142","50","50","50"
"2460","12.497228384017944","12.497228384017944","12.497228384017944","51","51","51","12.112138271331787","12.112138271331787","12.112138271331787","51","51","51","12.163349866867065","12.163349866867065","12.163349866867065","51","51","51","12.399667739868164","12.399667739868164","12.399667739868164","51","51","51"
"2465","12.486080884933472","12.486080884933472","12.486080884933472","52","52","52","12.121243476867676","12.121243476867676","12.121243476867676","52","52","52","12.148801803588867","12.148801803588867","12.148801803588867","52","52","52","12.416706085205078","12.416706085205078","12.416706085205078","52","52","52"
"2470","12.503060579299927","12.503060579299927","12.503060579299927","53","53","53","12.110419273376465","12.110419273376465","12.110419273376465","53","53","53","12.181755304336548","12.181755304336548","12.181755304336548","53","53","53","12.426531791687012","12.426531791687012","12.426531791687012","53","53","53"
"2475","12.492173433303833","12.492173433303833","12.492173433303833","54","54","54","12.088569641113281","12.088569641113281","12.088569641113281","54","54","54","12.105665683746338","12.105665683746338","12.105665683746338","54","54","54","12.31005048751831","12.31005048751831","12.31005048751831","54","54","54"
"2480","12.49322509765625","12.49322509765625","12.49322509765625","55","55","55","12.131031036376953","12.131031036376953","12.131031036376953","55","55","55","12.152240753173828","12.152240753173828","12.152240753173828","55","55","55","12.423726558685303","12.423726558685303","12.423726558685303","55","55","55"
"2485","12.52540898323059","12.52540898323059","12.52540898323059","56","56","56","12.106900215148926","12.106900215148926","12.106900215148926","56","56","56","12.14035677909851","12.14035677909851","12.14035677909851","56","56","56","12.37872052192688","12.37872052192688","12.37872052192688","56","56","56"
"2490","12.676271200180054","12.676271200180054","12.676271200180054","57","57","57","12.12104082107544","12.12104082107544","12.12104082107544","57","57","57","12.127592086791992","12.127592086791992","12.127592086791992","57","57","57","12.408019542694092","12.408019542694092","12.408019542694092","57","57","57"
"2495","12.600052118301392","12.600052118301392","12.600052118301392","58","58","58","12.128107786178589","12.128107786178589","12.128107786178589","58","58","58","12.192121028900146","12.192121028900146","12.192121028900146","58","58","58","12.376855611801147","12.376855611801147","12.376855611801147","58","58","58"
"2500","29.96288776397705","29.96288776397705","29.96288776397705","59","59","59","18.345865964889526","18.345865964889526","18.345865964889526","59","59","59","17.850629329681396","17.850629329681396","17.850629329681396","59","59","59","19.125565767288208","19.125565767288208","19.125565767288208","59","59","59"
"2505","30.01519250869751","30.01519250869751","30.01519250869751","60","60","60","20.455488204956055","20.455488204956055","20.455488204956055","60","60","60","20.418582439422607","20.418582439422607","20.418582439422607","60","60","60","20.537352085113525","20.537352085113525","20.537352085113525","60","60","60"
"2510","21.020752906799316","21.020752906799316","21.020752906799316","61","61","61","19.100355625152588","19.100355625152588","19.100355625152588","61","61","61","15.800198316574097","15.800198316574097","15.800198316574097","61","61","61","18.56385040283203","18.56385040283203","18.56385040283203","61","61","61"
"2515","18.62285804748535","18.62285804748535","18.62285804748535","62","62","62","17.7491717338562","17.7491717338562","17.7491717338562","62","62","62","15.219866514205933","15.219866514205933","15.219866514205933","62","62","62","16.584723949432373","16.584723949432373","16.584723949432373","62","62","62"
"2520","18.04973268508911","18.04973268508911","18.04973268508911","63","63","63","15.928588628768921","15.928588628768921","15.928588628768921","63","63","63","15.193191766738892","15.193191766738892","15.193191766738892","63","63","63","17.036688804626465","17.036688804626465","17.036688804626465","63","63","63"
"2525","16.466115474700928","16.466115474700928","16.466115474700928","64","64","64","14.9578115940094","14.9578115940094","14.9578115940094","64","64","64","14.139519691467285","14.139519691467285","14.139519691467285","64","64","64","14.796680212020874","14.796680212020874","14.796680212020874","64","64","64"
"2530","15.355581283569336","15.355581283569336","15.355581283569336","65","65","65","14.51727843284607","14.51727843284607","14.51727843284607","65","65","65","14.369818925857544","14.369818925857544","14.369818925857544","65","65","65","14.653482437133789","14.653482437133789","14.653482437133789","65","65","65"
"2535","15.3345365524292","15.3345365524292","15.3345365524292","66","66","66","14.621705055236816","14.621705055236816","14.621705055236816","66","66","66","13.808484077453613","13.808484077453613","13.808484077453613","66","66","66","14.446152210235596","14.446152210235596","14.446152210235596","66","66","66"
"2540","14.690240144729614","14.690240144729614","14.690240144729614","67","67","67","13.571752071380615","13.571752071380615","13.571752071380615","67","67","67","13.377996921539307","13.377996921539307","13.377996921539307","67","67","67","14.06442379951477","14.06442379951477","14.06442379951477","67","67","67"
"2545","14.922792673110962","14.922792673110962","14.922792673110962","68","68","68","13.627462387084961","13.627462387084961","13.627462387084961","68","68","68","13.576578140258789","13.576578140258789","13.576578140258789","68","68","68","13.699655055999756","13.699655055999756","13.699655055999756","68","68","68"
"2550","14.573393821716309","14.573393821716309","14.573393821716309","69","69","69","13.390524625778198","13.390524625778198","13.390524625778198","69","69","69","13.677958250045776","13.677958250045776","13.677958250045776","69","69","69","13.573797702789307","13.573797702789307","13.573797702789307","69","69","69"
"2555","14.349389553070068","14.349389553070068","14.349389553070068","70","70","70","13.753921747207642","13.753921747207642","13.753921747207642","70","70","70","13.195882558822632","13.195882558822632","13.195882558822632","70","70","70","13.096156597137451","13.096156597137451","13.096156597137451","70","70","70"
"2560","14.132063627243042","14.132063627243042","14.132063627243042","71","71","71","12.952562808990479","12.952562808990479","12.952562808990479","71","71","71","13.008824586868286","13.008824586868286","13.008824586868286","71","71","71","13.111970901489258","13.111970901489258","13.111970901489258","71","71","71"
"2565","14.15712308883667","14.15712308883667","14.15712308883667","72","72","72","13.182981967926025","13.182981967926025","13.182981967926025","72","72","72","13.148589372634888","13.148589372634888","13.148589372634888","72","72","72","13.090462446212769","13.090462446212769","13.090462446212769","72","72","72"
"2570","13.958467960357666","13.958467960357666","13.958467960357666","73","73","73","12.944150924682617","12.944150924682617","12.944150924682617","73","73","73","12.943588256835938","12.943588256835938","12.943588256835938","73","73","73","12.74700665473938","12.74700665473938","12.74700665473938","73","73","73"
"2575","14.038617372512817","14.038617372512817","14.038617372512817","74","74","74","12.92457914352417","12.92457914352417","12.92457914352417","74","74","74","13.045613050460815","13.045613050460815","13.045613050460815","74","74","74","12.935637474060059","12.935637474060059","12.935637474060059","74","74","74"
"2580","14.065855741500854","14.065855741500854","14.065855741500854","75","75","75","12.960549354553223","12.960549354553223","12.960549354553223","75","75","75","13.35448956489563","13.35448956489563","13.35448956489563","75","75","75","13.253487586975098","13.253487586975098","13.253487586975098","75","75","75"
"2585","13.881926536560059","13.881926536560059","13.881926536560059","76","76","76","12.711285591125488","12.711285591125488","12.711285591125488","76","76","76","13.005295991897583","13.005295991897583","13.005295991897583","76","76","76","12.987113237380981","12.987113237380981","12.987113237380981","76","76","76"
"2590","13.982561111450195","13.982561111450195","13.982561111450195","77","77","77","12.691143274307251","12.691143274307251","12.691143274307251","77","77","77","12.786579608917236","12.786579608917236","12.786579608917236","77","77","77","12.739171504974365","12.739171504974365","12.739171504974365","77","77","77"
"2595","14.081816911697388","14.081816911697388","14.081816911697388","78","78","78","12.864831686019897","12.864831686019897","12.864831686019897","78","78","78","12.934437990188599","12.934437990188599","12.934437990188599","78","78","78","12.742692232131958","12.742692232131958","12.742692232131958","78","78","78"
"2600","13.724138498306274","13.724138498306274","13.724138498306274","79","79","79","12.604007244110107","12.604007244110107","12.604007244110107","79","79","79","12.866639852523804","12.866639852523804","12.866639852523804","79","79","79","13.166978359222412","13.166978359222412","13.166978359222412","79","79","79"
"2605","13.758571863174438","13.758571863174438","13.758571863174438","80","80","80","12.661355018615723","12.661355018615723","12.661355018615723","80","80","80","12.757928848266602","12.757928848266602","12.757928848266602","80","80","80","13.267322778701782","13.267322778701782","13.267322778701782","80","80","80"
"2610","13.52718472480774","13.52718472480774","13.52718472480774","81","81","81","12.568660020828247","12.568660020828247","12.568660020828247","81","81","81","12.709424018859863","12.709424018859863","12.709424018859863","81","81","81","12.973148345947266","12.973148345947266","12.973148345947266","81","81","81"
"2615","14.015317678451538","14.015317678451538","14.015317678451538","82","82","82","12.757537364959717","12.757537364959717","12.757537364959717","82","82","82","12.676303148269653","12.676303148269653","12.676303148269653","82","82","82","12.857521533966064","12.857521533966064","12.857521533966064","82","82","82"
"2620","13.85452938079834","13.85452938079834","13.85452938079834","83","83","83","12.671212673187256","12.671212673187256","12.671212673187256","83","83","83","12.765916585922241","12.765916585922241","12.765916585922241","83","83","83","12.843756437301636","12.843756437301636","12.843756437301636","83","83","83"
"2625","13.72124695777893","13.72124695777893","13.72124695777893","84","84","84","12.69447946548462","12.69447946548462","12.69447946548462","84","84","84","12.709085464477539","12.709085464477539","12.709085464477539","84","84","84","12.850671291351318","12.850671291351318","12.850671291351318","84","84","84"
"2630","13.88004755973816","13.88004755973816","13.88004755973816","85","85","85","12.548954010009766","12.548954010009766","12.548954010009766","85","85","85","12.687072038650513","12.687072038650513","12.687072038650513","85","85","85","13.084270477294922","13.084270477294922","13.084270477294922","85","85","85"
"2635","13.827000617980957","13.827000617980957","13.827000617980957","86","86","86","12.526028871536255","12.526028871536255","12.526028871536255","86","86","86","12.631790399551392","12.631790399551392","12.631790399551392","86","86","86","12.993252038955688","12.993252038955688","12.993252038955688","86","86","86"
"2640","13.801199913024902","13.801199913024902","13.801199913024902","87","87","87","12.552659273147583","12.552659273147583","12.552659273147583","87","87","87","12.719977855682373","12.719977855682373","12.719977855682373","87","87","87","12.75175952911377","12.75175952911377","12.75175952911377","87","87","87"
"2645","13.837509632110596","13.837509632110596","13.837509632110596","88","88","88","12.576517105102539","12.576517105102539","12.576517105102539","88","88","88","12.740079402923584","12.740079402923584","12.740079402923584","88","88","88","12.607369422912598","12.607369422912598","12.607369422912598","88","88","88"
"2650","13.906583547592163","13.906583547592163","13.906583547592163","89","89","89","12.440037727355957","12.440037727355957","12.440037727355957","89","89","89","12.560345888137817","12.560345888137817","12.560345888137817","89","89","89","12.582245349884033","12.582245349884033","12.582245349884033","89","89","89"
"2655","13.666298389434814","13.666298389434814","13.666298389434814","90","90","90","12.465198755264282","12.465198755264282","12.465198755264282","90","90","90","12.593199491500854","12.593199491500854","12.593199491500854","90","90","90","12.419517278671265","12.419517278671265","12.419517278671265","90","90","90"
"2660","13.99917459487915","13.99917459487915","13.99917459487915","91","91","91","12.643182277679443","12.643182277679443","12.643182277679443","91","91","91","12.639727115631104","12.639727115631104","12.639727115631104","91","91","91","12.580405473709106","12.580405473709106","12.580405473709106","91","91","91"
"2665","13.915697574615479","13.915697574615479","13.915697574615479","92","92","92","12.482532739639282","12.482532739639282","12.482532739639282","92","92","92","12.501027345657349","12.501027345657349","12.501027345657349","92","92","92","12.586259365081787","12.586259365081787","12.586259365081787","92","92","92"
"2670","13.580243587493896","13.580243587493896","13.580243587493896","93","93","93","12.422614812850952","12.422614812850952","12.422614812850952","93","93","93","12.4510977268219","12.4510977268219","12.4510977268219","93","93","93","12.449350357055664","12.449350357055664","12.449350357055664","93","93","93"
"2675","13.510301351547241","13.510301351547241","13.510301351547241","94","94","94","12.536301374435425","12.536301374435425","12.536301374435425","94","94","94","12.450474977493286","12.450474977493286","12.450474977493286","94","94","94","12.934739351272583","12.934739351272583","12.934739351272583","94","94","94"
"2680","13.840068340301514","13.840068340301514","13.840068340301514","95","95","95","12.455899238586426","12.455899238586426","12.455899238586426","95","95","95","12.498777151107788","12.498777151107788","12.498777151107788","95","95","95","12.92312479019165","12.92312479019165","12.92312479019165","95","95","95"
"2685","13.857836484909058","13.857836484909058","13.857836484909058","96","96","96","12.38175344467163","12.38175344467163","12.38175344467163","96","96","96","12.41921591758728","12.41921591758728","12.41921591758728","96","96","96","12.696719646453857","12.696719646453857","12.696719646453857","96","96","96"
"2690","13.555647373199463","13.555647373199463","13.555647373199463","97","97","97","12.404095888137817","12.404095888137817","12.404095888137817","97","97","97","12.54475474357605","12.54475474357605","12.54475474357605","97","97","97","12.701280117034912","12.701280117034912","12.701280117034912","97","97","97"
"2695","13.609808683395386","13.609808683395386","13.609808683395386","98","98","98","12.402582883834839","12.402582883834839","12.402582883834839","98","98","98","12.379353046417236","12.379353046417236","12.379353046417236","98","98","98","12.550266981124878","12.550266981124878","12.550266981124878","98","98","98"
"2700","13.570172309875488","13.570172309875488","13.570172309875488","99","99","99","12.364234447479248","12.364234447479248","12.364234447479248","99","99","99","12.409388780593872","12.409388780593872","12.409388780593872","99","99","99","12.620805740356445","12.620805740356445","12.620805740356445","99","99","99"
"2705","13.653102397918701","13.653102397918701","13.653102397918701","100","100","100","12.34438180923462","12.34438180923462","12.34438180923462","100","100","100","12.392248392105103","12.392248392105103","12.392248392105103","100","100","100","12.453802585601807","12.453802585601807","12.453802585601807","100","100","100"
"2710","13.605447053909302","13.605447053909302","13.605447053909302","101","101","101","12.370284795761108","12.370284795761108","12.370284795761108","101","101","101","12.332821369171143","12.332821369171143","12.332821369171143","101","101","101","12.46225380897522","12.46225380897522","12.46225380897522","101","101","101"
"2715","13.37053656578064","13.37053656578064","13.37053656578064","102","102","102","12.307796478271484","12.307796478271484","12.307796478271484","102","102","102","12.32584261894226","12.32584261894226","12.32584261894226","102","102","102","12.378447532653809","12.378447532653809","12.378447532653809","102","102","102"
"2720","13.741708517074585","13.741708517074585","13.741708517074585","103","103","103","12.427726030349731","12.427726030349731","12.427726030349731","103","103","103","12.515784502029419","12.515784502029419","12.515784502029419","103","103","103","12.478238821029663","12.478238821029663","12.478238821029663","103","103","103"
"2725","13.694787502288818","13.694787502288818","13.694787502288818","104","104","104","12.330385684967041","12.330385684967041","12.330385684967041","104","104","104","12.303077697753906","12.303077697753906","12.303077697753906","104","104","104","12.416694402694702","12.416694402694702","12.416694402694702","104","104","104"
"2730","13.930887937545776","13.930887937545776","13.930887937545776","105","105","105","12.509199380874634","12.509199380874634","12.509199380874634","105","105","105","12.39848256111145","12.39848256111145","12.39848256111145","105","105","105","12.502347946166992","12.502347946166992","12.502347946166992","105","105","105"
"2735","13.799606800079346","13.799606800079346","13.799606800079346","106","106","106","12.284542560577393","12.284542560577393","12.284542560577393","106","106","106","12.282320976257324","12.282320976257324","12.282320976257324","106","106","106","12.3456871509552","12.3456871509552","12.3456871509552","106","106","106"
"2740","13.746831893920898","13.746831893920898","13.746831893920898","107","107","107","12.327805042266846","12.327805042266846","12.327805042266846","107","107","107","12.344768047332764","12.344768047332764","12.344768047332764","107","107","107","12.583569049835205","12.583569049835205","12.583569049835205","107","107","107"
"2745","13.698627471923828","13.698627471923828","13.698627471923828","108","108","108","12.301924467086792","12.301924467086792","12.301924467086792","108","108","108","12.29257607460022","12.29257607460022","12.29257607460022","108","108","108","12.70557951927185","12.70557951927185","12.70557951927185","108","108","108"
"2750","13.61251163482666","13.61251163482666","13.61251163482666","109","109","109","12.349925518035889","12.349925518035889","12.349925518035889","109","109","109","12.312920570373535","12.312920570373535","12.312920570373535","109","109","109","12.70056939125061","12.70056939125061","12.70056939125061","109","109","109"
"2755","13.513540983200073","13.513540983200073","13.513540983200073","110","110","110","12.249075412750244","12.249075412750244","12.249075412750244","110","110","110","12.2879958152771","12.2879958152771","12.2879958152771","110","110","110","12.549427270889282","12.549427270889282","12.549427270889282","110","110","110"
"2760","13.65322494506836","13.65322494506836","13.65322494506836","111","111","111","12.376283884048462","12.376283884048462","12.376283884048462","111","111","111","12.35269021987915","12.35269021987915","12.35269021987915","111","111","111","12.589569568634033","12.589569568634033","12.589569568634033","111","111","111"
"2765","13.532552719116211","13.532552719116211","13.532552719116211","112","112","112","12.279981851577759","12.279981851577759","12.279981851577759","112","112","112","12.250808477401733","12.250808477401733","12.250808477401733","112","112","112","12.500443935394287","12.500443935394287","12.500443935394287","112","112","112"
"2770","13.701658010482788","13.701658010482788","13.701658010482788","113","113","113","12.341670513153076","12.341670513153076","12.341670513153076","113","113","113","12.356241703033447","12.356241703033447","12.356241703033447","113","113","113","12.420830488204956","12.420830488204956","12.420830488204956","113","113","113"
"2775","13.617431640625","13.617431640625","13.617431640625","114","114","114","12.309503078460693","12.309503078460693","12.309503078460693","114","114","114","12.371984481811523","12.371984481811523","12.371984481811523","114","114","114","12.402967929840088","12.402967929840088","12.402967929840088","114","114","114"
"2780","13.635898351669312","13.635898351669312","13.635898351669312","115","115","115","12.259061574935913","12.259061574935913","12.259061574935913","115","115","115","12.358311414718628","12.358311414718628","12.358311414718628","115","115","115","12.335359334945679","12.335359334945679","12.335359334945679","115","115","115"
"2785","13.585389614105225","13.585389614105225","13.585389614105225","116","116","116","12.366548776626587","12.366548776626587","12.366548776626587","116","116","116","12.386749982833862","12.386749982833862","12.386749982833862","116","116","116","12.418168544769287","12.418168544769287","12.418168544769287","116","116","116"
"2790","13.560759544372559","13.560759544372559","13.560759544372559","117","117","117","12.283717155456543","12.283717155456543","12.283717155456543","117","117","117","12.31419825553894","12.31419825553894","12.31419825553894","117","117","117","12.464953422546387","12.464953422546387","12.464953422546387","117","117","117"
"2795","13.657511949539185","13.657511949539185","13.657511949539185","118","118","118","12.352501630783081","12.352501630783081","12.352501630783081","118","118","118","12.392395257949829","12.392395257949829","12.392395257949829","118","118","118","12.902754783630371","12.902754783630371","12.902754783630371","118","118","118"
"2800","13.550081014633179","13.550081014633179","13.550081014633179","119","119","119","12.237852573394775","12.237852573394775","12.237852573394775","119","119","119","12.251533031463623","12.251533031463623","12.251533031463623","119","119","119","12.87758469581604","12.87758469581604","12.87758469581604","119","119","119"
"2805","13.808340787887573","13.808340787887573","13.808340787887573","120","120","120","12.30026125907898","12.30026125907898","12.30026125907898","120","120","120","12.228532314300537","12.228532314300537","12.228532314300537","120","120","120","12.60548734664917","12.60548734664917","12.60548734664917","120","120","120"
"2810","13.53041386604309","13.53041386604309","13.53041386604309","121","121","121","12.29790449142456","12.29790449142456","12.29790449142456","121","121","121","12.385226011276245","12.385226011276245","12.385226011276245","121","121","121","12.65935206413269","12.65935206413269","12.65935206413269","121","121","121"
"2815","13.455123662948608","13.455123662948608","13.455123662948608","122","122","122","12.29238748550415","12.29238748550415","12.29238748550415","122","122","122","12.307842493057251","12.307842493057251","12.307842493057251","122","122","122","12.408063650131226","12.408063650131226","12.408063650131226","122","122","122"
"2820","13.47357726097107","13.47357726097107","13.47357726097107","123","123","123","12.245224952697754","12.245224952697754","12.245224952697754","123","123","123","12.2654550075531","12.2654550075531","12.2654550075531","123","123","123","12.419398784637451","12.419398784637451","12.419398784637451","123","123","123"
"2825","13.512320280075073","13.512320280075073","13.512320280075073","124","124","124","12.30769658088684","12.30769658088684","12.30769658088684","124","124","124","12.255016326904297","12.255016326904297","12.255016326904297","124","124","124","12.362888097763062","12.362888097763062","12.362888097763062","124","124","124"
"2830","13.915634155273438","13.915634155273438","13.915634155273438","125","125","125","12.328574180603027","12.328574180603027","12.328574180603027","125","125","125","12.314827919006348","12.314827919006348","12.314827919006348","125","125","125","12.45920181274414","12.45920181274414","12.45920181274414","125","125","125"
"2835","13.672585487365723","13.672585487365723","13.672585487365723","126","126","126","12.301044702529907","12.301044702529907","12.301044702529907","126","126","126","12.36213493347168","12.36213493347168","12.36213493347168","126","126","126","12.608543872833252","12.608543872833252","12.608543872833252","126","126","126"
"2840","13.5469491481781","13.5469491481781","13.5469491481781","127","127","127","12.289066791534424","12.289066791534424","12.289066791534424","127","127","127","12.422599077224731","12.422599077224731","12.422599077224731","127","127","127","12.65566349029541","12.65566349029541","12.65566349029541","127","127","127"
"2845","13.552660942077637","13.552660942077637","13.552660942077637","128","128","128","12.324792861938477","12.324792861938477","12.324792861938477","128","128","128","12.344180583953857","12.344180583953857","12.344180583953857","128","128","128","12.505286693572998","12.505286693572998","12.505286693572998","128","128","128"
"2850","13.57352066040039","13.57352066040039","13.57352066040039","129","129","129","12.217446088790894","12.217446088790894","12.217446088790894","129","129","129","12.223041772842407","12.223041772842407","12.223041772842407","129","129","129","12.35421371459961","12.35421371459961","12.35421371459961","129","129","129"
"2855","13.732363939285278","13.732363939285278","13.732363939285278","130","130","130","12.23887324333191","12.23887324333191","12.23887324333191","130","130","130","12.205911636352539","12.205911636352539","12.205911636352539","130","130","130","12.456705570220947","12.456705570220947","12.456705570220947","130","130","130"
"2860","13.562544345855713","13.562544345855713","13.562544345855713","131","131","131","12.201108694076538","12.201108694076538","12.201108694076538","131","131","131","12.244890689849854","12.244890689849854","12.244890689849854","131","131","131","12.476503610610962","12.476503610610962","12.476503610610962","131","131","131"
"2865","13.433517217636108","13.433517217636108","13.433517217636108","132","132","132","12.297412157058716","12.297412157058716","12.297412157058716","132","132","132","12.297804832458496","12.297804832458496","12.297804832458496","132","132","132","12.51656174659729","12.51656174659729","12.51656174659729","132","132","132"
"2870","13.514652252197266","13.514652252197266","13.514652252197266","133","133","133","12.233523845672607","12.233523845672607","12.233523845672607","133","133","133","12.41849660873413","12.41849660873413","12.41849660873413","133","133","133","12.373165845870972","12.373165845870972","12.373165845870972","133","133","133"
"2875","13.564693450927734","13.564693450927734","13.564693450927734","134","134","134","12.286749839782715","12.286749839782715","12.286749839782715","134","134","134","12.41821002960205","12.41821002960205","12.41821002960205","134","134","134","12.518092155456543","12.518092155456543","12.518092155456543","134","134","134"
"2880","13.41547441482544","13.41547441482544","13.41547441482544","135","135","135","12.204282283782959","12.204282283782959","12.204282283782959","135","135","135","12.216346502304077","12.216346502304077","12.216346502304077","135","135","135","12.389805316925049","12.389805316925049","12.389805316925049","135","135","135"
"2885","13.459723711013794","13.459723711013794","13.459723711013794","136","136","136","12.209108829498291","12.209108829498291","12.209108829498291","136","136","136","12.20455527305603","12.20455527305603","12.20455527305603","136","136","136","12.345187902450562","12.345187902450562","12.345187902450562","136","136","136"
"2890","13.738361120223999","13.738361120223999","13.738361120223999","137","137","137","12.251340389251709","12.251340389251709","12.251340389251709","137","137","137","12.308008670806885","12.308008670806885","12.308008670806885","137","137","137","12.464127540588379","12.464127540588379","12.464127540588379","137","137","137"
"2895","13.504424810409546","13.504424810409546","13.504424810409546","138","138","138","12.228517055511475","12.228517055511475","12.228517055511475","138","138","138","12.27268934249878","12.27268934249878","12.27268934249878","138","138","138","12.74861478805542","12.74861478805542","12.74861478805542","138","138","138"
"2900","13.467922449111938","13.467922449111938","13.467922449111938","139","139","139","12.206481456756592","12.206481456756592","12.206481456756592","139","139","139","12.220898628234863","12.220898628234863","12.220898628234863","139","139","139","12.555286884307861","12.555286884307861","12.555286884307861","139","139","139"
"2905","13.4932382106781","13.4932382106781","13.4932382106781","140","140","140","12.194416522979736","12.194416522979736","12.194416522979736","140","140","140","12.224283933639526","12.224283933639526","12.224283933639526","140","140","140","12.625934362411499","12.625934362411499","12.625934362411499","140","140","140"
"2910","13.453319072723389","13.453319072723389","13.453319072723389","141","141","141","12.221192836761475","12.221192836761475","12.221192836761475","141","141","141","12.235228776931763","12.235228776931763","12.235228776931763","141","141","141","12.371964693069458","12.371964693069458","12.371964693069458","141","141","141"
"2915","13.4813072681427","13.4813072681427","13.4813072681427","142","142","142","12.226016283035278","12.226016283035278","12.226016283035278","142","142","142","12.29930567741394","12.29930567741394","12.29930567741394","142","142","142","12.448554277420044","12.448554277420044","12.448554277420044","142","142","142"
"2920","13.519253969192505","13.519253969192505","13.519253969192505","143","143","143","12.253927230834961","12.253927230834961","12.253927230834961","143","143","143","12.276184558868408","12.276184558868408","12.276184558868408","143","143","143","12.434183835983276","12.434183835983276","12.434183835983276","143","143","143"
"2925","13.616191864013672","13.616191864013672","13.616191864013672","144","144","144","12.258186340332031","12.258186340332031","12.258186340332031","144","144","144","12.36291217803955","12.36291217803955","12.36291217803955","144","144","144","12.535154104232788","12.535154104232788","12.535154104232788","144","144","144"
"2930","13.660748481750488","13.660748481750488","13.660748481750488","145","145","145","12.226186513900757","12.226186513900757","12.226186513900757","145","145","145","12.253125190734863","12.253125190734863","12.253125190734863","145","145","145","12.560956239700317","12.560956239700317","12.560956239700317","145","145","145"
"2935","13.932767152786255","13.932767152786255","13.932767152786255","146","146","146","12.247607707977295","12.247607707977295","12.247607707977295","146","146","146","12.350529432296753","12.350529432296753","12.350529432296753","146","146","146","12.386590003967285","12.386590003967285","12.386590003967285","146","146","146"
"2940","13.383708715438843","13.383708715438843","13.383708715438843","147","147","147","12.176893472671509","12.176893472671509","12.176893472671509","147","147","147","12.1691312789917","12.1691312789917","12.1691312789917","147","147","147","12.373737812042236","12.373737812042236","12.373737812042236","147","147","147"
"2945","13.503370761871338","13.503370761871338","13.503370761871338","148","148","148","12.216605424880981","12.216605424880981","12.216605424880981","148","148","148","12.22508692741394","12.22508692741394","12.22508692741394","148","148","148","12.33398985862732","12.33398985862732","12.33398985862732","148","148","148"
"2950","13.737152338027954","13.737152338027954","13.737152338027954","149","149","149","12.314115524291992","12.314115524291992","12.314115524291992","149","149","149","12.416637659072876","12.416637659072876","12.416637659072876","149","149","149","12.421034336090088","12.421034336090088","12.421034336090088","149","149","149"
"2955","13.572750568389893","13.572750568389893","13.572750568389893","150","150","150","12.301023483276367","12.301023483276367","12.301023483276367","150","150","150","12.33376145362854","12.33376145362854","12.33376145362854","150","150","150","12.427828311920166","12.427828311920166","12.427828311920166","150","150","150"
"2960","13.613908290863037","13.613908290863037","13.613908290863037","151","151","151","12.295839548110962","12.295839548110962","12.295839548110962","151","151","151","12.340163946151733","12.340163946151733","12.340163946151733","151","151","151","12.464329481124878","12.464329481124878","12.464329481124878","151","151","151"
"2965","13.551910638809204","13.551910638809204","13.551910638809204","152","152","152","12.194578647613525","12.194578647613525","12.194578647613525","152","152","152","12.313145637512207","12.313145637512207","12.313145637512207","152","152","152","12.32269811630249","12.32269811630249","12.32269811630249","152","152","152"
"2970","13.455763816833496","13.455763816833496","13.455763816833496","153","153","153","12.22933053970337","12.22933053970337","12.22933053970337","153","153","153","12.316473484039307","12.316473484039307","12.316473484039307","153","153","153","12.397254467010498","12.397254467010498","12.397254467010498","153","153","153"
"2975","13.359729290008545","13.359729290008545","13.359729290008545","154","154","154","12.144781351089478","12.144781351089478","12.144781351089478","154","154","154","12.2702317237854","12.2702317237854","12.2702317237854","154","154","154","12.383935928344727","12.383935928344727","12.383935928344727","154","154","154"
"2980","13.528100728988647","13.528100728988647","13.528100728988647","155","155","155","12.266948461532593","12.266948461532593","12.266948461532593","155","155","155","12.413777828216553","12.413777828216553","12.413777828216553","155","155","155","12.459696531295776","12.459696531295776","12.459696531295776","155","155","155"
"2985","13.556074619293213","13.556074619293213","13.556074619293213","156","156","156","12.19697642326355","12.19697642326355","12.19697642326355","156","156","156","12.321086645126343","12.321086645126343","12.321086645126343","156","156","156","12.479522228240967","12.479522228240967","12.479522228240967","156","156","156"
"2990","13.340307712554932","13.340307712554932","13.340307712554932","157","157","157","12.156816005706787","12.156816005706787","12.156816005706787","157","157","157","12.240145683288574","12.240145683288574","12.240145683288574","157","157","157","12.635727882385254","12.635727882385254","12.635727882385254","157","157","157"
"2995","13.512801885604858","13.512801885604858","13.512801885604858","158","158","158","12.187709093093872","12.187709093093872","12.187709093093872","158","158","158","12.248570442199707","12.248570442199707","12.248570442199707","158","158","158","12.774940967559814","12.774940967559814","12.774940967559814","158","158","158"
"3000","14.57677960395813","14.57677960395813","14.57677960395813","159","159","159","12.757108211517334","12.757108211517334","12.757108211517334","159","159","159","12.987738847732544","12.987738847732544","12.987738847732544","159","159","159","13.414945363998413","13.414945363998413","13.414945363998413","159","159","159"
"3005","14.453162670135498","14.453162670135498","14.453162670135498","160","160","160","12.817487478256226","12.817487478256226","12.817487478256226","160","160","160","12.762701034545898","12.762701034545898","12.762701034545898","160","160","160","13.236395120620728","13.236395120620728","13.236395120620728","160","160","160"
"3010","13.365346431732178","13.365346431732178","13.365346431732178","161","161","161","12.642277002334595","12.642277002334595","12.642277002334595","161","161","161","12.232372760772705","12.232372760772705","12.232372760772705","161","161","161","12.700867414474487","12.700867414474487","12.700867414474487","161","161","161"
"3015","12.914520025253296","12.914520025253296","12.914520025253296","162","162","162","12.599862098693848","12.599862098693848","12.599862098693848","162","162","162","12.214897394180298","12.214897394180298","12.214897394180298","162","162","162","12.611929178237915","12.611929178237915","12.611929178237915","162","162","162"
"3020","12.86402678489685","12.86402678489685","12.86402678489685","163","163","163","12.448793172836304","12.448793172836304","12.448793172836304","163","163","163","12.10502028465271","12.10502028465271","12.10502028465271","163","163","163","12.352234363555908","12.352234363555908","12.352234363555908","163","163","163"
"3025","12.680577993392944","12.680577993392944","12.680577993392944","164","164","164","12.381334066390991","12.381334066390991","12.381334066390991","164","164","164","12.1141357421875","12.1141357421875","12.1141357421875","164","164","164","12.27382516860962","12.27382516860962","12.27382516860962","164","164","164"
"3030","12.733039617538452","12.733039617538452","12.733039617538452","165","165","165","12.377898454666138","12.377898454666138","12.377898454666138","165","165","165","12.128273963928223","12.128273963928223","12.128273963928223","165","165","165","12.32866644859314","12.32866644859314","12.32866644859314","165","165","165"
"3035","12.802090406417847","12.802090406417847","12.802090406417847","166","166","166","12.279950141906738","12.279950141906738","12.279950141906738","166","166","166","12.169437408447266","12.169437408447266","12.169437408447266","166","166","166","12.381890058517456","12.381890058517456","12.381890058517456","166","166","166"
"3040","12.55999493598938","12.55999493598938","12.55999493598938","167","167","167","12.277472734451294","12.277472734451294","12.277472734451294","167","167","167","12.105321407318115","12.105321407318115","12.105321407318115","167","167","167","12.25310468673706","12.25310468673706","12.25310468673706","167","167","167"
"3045","12.614710807800293","12.614710807800293","12.614710807800293","168","168","168","12.262367248535156","12.262367248535156","12.262367248535156","168","168","168","12.127388000488281","12.127388000488281","12.127388000488281","168","168","168","12.263489723205566","12.263489723205566","12.263489723205566","168","168","168"
"3050","12.70308780670166","12.70308780670166","12.70308780670166","169","169","169","12.29414987564087","12.29414987564087","12.29414987564087","169","169","169","12.146157026290894","12.146157026290894","12.146157026290894","169","169","169","12.319991827011108","12.319991827011108","12.319991827011108","169","169","169"
"3055","12.644330263137817","12.644330263137817","12.644330263137817","170","170","170","12.302742958068848","12.302742958068848","12.302742958068848","170","170","170","12.202431201934814","12.202431201934814","12.202431201934814","170","170","170","12.31075119972229","12.31075119972229","12.31075119972229","170","170","170"
"3060","12.549244165420532","12.549244165420532","12.549244165420532","171","171","171","12.216790676116943","12.216790676116943","12.216790676116943","171","171","171","12.127408266067505","12.127408266067505","12.127408266067505","171","171","171","12.21592116355896","12.21592116355896","12.21592116355896","171","171","171"
"3065","12.558268785476685","12.558268785476685","12.558268785476685","172","172","172","12.24774694442749","12.24774694442749","12.24774694442749","172","172","172","12.091736555099487","12.091736555099487","12.091736555099487","172","172","172","12.234431028366089","12.234431028366089","12.234431028366089","172","172","172"
"3070","12.541085243225098","12.541085243225098","12.541085243225098","173","173","173","12.210708379745483","12.210708379745483","12.210708379745483","173","173","173","12.163935661315918","12.163935661315918","12.163935661315918","173","173","173","12.332858562469482","12.332858562469482","12.332858562469482","173","173","173"
"3075","12.54034161567688","12.54034161567688","12.54034161567688","174","174","174","12.201160669326782","12.201160669326782","12.201160669326782","174","174","174","12.12480092048645","12.12480092048645","12.12480092048645","174","174","174","12.256369590759277","12.256369590759277","12.256369590759277","174","174","174"
"3080","12.679270267486572","12.679270267486572","12.679270267486572","175","175","175","12.28248906135559","12.28248906135559","12.28248906135559","175","175","175","12.182574033737183","12.182574033737183","12.182574033737183","175","175","175","12.338436365127563","12.338436365127563","12.338436365127563","175","175","175"
"3085","12.578528881072998","12.578528881072998","12.578528881072998","176","176","176","12.230698108673096","12.230698108673096","12.230698108673096","176","176","176","12.166550397872925","12.166550397872925","12.166550397872925","176","176","176","12.267203092575073","12.267203092575073","12.267203092575073","176","176","176"
"3090","12.522901058197021","12.522901058197021","12.522901058197021","177","177","177","12.261499881744385","12.261499881744385","12.261499881744385","177","177","177","12.111643314361572","12.111643314361572","12.111643314361572","177","177","177","12.250811576843262","12.250811576843262","12.250811576843262","177","177","177"
"3095","12.53648829460144","12.53648829460144","12.53648829460144","178","178","178","12.2281494140625","12.2281494140625","12.2281494140625","178","178","178","12.174007415771484","12.174007415771484","12.174007415771484","178","178","178","12.285066366195679","12.285066366195679","12.285066366195679","178","178","178"
"3100","12.539215564727783","12.539215564727783","12.539215564727783","179","179","179","12.240617990493774","12.240617990493774","12.240617990493774","179","179","179","12.158219575881958","12.158219575881958","12.158219575881958","179","179","179","12.266853332519531","12.266853332519531","12.266853332519531","179","179","179"
"3105","12.550888776779175","12.550888776779175","12.550888776779175","180","180","180","12.241139650344849","12.241139650344849","12.241139650344849","180","180","180","12.13637900352478","12.13637900352478","12.13637900352478","180","180","180","12.318767786026001","12.318767786026001","12.318767786026001","180","180","180"
"3110","12.545436382293701","12.545436382293701","12.545436382293701","181","181","181","12.286170244216919","12.286170244216919","12.286170244216919","181","181","181","12.187572956085205","12.187572956085205","12.187572956085205","181","181","181","12.374412536621094","12.374412536621094","12.374412536621094","181","181","181"
"3115","12.52093505859375","12.52093505859375","12.52093505859375","182","182","182","12.305144548416138","12.305144548416138","12.305144548416138","182","182","182","12.132394075393677","12.132394075393677","12.132394075393677","182","182","182","12.291088342666626","12.291088342666626","12.291088342666626","182","182","182"
"3120","12.499457120895386","12.499457120895386","12.499457120895386","183","183","183","12.223397254943848","12.223397254943848","12.223397254943848","183","183","183","12.14956545829773","12.14956545829773","12.14956545829773","183","183","183","12.24979829788208","12.24979829788208","12.24979829788208","183","183","183"
"3125","12.508933782577515","12.508933782577515","12.508933782577515","184","184","184","12.244355201721191","12.244355201721191","12.244355201721191","184","184","184","12.148057222366333","12.148057222366333","12.148057222366333","184","184","184","12.305332899093628","12.305332899093628","12.305332899093628","184","184","184"
"3130","12.62789535522461","12.62789535522461","12.62789535522461","185","185","185","12.235116004943848","12.235116004943848","12.235116004943848","185","185","185","12.100106477737427","12.100106477737427","12.100106477737427","185","185","185","12.350614309310913","12.350614309310913","12.350614309310913","185","185","185"
"3135","12.576430082321167","12.576430082321167","12.576430082321167","186","186","186","12.261378049850464","12.261378049850464","12.261378049850464","186","186","186","12.195096015930176","12.195096015930176","12.195096015930176","186","186","186","12.313662767410278","12.313662767410278","12.313662767410278","186","186","186"
"3140","12.526342391967773","12.526342391967773","12.526342391967773","187","187","187","12.289656400680542","12.289656400680542","12.289656400680542","187","187","187","12.136955261230469","12.136955261230469","12.136955261230469","187","187","187","12.310034036636353","12.310034036636353","12.310034036636353","187","187","187"
"3145","12.548908472061157","12.548908472061157","12.548908472061157","188","188","188","12.238765716552734","12.238765716552734","12.238765716552734","188","188","188","12.120967626571655","12.120967626571655","12.120967626571655","188","188","188","12.324144124984741","12.324144124984741","12.324144124984741","188","188","188"
"3150","12.476798057556152","12.476798057556152","12.476798057556152","189","189","189","12.189325094223022","12.189325094223022","12.189325094223022","189","189","189","12.13670301437378","12.13670301437378","12.13670301437378","189","189","189","12.28520131111145","12.28520131111145","12.28520131111145","189","189","189"
"3155","12.442286729812622","12.442286729812622","12.442286729812622","190","190","190","12.195263624191284","12.195263624191284","12.195263624191284","190","190","190","12.141184568405151","12.141184568405151","12.141184568405151","190","190","190","12.271733045578003","12.271733045578003","12.271733045578003","190","190","190"
"3160","12.485684871673584","12.485684871673584","12.485684871673584","191","191","191","12.267926931381226","12.267926931381226","12.267926931381226","191","191","191","12.141379594802856","12.141379594802856","12.141379594802856","191","191","191","12.273045778274536","12.273045778274536","12.273045778274536","191","191","191"
"3165","12.527867078781128","12.527867078781128","12.527867078781128","192","192","192","12.245316982269287","12.245316982269287","12.245316982269287","192","192","192","12.130905389785767","12.130905389785767","12.130905389785767","192","192","192","12.37429666519165","12.37429666519165","12.37429666519165","192","192","192"
"3170","12.499850988388062","12.499850988388062","12.499850988388062","193","193","193","12.205173969268799","12.205173969268799","12.205173969268799","193","193","193","12.154645681381226","12.154645681381226","12.154645681381226","193","193","193","12.341494798660278","12.341494798660278","12.341494798660278","193","193","193"
"3175","12.492442607879639","12.492442607879639","12.492442607879639","194","194","194","12.232571601867676","12.232571601867676","12.232571601867676","194","194","194","12.13128137588501","12.13128137588501","12.13128137588501","194","194","194","12.232244968414307","12.232244968414307","12.232244968414307","194","194","194"
"3180","12.465066909790039","12.465066909790039","12.465066909790039","195","195","195","12.25080943107605","12.25080943107605","12.25080943107605","195","195","195","12.151307582855225","12.151307582855225","12.151307582855225","195","195","195","12.327122211456299","12.327122211456299","12.327122211456299","195","195","195"
"3185","12.544862031936646","12.544862031936646","12.544862031936646","196","196","196","12.282373428344727","12.282373428344727","12.282373428344727","196","196","196","12.164387941360474","12.164387941360474","12.164387941360474","196","196","196","12.376650333404541","12.376650333404541","12.376650333404541","196","196","196"
"3190","12.465214729309082","12.465214729309082","12.465214729309082","197","197","197","12.247802734375","12.247802734375","12.247802734375","197","197","197","12.128125429153442","12.128125429153442","12.128125429153442","197","197","197","12.30624270439148","12.30624270439148","12.30624270439148","197","197","197"
"3195","12.591248273849487","12.591248273849487","12.591248273849487","198","198","198","12.25491189956665","12.25491189956665","12.25491189956665","198","198","198","12.185562133789062","12.185562133789062","12.185562133789062","198","198","198","12.310523986816406","12.310523986816406","12.310523986816406","198","198","198"
"3200","12.449024200439453","12.449024200439453","12.449024200439453","199","199","199","12.20872712135315","12.20872712135315","12.20872712135315","199","199","199","12.090766191482544","12.090766191482544","12.090766191482544","199","199","199","12.31752061843872","12.31752061843872","12.31752061843872","199","199","199"
"3250","12.505965948104858","12.505965948104858","12.505965948104858","200","200","200","12.229008674621582","12.229008674621582","12.229008674621582","200","200","200","12.142502546310425","12.142502546310425","12.142502546310425","200","200","200","12.326671123504639","12.326671123504639","12.326671123504639","200","200","200"
"3300","12.547607421875","12.547607421875","12.547607421875","201","201","201","12.235383033752441","12.235383033752441","12.235383033752441","201","201","201","12.162775039672852","12.162775039672852","12.162775039672852","201","201","201","12.30786657333374","12.30786657333374","12.30786657333374","201","201","201"
"3350","12.460779190063477","12.460779190063477","12.460779190063477","202","202","202","12.244249105453491","12.244249105453491","12.244249105453491","202","202","202","12.155459642410278","12.155459642410278","12.155459642410278","202","202","202","12.340929746627808","12.340929746627808","12.340929746627808","202","202","202"
"3400","12.435153245925903","12.435153245925903","12.435153245925903","203","203","203","12.205594062805176","12.205594062805176","12.205594062805176","203","203","203","12.128990888595581","12.128990888595581","12.128990888595581","203","203","203","12.258257150650024","12.258257150650024","12.258257150650024","203","203","203"
"3450","12.493698358535767","12.493698358535767","12.493698358535767","204","204","204","12.240796566009521","12.240796566009521","12.240796566009521","204","204","204","12.149900197982788","12.149900197982788","12.149900197982788","204","204","204","12.268893003463745","12.268893003463745","12.268893003463745","204","204","204"
"3500","12.610286712646484","12.610286712646484","12.610286712646484","205","205","205","12.260277271270752","12.260277271270752","12.260277271270752","205","205","205","12.152969598770142","12.152969598770142","12.152969598770142","205","205","205","12.29945421218872","12.29945421218872","12.29945421218872","205","205","205"
"3550","12.482438802719116","12.482438802719116","12.482438802719116","206","206","206","12.242209196090698","12.242209196090698","12.242209196090698","206","206","206","12.153710842132568","12.153710842132568","12.153710842132568","206","206","206","12.32860803604126","12.32860803604126","12.32860803604126","206","206","206"
"3600","12.486238718032837","12.486238718032837","12.486238718032837","207","207","207","12.227454900741577","12.227454900741577","12.227454900741577","207","207","207","12.112912654876709","12.112912654876709","12.112912654876709","207","207","207","12.257842779159546","12.257842779159546","12.257842779159546","207","207","207"
"3650","12.451975107192993","12.451975107192993","12.451975107192993","208","208","208","12.296384572982788","12.296384572982788","12.296384572982788","208","208","208","12.20662808418274","12.20662808418274","12.20662808418274","208","208","208","12.294812440872192","12.294812440872192","12.294812440872192","208","208","208"
"3700","12.503051042556763","12.503051042556763","12.503051042556763","209","209","209","12.303223371505737","12.303223371505737","12.303223371505737","209","209","209","12.243777513504028","12.243777513504028","12.243777513504028","209","209","209","12.345463275909424","12.345463275909424","12.345463275909424","209","209","209"
"3750","12.52650237083435","12.52650237083435","12.52650237083435","210","210","210","12.285294771194458","12.285294771194458","12.285294771194458","210","210","210","12.18403172492981","12.18403172492981","12.18403172492981","210","210","210","12.308321237564087","12.308321237564087","12.308321237564087","210","210","210"
"3800","12.543919324874878","12.543919324874878","12.543919324874878","211","211","211","12.237150192260742","12.237150192260742","12.237150192260742","211","211","211","12.10577940940857","12.10577940940857","12.10577940940857","211","211","211","12.267017364501953","12.267017364501953","12.267017364501953","211","211","211"
"3850","12.460777759552002","12.460777759552002","12.460777759552002","212","212","212","12.20263147354126","12.20263147354126","12.20263147354126","212","212","212","12.134721040725708","12.134721040725708","12.134721040725708","212","212","212","12.337036848068237","12.337036848068237","12.337036848068237","212","212","212"
"3900","12.493381023406982","12.493381023406982","12.493381023406982","213","213","213","12.25491714477539","12.25491714477539","12.25491714477539","213","213","213","12.169346570968628","12.169346570968628","12.169346570968628","213","213","213","12.343945264816284","12.343945264816284","12.343945264816284","213","213","213"
"3950","12.49292254447937","12.49292254447937","12.49292254447937","214","214","214","12.213331937789917","12.213331937789917","12.213331937789917","214","214","214","12.18016529083252","12.18016529083252","12.18016529083252","214","214","214","12.305102825164795","12.305102825164795","12.305102825164795","214","214","214"
"4000","12.474860906600952","12.474860906600952","12.474860906600952","215","215","215","12.220257997512817","12.220257997512817","12.220257997512817","215","215","215","12.14419174194336","12.14419174194336","12.14419174194336","215","215","215","12.298655986785889","12.298655986785889","12.298655986785889","215","215","215"
"4050","12.430111646652222","12.430111646652222","12.430111646652222","216","216","216","","","","","","","","","","","","","","","","","",""
"4100","12.423540830612183","12.423540830612183","12.423540830612183","217","217","217","","","","","","","","","","","","","","","","","",""
"4150","12.47840690612793","12.47840690612793","12.47840690612793","218","218","218","","","","","","","","","","","","","","","","","",""
"4200","12.496987342834473","12.496987342834473","12.496987342834473","219","219","219","","","","","","","","","","","","","","","","","",""
"4250","12.638798475265503","12.638798475265503","12.638798475265503","220","220","220","","","","","","","","","","","","","","","","","",""
"4300","12.43270230293274","12.43270230293274","12.43270230293274","221","221","221","","","","","","","","","","","","","","","","","",""
"4350","12.468137979507446","12.468137979507446","12.468137979507446","222","222","222","","","","","","","","","","","","","","","","","",""
"4400","12.475332736968994","12.475332736968994","12.475332736968994","223","223","223","","","","","","","","","","","","","","","","","",""
"4450","12.424416303634644","12.424416303634644","12.424416303634644","224","224","224","","","","","","","","","","","","","","","","","",""
"4500","12.453604936599731","12.453604936599731","12.453604936599731","225","225","225","","","","","","","","","","","","","","","","","",""
"4550","12.505456447601318","12.505456447601318","12.505456447601318","226","226","226","","","","","","","","","","","","","","","","","",""
"4600","12.448552131652832","12.448552131652832","12.448552131652832","227","227","227","","","","","","","","","","","","","","","","","",""
"4650","12.427024126052856","12.427024126052856","12.427024126052856","228","228","228","","","","","","","","","","","","","","","","","",""
"4700","12.525935888290405","12.525935888290405","12.525935888290405","229","229","229","","","","","","","","","","","","","","","","","",""
"4750","12.448891639709473","12.448891639709473","12.448891639709473","230","230","230","","","","","","","","","","","","","","","","","",""
"4800","12.42679762840271","12.42679762840271","12.42679762840271","231","231","231","","","","","","","","","","","","","","","","","",""
"4850","12.440891027450562","12.440891027450562","12.440891027450562","232","232","232","","","","","","","","","","","","","","","","","",""
"4900","12.489373445510864","12.489373445510864","12.489373445510864","233","233","233","","","","","","","","","","","","","","","","","",""
"4950","12.410041809082031","12.410041809082031","12.410041809082031","234","234","234","","","","","","","","","","","","","","","","","",""
"5000","12.492043256759644","12.492043256759644","12.492043256759644","235","235","235","","","","","","","","","","","","","","","","","",""