"iter","env2_lion_1500-1800 - EMA/CV","env2_lion_1500-1800 - EMA/CV__MIN","env2_lion_1500-1800 - EMA/CV__MAX","env2_lion_1500-1800 - _step","env2_lion_1500-1800 - _step__MIN","env2_lion_1500-1800 - _step__MAX","env2_muon_1500-1800 - EMA/CV","env2_muon_1500-1800 - EMA/CV__MIN","env2_muon_1500-1800 - EMA/CV__MAX","env2_muon_1500-1800 - _step","env2_muon_1500-1800 - _step__MIN","env2_muon_1500-1800 - _step__MAX","env2_adamw_shock_1500-1800 - EMA/CV","env2_adamw_shock_1500-1800 - EMA/CV__MIN","env2_adamw_shock_1500-1800 - EMA/CV__MAX","env2_adamw_shock_1500-1800 - _step","env2_adamw_shock_1500-1800 - _step__MIN","env2_adamw_shock_1500-1800 - _step__MAX"
"0","0.9556167721748352","0.9556167721748352","0.9556167721748352","0","0","0","0.9556167721748352","0.9556167721748352","0.9556167721748352","0","0","0","0.9556167721748352","0.9556167721748352","0.9556167721748352","0","0","0"
"50","0.6495165416097849","0.6495165416097849","0.6495165416097849","1","1","1","0.5794575378347182","0.5794575378347182","0.5794575378347182","1","1","1","0.9137982753842337","0.9137982753842337","0.9137982753842337","1","1","1"
"100","0.5052429041728259","0.5052429041728259","0.5052429041728259","2","2","2","0.466362667341341","0.466362667341341","0.466362667341341","2","2","2","0.8948140868140576","0.8948140868140576","0.8948140868140576","2","2","2"
"150","0.4224761221121627","0.4224761221121627","0.4224761221121627","3","3","3","0.47357315198270966","0.47357315198270966","0.47357315198270966","3","3","3","0.740201556883754","0.740201556883754","0.740201556883754","3","3","3"
"200","0.3583060736585583","0.3583060736585583","0.3583060736585583","4","4","4","0.45231146715144643","0.45231146715144643","0.45231146715144643","4","4","4","0.7236955256847609","0.7236955256847609","0.7236955256847609","4","4","4"
"250","0.4198276315962926","0.4198276315962926","0.4198276315962926","5","5","5","0.43346722977492325","0.43346722977492325","0.43346722977492325","5","5","5","0.7034551240597546","0.7034551240597546","0.7034551240597546","5","5","5"
"300","0.3324718401711362","0.3324718401711362","0.3324718401711362","6","6","6","0.41768518031735025","0.41768518031735025","0.41768518031735025","6","6","6","0.7025181127975595","0.7025181127975595","0.7025181127975595","6","6","6"
"350","0.312889447898144","0.312889447898144","0.312889447898144","7","7","7","0.41654022969855636","0.41654022969855636","0.41654022969855636","7","7","7","0.6925342805506615","0.6925342805506615","0.6925342805506615","7","7","7"
"400","0.3080456779752689","0.3080456779752689","0.3080456779752689","8","8","8","0.37919538206663983","0.37919538206663983","0.37919538206663983","8","8","8","0.6725867076924213","0.6725867076924213","0.6725867076924213","8","8","8"
"450","0.29984618064777374","0.29984618064777374","0.29984618064777374","9","9","9","0.39790802587812596","0.39790802587812596","0.39790802587812596","9","9","9","0.659807844280546","0.659807844280546","0.659807844280546","9","9","9"
"500","0.294852729539175","0.294852729539175","0.294852729539175","10","10","10","0.3710470101119885","0.3710470101119885","0.3710470101119885","10","10","10","0.6390761313264159","0.6390761313264159","0.6390761313264159","10","10","10"
"550","0.2870685079891748","0.2870685079891748","0.2870685079891748","11","11","11","0.35540295391984283","0.35540295391984283","0.35540295391984283","11","11","11","0.639828569859377","0.639828569859377","0.639828569859377","11","11","11"
"600","0.28352782602123894","0.28352782602123894","0.28352782602123894","12","12","12","0.344453264731053","0.344453264731053","0.344453264731053","12","12","12","0.6255138946707076","0.6255138946707076","0.6255138946707076","12","12","12"
"650","0.25435970958564386","0.25435970958564386","0.25435970958564386","13","13","13","0.34738831636769935","0.34738831636769935","0.34738831636769935","13","13","13","0.6002704016617556","0.6002704016617556","0.6002704016617556","13","13","13"
"700","0.2447968395675497","0.2447968395675497","0.2447968395675497","14","14","14","0.33916362752450846","0.33916362752450846","0.33916362752450846","14","14","14","0.5942532738387962","0.5942532738387962","0.5942532738387962","14","14","14"
"750","0.24585948703144775","0.24585948703144775","0.24585948703144775","15","15","15","0.34441624351591343","0.34441624351591343","0.34441624351591343","15","15","15","0.588069848134427","0.588069848134427","0.588069848134427","15","15","15"
"800","0.2304696415103274","0.2304696415103274","0.2304696415103274","16","16","16","0.3354663851164526","0.3354663851164526","0.3354663851164526","16","16","16","0.5797024851565593","0.5797024851565593","0.5797024851565593","16","16","16"
"850","0.2255684001335877","0.2255684001335877","0.2255684001335877","17","17","17","0.3361530724557417","0.3361530724557417","0.3361530724557417","17","17","17","0.5790068552765315","0.5790068552765315","0.5790068552765315","17","17","17"
"900","0.22780430339235544","0.22780430339235544","0.22780430339235544","18","18","18","0.32964018135387796","0.32964018135387796","0.32964018135387796","18","18","18","0.5629722625800523","0.5629722625800523","0.5629722625800523","18","18","18"
"950","0.2295465345649666","0.2295465345649666","0.2295465345649666","19","19","19","0.33117803398129536","0.33117803398129536","0.33117803398129536","19","19","19","0.5483241958037635","0.5483241958037635","0.5483241958037635","19","19","19"
"1000","0.22389901847061416","0.22389901847061416","0.22389901847061416","20","20","20","0.3387811368310395","0.3387811368310395","0.3387811368310395","20","20","20","0.5052328594638411","0.5052328594638411","0.5052328594638411","20","20","20"
"1050","0.22138292633531922","0.22138292633531922","0.22138292633531922","21","21","21","0.3289859858640353","0.3289859858640353","0.3289859858640353","21","21","21","0.4912514846839468","0.4912514846839468","0.4912514846839468","21","21","21"
"1100","0.2104866300425976","0.2104866300425976","0.2104866300425976","22","22","22","0.33219970427863965","0.33219970427863965","0.33219970427863965","22","22","22","0.4705376769587648","0.4705376769587648","0.4705376769587648","22","22","22"
"1150","0.21297025912593967","0.21297025912593967","0.21297025912593967","23","23","23","0.33800011535374525","0.33800011535374525","0.33800011535374525","23","23","23","0.47177609959413735","0.47177609959413735","0.47177609959413735","23","23","23"
"1200","0.2116666028796946","0.2116666028796946","0.2116666028796946","24","24","24","0.31577321358095","0.31577321358095","0.31577321358095","24","24","24","0.4601572825713768","0.4601572825713768","0.4601572825713768","24","24","24"
"1250","0.21242879758031633","0.21242879758031633","0.21242879758031633","25","25","25","0.3335579075869845","0.3335579075869845","0.3335579075869845","25","25","25","0.45462685808438197","0.45462685808438197","0.45462685808438197","25","25","25"
"1300","0.21137607390115076","0.21137607390115076","0.21137607390115076","26","26","26","0.330345514261661","0.330345514261661","0.330345514261661","26","26","26","0.4438983125031547","0.4438983125031547","0.4438983125031547","26","26","26"
"1350","0.20623574802929673","0.20623574802929673","0.20623574802929673","27","27","27","0.31575125157624007","0.31575125157624007","0.31575125157624007","27","27","27","0.4410171103179604","0.4410171103179604","0.4410171103179604","27","27","27"
"1400","0.2060020157895045","0.2060020157895045","0.2060020157895045","28","28","28","0.32025450267926553","0.32025450267926553","0.32025450267926553","28","28","28","0.4362073339336558","0.4362073339336558","0.4362073339336558","28","28","28"
"1450","0.2046875889129199","0.2046875889129199","0.2046875889129199","29","29","29","0.32033353301115747","0.32033353301115747","0.32033353301115747","29","29","29","0.4304103975969065","0.4304103975969065","0.4304103975969065","29","29","29"
"1455","0.2032355645189633","0.2032355645189633","0.2032355645189633","30","30","30","0.30897814900147985","0.30897814900147985","0.30897814900147985","30","30","30","0.436226376324516","0.436226376324516","0.436226376324516","30","30","30"
"1460","0.20372316706267268","0.20372316706267268","0.20372316706267268","31","31","31","0.3108662695528338","0.3108662695528338","0.3108662695528338","31","31","31","0.43539592478663447","0.43539592478663447","0.43539592478663447","31","31","31"
"1465","0.20627470465372857","0.20627470465372857","0.20627470465372857","32","32","32","0.306416525476124","0.306416525476124","0.306416525476124","32","32","32","0.43636650702121843","0.43636650702121843","0.43636650702121843","32","32","32"
"1470","0.19775610207416833","0.19775610207416833","0.19775610207416833","33","33","33","0.2944855465483808","0.2944855465483808","0.2944855465483808","33","33","33","0.43170070770066926","0.43170070770066926","0.43170070770066926","33","33","33"
"1475","0.20044884992126635","0.20044884992126635","0.20044884992126635","34","34","34","0.30210947056677157","0.30210947056677157","0.30210947056677157","34","34","34","0.43330007563017287","0.43330007563017287","0.43330007563017287","34","34","34"
"1480","0.198402337217904","0.198402337217904","0.198402337217904","35","35","35","0.2992474349806557","0.2992474349806557","0.2992474349806557","35","35","35","0.43279389973031435","0.43279389973031435","0.43279389973031435","35","35","35"
"1485","0.2008815567093321","0.2008815567093321","0.2008815567093321","36","36","36","0.30661065101159835","0.30661065101159835","0.30661065101159835","36","36","36","0.4278456276070687","0.4278456276070687","0.4278456276070687","36","36","36"
"1490","0.1951383755490144","0.1951383755490144","0.1951383755490144","37","37","37","0.3057543708910264","0.3057543708910264","0.3057543708910264","37","37","37","0.4318628795254731","0.4318628795254731","0.4318628795254731","37","37","37"
"1495","0.20460872480462097","0.20460872480462097","0.20460872480462097","38","38","38","0.32453819580563","0.32453819580563","0.32453819580563","38","38","38","0.4295877087878981","0.4295877087878981","0.4295877087878981","38","38","38"
"1500","0.3224354291249361","0.3224354291249361","0.3224354291249361","39","39","39","0.4059242211882784","0.4059242211882784","0.4059242211882784","39","39","39","0.5304145945091743","0.5304145945091743","0.5304145945091743","39","39","39"
"1505","0.5920645394728222","0.5920645394728222","0.5920645394728222","40","40","40","0.7452571906128709","0.7452571906128709","0.7452571906128709","40","40","40","0.9572679927868827","0.9572679927868827","0.9572679927868827","40","40","40"
"1510","0.6321021099456888","0.6321021099456888","0.6321021099456888","41","41","41","0.8257025214443887","0.8257025214443887","0.8257025214443887","41","41","41","0.9921349521135123","0.9921349521135123","0.9921349521135123","41","41","41"
"1515","0.6218116048876987","0.6218116048876987","0.6218116048876987","42","42","42","0.8134476451028336","0.8134476451028336","0.8134476451028336","42","42","42","0.9798280783432545","0.9798280783432545","0.9798280783432545","42","42","42"
"1520","0.5974641625509656","0.5974641625509656","0.5974641625509656","43","43","43","0.8554620180617548","0.8554620180617548","0.8554620180617548","43","43","43","0.8617258116989736","0.8617258116989736","0.8617258116989736","43","43","43"
"1525","0.5718441667957809","0.5718441667957809","0.5718441667957809","44","44","44","0.8257397662371659","0.8257397662371659","0.8257397662371659","44","44","44","0.7962478553652754","0.7962478553652754","0.7962478553652754","44","44","44"
"1530","0.5258777025227708","0.5258777025227708","0.5258777025227708","45","45","45","0.7742456116238569","0.7742456116238569","0.7742456116238569","45","45","45","0.7357222013054433","0.7357222013054433","0.7357222013054433","45","45","45"
"1535","0.49455067739434455","0.49455067739434455","0.49455067739434455","46","46","46","0.7933881047630119","0.7933881047630119","0.7933881047630119","46","46","46","0.6971205003777712","0.6971205003777712","0.6971205003777712","46","46","46"
"1540","0.45194575009508425","0.45194575009508425","0.45194575009508425","47","47","47","0.7040764444462108","0.7040764444462108","0.7040764444462108","47","47","47","0.6497656866970785","0.6497656866970785","0.6497656866970785","47","47","47"
"1545","0.41632577041269514","0.41632577041269514","0.41632577041269514","48","48","48","0.6287832122159236","0.6287832122159236","0.6287832122159236","48","48","48","0.6082934801874683","0.6082934801874683","0.6082934801874683","48","48","48"
"1550","0.392961397246232","0.392961397246232","0.392961397246232","49","49","49","0.5450385913293723","0.5450385913293723","0.5450385913293723","49","49","49","0.5725136229369832","0.5725136229369832","0.5725136229369832","49","49","49"
"1555","0.3681205854655924","0.3681205854655924","0.3681205854655924","50","50","50","0.4943883189968027","0.4943883189968027","0.4943883189968027","50","50","50","0.5368699162670707","0.5368699162670707","0.5368699162670707","50","50","50"
"1560","0.3544591562768836","0.3544591562768836","0.3544591562768836","51","51","51","0.4133811122972716","0.4133811122972716","0.4133811122972716","51","51","51","0.5365534662071858","0.5365534662071858","0.5365534662071858","51","51","51"
"1565","0.3639896492759232","0.3639896492759232","0.3639896492759232","52","52","52","0.37388872506792464","0.37388872506792464","0.37388872506792464","52","52","52","0.491643004168749","0.491643004168749","0.491643004168749","52","52","52"
"1570","0.34280809163226705","0.34280809163226705","0.34280809163226705","53","53","53","0.33633512384500686","0.33633512384500686","0.33633512384500686","53","53","53","0.4768740494905519","0.4768740494905519","0.4768740494905519","53","53","53"
"1575","0.32345155831037237","0.32345155831037237","0.32345155831037237","54","54","54","0.3085293838634891","0.3085293838634891","0.3085293838634891","54","54","54","0.46461068983166515","0.46461068983166515","0.46461068983166515","54","54","54"
"1580","0.3073154247111554","0.3073154247111554","0.3073154247111554","55","55","55","0.30272121866268603","0.30272121866268603","0.30272121866268603","55","55","55","0.44397786752416957","0.44397786752416957","0.44397786752416957","55","55","55"
"1585","0.31009051812315097","0.31009051812315097","0.31009051812315097","56","56","56","0.29324424767841745","0.29324424767841745","0.29324424767841745","56","56","56","0.43008201819462855","0.43008201819462855","0.43008201819462855","56","56","56"
"1590","0.29285432359048136","0.29285432359048136","0.29285432359048136","57","57","57","0.2850305461624617","0.2850305461624617","0.2850305461624617","57","57","57","0.42140824721574616","0.42140824721574616","0.42140824721574616","57","57","57"
"1595","0.2813856775681376","0.2813856775681376","0.2813856775681376","58","58","58","0.2592113650249294","0.2592113650249294","0.2592113650249294","58","58","58","0.4265190536205033","0.4265190536205033","0.4265190536205033","58","58","58"
"1600","0.28031461414498365","0.28031461414498365","0.28031461414498365","59","59","59","0.2559568547057988","0.2559568547057988","0.2559568547057988","59","59","59","0.43386351589735983","0.43386351589735983","0.43386351589735983","59","59","59"
"1605","0.26848772349846345","0.26848772349846345","0.26848772349846345","60","60","60","0.24788384430120847","0.24788384430120847","0.24788384430120847","60","60","60","0.4158397953594642","0.4158397953594642","0.4158397953594642","60","60","60"
"1610","0.26406637010570255","0.26406637010570255","0.26406637010570255","61","61","61","0.24620188344910246","0.24620188344910246","0.24620188344910246","61","61","61","0.4031902546049292","0.4031902546049292","0.4031902546049292","61","61","61"
"1615","0.2638284106497824","0.2638284106497824","0.2638284106497824","62","62","62","0.24242665292528037","0.24242665292528037","0.24242665292528037","62","62","62","0.39060076704654156","0.39060076704654156","0.39060076704654156","62","62","62"
"1620","0.2571991817289388","0.2571991817289388","0.2571991817289388","63","63","63","0.22919535402952262","0.22919535402952262","0.22919535402952262","63","63","63","0.36968163034964313","0.36968163034964313","0.36968163034964313","63","63","63"
"1625","0.2581333018342302","0.2581333018342302","0.2581333018342302","64","64","64","0.2245643743949016","0.2245643743949016","0.2245643743949016","64","64","64","0.36509538886785264","0.36509538886785264","0.36509538886785264","64","64","64"
"1630","0.25294224024904977","0.25294224024904977","0.25294224024904977","65","65","65","0.22386147790032698","0.22386147790032698","0.22386147790032698","65","65","65","0.3651569696584583","0.3651569696584583","0.3651569696584583","65","65","65"
"1635","0.248171016425138","0.248171016425138","0.248171016425138","66","66","66","0.22148031268241383","0.22148031268241383","0.22148031268241383","66","66","66","0.37039091309928784","0.37039091309928784","0.37039091309928784","66","66","66"
"1640","0.24612610013387737","0.24612610013387737","0.24612610013387737","67","67","67","0.22185159026955886","0.22185159026955886","0.22185159026955886","67","67","67","0.36945307961020274","0.36945307961020274","0.36945307961020274","67","67","67"
"1645","0.2462752484980832","0.2462752484980832","0.2462752484980832","68","68","68","0.2176993371224715","0.2176993371224715","0.2176993371224715","68","68","68","0.3662590150001373","0.3662590150001373","0.3662590150001373","68","68","68"
"1650","0.23856800589116858","0.23856800589116858","0.23856800589116858","69","69","69","0.2044344968344074","0.2044344968344074","0.2044344968344074","69","69","69","0.359252361786897","0.359252361786897","0.359252361786897","69","69","69"
"1655","0.23944049633163803","0.23944049633163803","0.23944049633163803","70","70","70","0.21489528391354612","0.21489528391354612","0.21489528391354612","70","70","70","0.3594987455177095","0.3594987455177095","0.3594987455177095","70","70","70"
"1660","0.24361625436840176","0.24361625436840176","0.24361625436840176","71","71","71","0.22107664481983713","0.22107664481983713","0.22107664481983713","71","71","71","0.3633256347311483","0.3633256347311483","0.3633256347311483","71","71","71"
"1665","0.22914281926205124","0.22914281926205124","0.22914281926205124","72","72","72","0.21144623238663424","0.21144623238663424","0.21144623238663424","72","72","72","0.357495133227427","0.357495133227427","0.357495133227427","72","72","72"
"1670","0.21805283504471307","0.21805283504471307","0.21805283504471307","73","73","73","0.2083250050107315","0.2083250050107315","0.2083250050107315","73","73","73","0.3573636368299127","0.3573636368299127","0.3573636368299127","73","73","73"
"1675","0.21785262652255813","0.21785262652255813","0.21785262652255813","74","74","74","0.19824970942494718","0.19824970942494718","0.19824970942494718","74","74","74","0.3492884766213152","0.3492884766213152","0.3492884766213152","74","74","74"
"1680","0.21158605266263275","0.21158605266263275","0.21158605266263275","75","75","75","0.208110861036489","0.208110861036489","0.208110861036489","75","75","75","0.34746041746069745","0.34746041746069745","0.34746041746069745","75","75","75"
"1685","0.21297694341280518","0.21297694341280518","0.21297694341280518","76","76","76","0.19583614464119947","0.19583614464119947","0.19583614464119947","76","76","76","0.34515216415398936","0.34515216415398936","0.34515216415398936","76","76","76"
"1690","0.21315305876742505","0.21315305876742505","0.21315305876742505","77","77","77","0.20504412460092872","0.20504412460092872","0.20504412460092872","77","77","77","0.3485246919399443","0.3485246919399443","0.3485246919399443","77","77","77"
"1695","0.2147235960580989","0.2147235960580989","0.2147235960580989","78","78","78","0.20598129800141518","0.20598129800141518","0.20598129800141518","78","78","78","0.3564393738206904","0.3564393738206904","0.3564393738206904","78","78","78"
"1700","0.21883265176779737","0.21883265176779737","0.21883265176779737","79","79","79","0.19085221169976868","0.19085221169976868","0.19085221169976868","79","79","79","0.3468767534581321","0.3468767534581321","0.3468767534581321","79","79","79"
"1705","0.21323268873126358","0.21323268873126358","0.21323268873126358","80","80","80","0.1822322301172188","0.1822322301172188","0.1822322301172188","80","80","80","0.3386859334604699","0.3386859334604699","0.3386859334604699","80","80","80"
"1710","0.21327931460123273","0.21327931460123273","0.21327931460123273","81","81","81","0.1758107688457155","0.1758107688457155","0.1758107688457155","81","81","81","0.33912436356775616","0.33912436356775616","0.33912436356775616","81","81","81"
"1715","0.21423187117532122","0.21423187117532122","0.21423187117532122","82","82","82","0.178831978200344","0.178831978200344","0.178831978200344","82","82","82","0.33992371243245084","0.33992371243245084","0.33992371243245084","82","82","82"
"1720","0.21899234857989708","0.21899234857989708","0.21899234857989708","83","83","83","0.17794498375583656","0.17794498375583656","0.17794498375583656","83","83","83","0.3374659988655858","0.3374659988655858","0.3374659988655858","83","83","83"
"1725","0.2146262279225293","0.2146262279225293","0.2146262279225293","84","84","84","0.1844919717824175","0.1844919717824175","0.1844919717824175","84","84","84","0.34059494407184304","0.34059494407184304","0.34059494407184304","84","84","84"
"1730","0.22126891145711536","0.22126891145711536","0.22126891145711536","85","85","85","0.1896985150145555","0.1896985150145555","0.1896985150145555","85","85","85","0.3573848092643544","0.3573848092643544","0.3573848092643544","85","85","85"
"1735","0.20708373643574804","0.20708373643574804","0.20708373643574804","86","86","86","0.1925274026842598","0.1925274026842598","0.1925274026842598","86","86","86","0.349519854354878","0.349519854354878","0.349519854354878","86","86","86"
"1740","0.19895527399295243","0.19895527399295243","0.19895527399295243","87","87","87","0.18629855955265912","0.18629855955265912","0.18629855955265912","87","87","87","0.34222318574623267","0.34222318574623267","0.34222318574623267","87","87","87"
"1745","0.20535317974684694","0.20535317974684694","0.20535317974684694","88","88","88","0.19935684840822626","0.19935684840822626","0.19935684840822626","88","88","88","0.335390809438201","0.335390809438201","0.335390809438201","88","88","88"
"1750","0.20735538505335033","0.20735538505335033","0.20735538505335033","89","89","89","0.19669952482912212","0.19669952482912212","0.19669952482912212","89","89","89","0.330684828064368","0.330684828064368","0.330684828064368","89","89","89"
"1755","0.19713005086853916","0.19713005086853916","0.19713005086853916","90","90","90","0.18776252614156594","0.18776252614156594","0.18776252614156594","90","90","90","0.31992645710933015","0.31992645710933015","0.31992645710933015","90","90","90"
"1760","0.1962696229846584","0.1962696229846584","0.1962696229846584","91","91","91","0.18591650895140208","0.18591650895140208","0.18591650895140208","91","91","91","0.31836998805476246","0.31836998805476246","0.31836998805476246","91","91","91"
"1765","0.19928552662740476","0.19928552662740476","0.19928552662740476","92","92","92","0.1863976267659523","0.1863976267659523","0.1863976267659523","92","92","92","0.31670298879804376","0.31670298879804376","0.31670298879804376","92","92","92"
"1770","0.19764462689395","0.19764462689395","0.19764462689395","93","93","93","0.17921541294607934","0.17921541294607934","0.17921541294607934","93","93","93","0.313312795684222","0.313312795684222","0.313312795684222","93","93","93"
"1775","0.2032310669454626","0.2032310669454626","0.2032310669454626","94","94","94","0.17679207563504065","0.17679207563504065","0.17679207563504065","94","94","94","0.3144907676510303","0.3144907676510303","0.3144907676510303","94","94","94"
"1780","0.1977125931952056","0.1977125931952056","0.1977125931952056","95","95","95","0.1706497706892719","0.1706497706892719","0.1706497706892719","95","95","95","0.3138627015103384","0.3138627015103384","0.3138627015103384","95","95","95"
"1785","0.19241218782968844","0.19241218782968844","0.19241218782968844","96","96","96","0.171321618889812","0.171321618889812","0.171321618889812","96","96","96","0.31021399058038446","0.31021399058038446","0.31021399058038446","96","96","96"
"1790","0.19231139377820516","0.19231139377820516","0.19231139377820516","97","97","97","0.17232129016738115","0.17232129016738115","0.17232129016738115","97","97","97","0.3144475823925965","0.3144475823925965","0.3144475823925965","97","97","97"
"1795","0.1881552375944516","0.1881552375944516","0.1881552375944516","98","98","98","0.16624662962719397","0.16624662962719397","0.16624662962719397","98","98","98","0.3197283741338482","0.3197283741338482","0.3197283741338482","98","98","98"
"1800","0.20203810936011238","0.20203810936011238","0.20203810936011238","99","99","99","0.18874348099260355","0.18874348099260355","0.18874348099260355","99","99","99","0.3208565628057034","0.3208565628057034","0.3208565628057034","99","99","99"
"1805","0.2063338275014191","0.2063338275014191","0.2063338275014191","100","100","100","0.2613000085013476","0.2613000085013476","0.2613000085013476","100","100","100","0.3497936574774525","0.3497936574774525","0.3497936574774525","100","100","100"
"1810","0.2136892352741645","0.2136892352741645","0.2136892352741645","101","101","101","0.2951023684157705","0.2951023684157705","0.2951023684157705","101","101","101","0.3936070896476057","0.3936070896476057","0.3936070896476057","101","101","101"
"1815","0.21739366053417059","0.21739366053417059","0.21739366053417059","102","102","102","0.304924079166966","0.304924079166966","0.304924079166966","102","102","102","0.4184627612160151","0.4184627612160151","0.4184627612160151","102","102","102"
"1820","0.2213227213494633","0.2213227213494633","0.2213227213494633","103","103","103","0.313704306368638","0.313704306368638","0.313704306368638","103","103","103","0.42707742571370844","0.42707742571370844","0.42707742571370844","103","103","103"
"1825","0.2200455535834821","0.2200455535834821","0.2200455535834821","104","104","104","0.3205960878530311","0.3205960878530311","0.3205960878530311","104","104","104","0.42816902210606567","0.42816902210606567","0.42816902210606567","104","104","104"
"1830","0.21985438230505755","0.21985438230505755","0.21985438230505755","105","105","105","0.3270277703435243","0.3270277703435243","0.3270277703435243","105","105","105","0.4282626520751732","0.4282626520751732","0.4282626520751732","105","105","105"
"1835","0.21118902289944685","0.21118902289944685","0.21118902289944685","106","106","106","0.3344010601354015","0.3344010601354015","0.3344010601354015","106","106","106","0.4228830542079778","0.4228830542079778","0.4228830542079778","106","106","106"
"1840","0.20204736040896873","0.20204736040896873","0.20204736040896873","107","107","107","0.3284377759431161","0.3284377759431161","0.3284377759431161","107","107","107","0.4212372365581074","0.4212372365581074","0.4212372365581074","107","107","107"
"1845","0.20548188851939958","0.20548188851939958","0.20548188851939958","108","108","108","0.32359749312153263","0.32359749312153263","0.32359749312153263","108","108","108","0.42151016653768625","0.42151016653768625","0.42151016653768625","108","108","108"
"1850","0.21621052015036732","0.21621052015036732","0.21621052015036732","109","109","109","0.32371156832174564","0.32371156832174564","0.32371156832174564","109","109","109","0.41775064880885193","0.41775064880885193","0.41775064880885193","109","109","109"
"1855","0.21675904313690816","0.21675904313690816","0.21675904313690816","110","110","110","0.3260763408430199","0.3260763408430199","0.3260763408430199","110","110","110","0.4162935132713677","0.4162935132713677","0.4162935132713677","110","110","110"
"1860","0.21735771088231134","0.21735771088231134","0.21735771088231134","111","111","111","0.32739126264417345","0.32739126264417345","0.32739126264417345","111","111","111","0.4220071018972932","0.4220071018972932","0.4220071018972932","111","111","111"
"1865","0.2140257136063393","0.2140257136063393","0.2140257136063393","112","112","112","0.33162980466354647","0.33162980466354647","0.33162980466354647","112","112","112","0.4139232963991942","0.4139232963991942","0.4139232963991942","112","112","112"
"1870","0.2083986218956969","0.2083986218956969","0.2083986218956969","113","113","113","0.31764500683706315","0.31764500683706315","0.31764500683706315","113","113","113","0.4123866006718051","0.4123866006718051","0.4123866006718051","113","113","113"
"1875","0.20867349385448009","0.20867349385448009","0.20867349385448009","114","114","114","0.31637626643046535","0.31637626643046535","0.31637626643046535","114","114","114","0.41503424881565243","0.41503424881565243","0.41503424881565243","114","114","114"
"1880","0.20654833622373314","0.20654833622373314","0.20654833622373314","115","115","115","0.318179520145935","0.318179520145935","0.318179520145935","115","115","115","0.4138782819057393","0.4138782819057393","0.4138782819057393","115","115","115"
"1885","0.20765328146396136","0.20765328146396136","0.20765328146396136","116","116","116","0.3068985852798191","0.3068985852798191","0.3068985852798191","116","116","116","0.4128459973553278","0.4128459973553278","0.4128459973553278","116","116","116"
"1890","0.21241795835623511","0.21241795835623511","0.21241795835623511","117","117","117","0.3024544952831353","0.3024544952831353","0.3024544952831353","117","117","117","0.41895432628227824","0.41895432628227824","0.41895432628227824","117","117","117"
"1895","0.21659207979302622","0.21659207979302622","0.21659207979302622","118","118","118","0.31972489429987166","0.31972489429987166","0.31972489429987166","118","118","118","0.41650805344715464","0.41650805344715464","0.41650805344715464","118","118","118"
"1900","0.21788359453335743","0.21788359453335743","0.21788359453335743","119","119","119","0.3172370736616974","0.3172370736616974","0.3172370736616974","119","119","119","0.416733358879845","0.416733358879845","0.416733358879845","119","119","119"
"1905","0.21751189974203688","0.21751189974203688","0.21751189974203688","120","120","120","0.310428525821731","0.310428525821731","0.310428525821731","120","120","120","0.4141165199761799","0.4141165199761799","0.4141165199761799","120","120","120"
"1910","0.2127902487841904","0.2127902487841904","0.2127902487841904","121","121","121","0.3194720068950512","0.3194720068950512","0.3194720068950512","121","121","121","0.4131265920645881","0.4131265920645881","0.4131265920645881","121","121","121"
"1915","0.20353299648647347","0.20353299648647347","0.20353299648647347","122","122","122","0.31310022383522396","0.31310022383522396","0.31310022383522396","122","122","122","0.41681546852393603","0.41681546852393603","0.41681546852393603","122","122","122"
"1920","0.2042485529225358","0.2042485529225358","0.2042485529225358","123","123","123","0.3144187292573714","0.3144187292573714","0.3144187292573714","123","123","123","0.42083276852381235","0.42083276852381235","0.42083276852381235","123","123","123"
"1925","0.202814498614653","0.202814498614653","0.202814498614653","124","124","124","0.30932787136698636","0.30932787136698636","0.30932787136698636","124","124","124","0.41671745695670287","0.41671745695670287","0.41671745695670287","124","124","124"
"1930","0.2063939902087168","0.2063939902087168","0.2063939902087168","125","125","125","0.3175297852263028","0.3175297852263028","0.3175297852263028","125","125","125","0.4146051461271617","0.4146051461271617","0.4146051461271617","125","125","125"
"1935","0.20949771405211984","0.20949771405211984","0.20949771405211984","126","126","126","0.3163222933111834","0.3163222933111834","0.3163222933111834","126","126","126","0.41538423594290236","0.41538423594290236","0.41538423594290236","126","126","126"
"1940","0.21039194529039748","0.21039194529039748","0.21039194529039748","127","127","127","0.3169858433854056","0.3169858433854056","0.3169858433854056","127","127","127","0.42149158516410257","0.42149158516410257","0.42149158516410257","127","127","127"
"1945","0.21558876563710738","0.21558876563710738","0.21558876563710738","128","128","128","0.3216523337232683","0.3216523337232683","0.3216523337232683","128","128","128","0.4145178148474156","0.4145178148474156","0.4145178148474156","128","128","128"
"1950","0.21279550994747026","0.21279550994747026","0.21279550994747026","129","129","129","0.31328126703994946","0.31328126703994946","0.31328126703994946","129","129","129","0.41990744713509354","0.41990744713509354","0.41990744713509354","129","129","129"
"1955","0.21147265618168673","0.21147265618168673","0.21147265618168673","130","130","130","0.3157626923527718","0.3157626923527718","0.3157626923527718","130","130","130","0.41994396118649113","0.41994396118649113","0.41994396118649113","130","130","130"
"1960","0.20757020018398264","0.20757020018398264","0.20757020018398264","131","131","131","0.3129659526736253","0.3129659526736253","0.3129659526736253","131","131","131","0.42226794922009275","0.42226794922009275","0.42226794922009275","131","131","131"
"1965","0.21243494641896724","0.21243494641896724","0.21243494641896724","132","132","132","0.3174276178785945","0.3174276178785945","0.3174276178785945","132","132","132","0.42168968976450705","0.42168968976450705","0.42168968976450705","132","132","132"
"1970","0.2111069900675213","0.2111069900675213","0.2111069900675213","133","133","133","0.3053175231883706","0.3053175231883706","0.3053175231883706","133","133","133","0.4207919646274882","0.4207919646274882","0.4207919646274882","133","133","133"
"1975","0.21210754088439887","0.21210754088439887","0.21210754088439887","134","134","134","0.3188621778154865","0.3188621778154865","0.3188621778154865","134","134","134","0.4137720331784865","0.4137720331784865","0.4137720331784865","134","134","134"
"1980","0.2068756007538979","0.2068756007538979","0.2068756007538979","135","135","135","0.31050665588793114","0.31050665588793114","0.31050665588793114","135","135","135","0.4172636005877125","0.4172636005877125","0.4172636005877125","135","135","135"
"1985","0.2038455260990599","0.2038455260990599","0.2038455260990599","136","136","136","0.30275641753460664","0.30275641753460664","0.30275641753460664","136","136","136","0.41968566570378124","0.41968566570378124","0.41968566570378124","136","136","136"
"1990","0.20183727112906236","0.20183727112906236","0.20183727112906236","137","137","137","0.3104050916625849","0.3104050916625849","0.3104050916625849","137","137","137","0.41547643774781634","0.41547643774781634","0.41547643774781634","137","137","137"
"1995","0.20392247060410518","0.20392247060410518","0.20392247060410518","138","138","138","0.30864017101007823","0.30864017101007823","0.30864017101007823","138","138","138","0.41786883167406663","0.41786883167406663","0.41786883167406663","138","138","138"
"2000","0.20522358936839524","0.20522358936839524","0.20522358936839524","139","139","139","0.30879474627221737","0.30879474627221737","0.30879474627221737","139","139","139","0.41487966427023926","0.41487966427023926","0.41487966427023926","139","139","139"
"2050","0.20664893456253983","0.20664893456253983","0.20664893456253983","140","140","140","0.30438623411011734","0.30438623411011734","0.30438623411011734","140","140","140","0.4235047912049859","0.4235047912049859","0.4235047912049859","140","140","140"
"2100","0.20763116150083202","0.20763116150083202","0.20763116150083202","141","141","141","0.3132068853004794","0.3132068853004794","0.3132068853004794","141","141","141","0.41156389354004563","0.41156389354004563","0.41156389354004563","141","141","141"
"2150","0.1921219849075161","0.1921219849075161","0.1921219849075161","142","142","142","0.2929891994809898","0.2929891994809898","0.2929891994809898","142","142","142","0.4107789754614877","0.4107789754614877","0.4107789754614877","142","142","142"
"2200","0.20776213285360257","0.20776213285360257","0.20776213285360257","143","143","143","0.3181402653893846","0.3181402653893846","0.3181402653893846","143","143","143","0.40324935417270247","0.40324935417270247","0.40324935417270247","143","143","143"
"2250","0.21424829578526922","0.21424829578526922","0.21424829578526922","144","144","144","0.31349917875150457","0.31349917875150457","0.31349917875150457","144","144","144","0.40056554665729943","0.40056554665729943","0.40056554665729943","144","144","144"
"2300","0.20098051887830257","0.20098051887830257","0.20098051887830257","145","145","145","0.30158885897897475","0.30158885897897475","0.30158885897897475","145","145","145","0.3945693640668675","0.3945693640668675","0.3945693640668675","145","145","145"
"2350","0.20104838664230737","0.20104838664230737","0.20104838664230737","146","146","146","0.29572027737057055","0.29572027737057055","0.29572027737057055","146","146","146","0.38983548379523447","0.38983548379523447","0.38983548379523447","146","146","146"
"2400","0.19582553532708957","0.19582553532708957","0.19582553532708957","147","147","147","0.3001076637944881","0.3001076637944881","0.3001076637944881","147","147","147","0.40685833312676906","0.40685833312676906","0.40685833312676906","147","147","147"
"2450","0.19112699332255345","0.19112699332255345","0.19112699332255345","148","148","148","0.2968175513021426","0.2968175513021426","0.2968175513021426","148","148","148","0.3837933961829121","0.3837933961829121","0.3837933961829121","148","148","148"
"2500","0.19351847745323558","0.19351847745323558","0.19351847745323558","149","149","149","0.28836667232219243","0.28836667232219243","0.28836667232219243","149","149","149","0.39226439828268034","0.39226439828268034","0.39226439828268034","149","149","149"
"2550","0.17993163259463718","0.17993163259463718","0.17993163259463718","150","150","150","0.28031352935091314","0.28031352935091314","0.28031352935091314","150","150","150","0.3804373188310624","0.3804373188310624","0.3804373188310624","150","150","150"
"2600","0.2007149290898546","0.2007149290898546","0.2007149290898546","151","151","151","0.29225940544311885","0.29225940544311885","0.29225940544311885","151","151","151","0.3752288160987495","0.3752288160987495","0.3752288160987495","151","151","151"
"2650","0.19892246690492624","0.19892246690492624","0.19892246690492624","152","152","152","0.29448246820550367","0.29448246820550367","0.29448246820550367","152","152","152","0.3715288990372194","0.3715288990372194","0.3715288990372194","152","152","152"
"2700","0.18437867688924117","0.18437867688924117","0.18437867688924117","153","153","153","0.2707639646086396","0.2707639646086396","0.2707639646086396","153","153","153","0.38196074426206644","0.38196074426206644","0.38196074426206644","153","153","153"
"2750","0.18945730792476057","0.18945730792476057","0.18945730792476057","154","154","154","0.27841552571385736","0.27841552571385736","0.27841552571385736","154","154","154","0.3692778508889013","0.3692778508889013","0.3692778508889013","154","154","154"
"2800","0.19080200632472832","0.19080200632472832","0.19080200632472832","155","155","155","0.2688636062467663","0.2688636062467663","0.2688636062467663","155","155","155","0.34812532743592156","0.34812532743592156","0.34812532743592156","155","155","155"
"2850","0.2020280894259903","0.2020280894259903","0.2020280894259903","156","156","156","0.28756673111325487","0.28756673111325487","0.28756673111325487","156","156","156","0.35551291698571424","0.35551291698571424","0.35551291698571424","156","156","156"
"2900","0.2026542046980722","0.2026542046980722","0.2026542046980722","157","157","157","0.3051668760251675","0.3051668760251675","0.3051668760251675","157","157","157","0.33799901957759043","0.33799901957759043","0.33799901957759043","157","157","157"
"2950","0.19798555286718786","0.19798555286718786","0.19798555286718786","158","158","158","0.30229455934133487","0.30229455934133487","0.30229455934133487","158","158","158","0.3450463793180788","0.3450463793180788","0.3450463793180788","158","158","158"
"3000","0.19182770904006666","0.19182770904006666","0.19182770904006666","159","159","159","0.28164882640939626","0.28164882640939626","0.28164882640939626","159","159","159","0.34281254557310775","0.34281254557310775","0.34281254557310775","159","159","159"