"iter","env2_lion_1500-1800 - train/z_loss","env2_lion_1500-1800 - train/z_loss__MIN","env2_lion_1500-1800 - train/z_loss__MAX","env2_lion_1500-1800 - _step","env2_lion_1500-1800 - _step__MIN","env2_lion_1500-1800 - _step__MAX","env2_muon_1500-1800 - train/z_loss","env2_muon_1500-1800 - train/z_loss__MIN","env2_muon_1500-1800 - train/z_loss__MAX","env2_muon_1500-1800 - _step","env2_muon_1500-1800 - _step__MIN","env2_muon_1500-1800 - _step__MAX","env2_adamw_shock_1500-1800 - train/z_loss","env2_adamw_shock_1500-1800 - train/z_loss__MIN","env2_adamw_shock_1500-1800 - train/z_loss__MAX","env2_adamw_shock_1500-1800 - _step","env2_adamw_shock_1500-1800 - _step__MIN","env2_adamw_shock_1500-1800 - _step__MAX"
"0","76.05676078796387","76.05676078796387","76.05676078796387","0","0","0","76.05676078796387","76.05676078796387","76.05676078796387","0","0","0","76.05676078796387","76.05676078796387","76.05676078796387","0","0","0"
"50","4.518438339233398","4.518438339233398","4.518438339233398","1","1","1","4.092172086238861","4.092172086238861","4.092172086238861","1","1","1","2.4068508744239807","2.4068508744239807","2.4068508744239807","1","1","1"
"100","3.1309697031974792","3.1309697031974792","3.1309697031974792","2","2","2","1.6311069130897522","1.6311069130897522","1.6311069130897522","2","2","2","1.8815666437149048","1.8815666437149048","1.8815666437149048","2","2","2"
"150","2.027394324541092","2.027394324541092","2.027394324541092","3","3","3","1.4252385199069977","1.4252385199069977","1.4252385199069977","3","3","3","1.2871643006801605","1.2871643006801605","1.2871643006801605","3","3","3"
"200","1.2121790051460266","1.2121790051460266","1.2121790051460266","4","4","4","1.509123295545578","1.509123295545578","1.509123295545578","4","4","4","1.216881811618805","1.216881811618805","1.216881811618805","4","4","4"
"250","1.5316100716590881","1.5316100716590881","1.5316100716590881","5","5","5","1.4059599936008453","1.4059599936008453","1.4059599936008453","5","5","5","1.2245549261569977","1.2245549261569977","1.2245549261569977","5","5","5"
"300","1.8712202310562134","1.8712202310562134","1.8712202310562134","6","6","6","1.4516568779945374","1.4516568779945374","1.4516568779945374","6","6","6","1.2614031732082367","1.2614031732082367","1.2614031732082367","6","6","6"
"350","1.8213581144809723","1.8213581144809723","1.8213581144809723","7","7","7","1.624101310968399","1.624101310968399","1.624101310968399","7","7","7","1.241691917181015","1.241691917181015","1.241691917181015","7","7","7"
"400","1.7185218930244446","1.7185218930244446","1.7185218930244446","8","8","8","1.3988382518291473","1.3988382518291473","1.3988382518291473","8","8","8","1.1812160015106201","1.1812160015106201","1.1812160015106201","8","8","8"
"450","1.9016408920288086","1.9016408920288086","1.9016408920288086","9","9","9","1.4797241389751434","1.4797241389751434","1.4797241389751434","9","9","9","1.2908605933189392","1.2908605933189392","1.2908605933189392","9","9","9"
"500","1.850111722946167","1.850111722946167","1.850111722946167","10","10","10","1.3250242173671722","1.3250242173671722","1.3250242173671722","10","10","10","1.1660785675048828","1.1660785675048828","1.1660785675048828","10","10","10"
"550","1.5867943167686462","1.5867943167686462","1.5867943167686462","11","11","11","1.396721601486206","1.396721601486206","1.396721601486206","11","11","11","1.0997927784919739","1.0997927784919739","1.0997927784919739","11","11","11"
"600","1.6294687390327454","1.6294687390327454","1.6294687390327454","12","12","12","1.479859709739685","1.479859709739685","1.479859709739685","12","12","12","1.1208100318908691","1.1208100318908691","1.1208100318908691","12","12","12"
"650","1.4074744582176208","1.4074744582176208","1.4074744582176208","13","13","13","1.4586703777313232","1.4586703777313232","1.4586703777313232","13","13","13","1.0200079381465912","1.0200079381465912","1.0200079381465912","13","13","13"
"700","1.6076824963092804","1.6076824963092804","1.6076824963092804","14","14","14","1.4630392491817474","1.4630392491817474","1.4630392491817474","14","14","14","1.0882262289524078","1.0882262289524078","1.0882262289524078","14","14","14"
"750","1.3599605858325958","1.3599605858325958","1.3599605858325958","15","15","15","1.1935479044914246","1.1935479044914246","1.1935479044914246","15","15","15","0.9700212329626083","0.9700212329626083","0.9700212329626083","15","15","15"
"800","1.2285357117652893","1.2285357117652893","1.2285357117652893","16","16","16","1.1272284388542175","1.1272284388542175","1.1272284388542175","16","16","16","0.9919863045215607","0.9919863045215607","0.9919863045215607","16","16","16"
"850","1.1653887033462524","1.1653887033462524","1.1653887033462524","17","17","17","1.1747246980667114","1.1747246980667114","1.1747246980667114","17","17","17","0.919609785079956","0.919609785079956","0.919609785079956","17","17","17"
"900","1.1597975492477417","1.1597975492477417","1.1597975492477417","18","18","18","1.273649275302887","1.273649275302887","1.273649275302887","18","18","18","0.9455846399068832","0.9455846399068832","0.9455846399068832","18","18","18"
"950","1.0720777809619904","1.0720777809619904","1.0720777809619904","19","19","19","1.1613170206546783","1.1613170206546783","1.1613170206546783","19","19","19","0.8665829300880432","0.8665829300880432","0.8665829300880432","19","19","19"
"1000","1.0187666714191437","1.0187666714191437","1.0187666714191437","20","20","20","1.238877534866333","1.238877534866333","1.238877534866333","20","20","20","0.8246854692697525","0.8246854692697525","0.8246854692697525","20","20","20"
"1050","0.9215770661830902","0.9215770661830902","0.9215770661830902","21","21","21","1.1375362575054169","1.1375362575054169","1.1375362575054169","21","21","21","0.8430725932121277","0.8430725932121277","0.8430725932121277","21","21","21"
"1100","0.8714585155248642","0.8714585155248642","0.8714585155248642","22","22","22","1.1462853848934174","1.1462853848934174","1.1462853848934174","22","22","22","0.7821947187185287","0.7821947187185287","0.7821947187185287","22","22","22"
"1150","0.802384689450264","0.802384689450264","0.802384689450264","23","23","23","1.0363968759775162","1.0363968759775162","1.0363968759775162","23","23","23","0.7487854659557343","0.7487854659557343","0.7487854659557343","23","23","23"
"1200","0.8293591439723969","0.8293591439723969","0.8293591439723969","24","24","24","1.190275639295578","1.190275639295578","1.190275639295578","24","24","24","0.7911251932382584","0.7911251932382584","0.7911251932382584","24","24","24"
"1250","0.7757309377193451","0.7757309377193451","0.7757309377193451","25","25","25","1.0617754310369492","1.0617754310369492","1.0617754310369492","25","25","25","0.7154435217380524","0.7154435217380524","0.7154435217380524","25","25","25"
"1300","0.6987004727125168","0.6987004727125168","0.6987004727125168","26","26","26","1.0578309297561646","1.0578309297561646","1.0578309297561646","26","26","26","0.7075474560260773","0.7075474560260773","0.7075474560260773","26","26","26"
"1350","0.7148850560188293","0.7148850560188293","0.7148850560188293","27","27","27","0.9294596612453461","0.9294596612453461","0.9294596612453461","27","27","27","0.6949592232704163","0.6949592232704163","0.6949592232704163","27","27","27"
"1400","0.7531222850084305","0.7531222850084305","0.7531222850084305","28","28","28","0.9499066919088364","0.9499066919088364","0.9499066919088364","28","28","28","0.6642003506422043","0.6642003506422043","0.6642003506422043","28","28","28"
"1450","0.6540266275405884","0.6540266275405884","0.6540266275405884","29","29","29","0.9718836396932602","0.9718836396932602","0.9718836396932602","29","29","29","0.6583495587110519","0.6583495587110519","0.6583495587110519","29","29","29"
"1455","0.6604452878236771","0.6604452878236771","0.6604452878236771","30","30","30","1.01591095328331","1.01591095328331","1.01591095328331","30","30","30","0.6467002332210541","0.6467002332210541","0.6467002332210541","30","30","30"
"1460","0.6862854808568954","0.6862854808568954","0.6862854808568954","31","31","31","1.0660260319709778","1.0660260319709778","1.0660260319709778","31","31","31","0.6411603838205338","0.6411603838205338","0.6411603838205338","31","31","31"
"1465","0.7207124531269073","0.7207124531269073","0.7207124531269073","32","32","32","0.9648660719394684","0.9648660719394684","0.9648660719394684","32","32","32","0.6371231228113174","0.6371231228113174","0.6371231228113174","32","32","32"
"1470","0.6639387905597687","0.6639387905597687","0.6639387905597687","33","33","33","1.0670490562915802","1.0670490562915802","1.0670490562915802","33","33","33","0.6331735253334045","0.6331735253334045","0.6331735253334045","33","33","33"
"1475","0.6349436342716217","0.6349436342716217","0.6349436342716217","34","34","34","0.9499880224466324","0.9499880224466324","0.9499880224466324","34","34","34","0.6119441241025925","0.6119441241025925","0.6119441241025925","34","34","34"
"1480","0.6664131432771683","0.6664131432771683","0.6664131432771683","35","35","35","0.9169022738933563","0.9169022738933563","0.9169022738933563","35","35","35","0.6203223764896393","0.6203223764896393","0.6203223764896393","35","35","35"
"1485","0.6500230431556702","0.6500230431556702","0.6500230431556702","36","36","36","0.9950873255729675","0.9950873255729675","0.9950873255729675","36","36","36","0.6619457453489304","0.6619457453489304","0.6619457453489304","36","36","36"
"1490","0.664697676897049","0.664697676897049","0.664697676897049","37","37","37","1.0055175870656967","1.0055175870656967","1.0055175870656967","37","37","37","0.6304743438959122","0.6304743438959122","0.6304743438959122","37","37","37"
"1495","0.6067351996898651","0.6067351996898651","0.6067351996898651","38","38","38","0.9403722882270813","0.9403722882270813","0.9403722882270813","38","38","38","0.6259543746709824","0.6259543746709824","0.6259543746709824","38","38","38"
"1500","3.8047945499420166","3.8047945499420166","3.8047945499420166","39","39","39","3.4991678297519684","3.4991678297519684","3.4991678297519684","39","39","39","0.9960616827011108","0.9960616827011108","0.9960616827011108","39","39","39"
"1505","2.9975929260253906","2.9975929260253906","2.9975929260253906","40","40","40","7.592355489730835","7.592355489730835","7.592355489730835","40","40","40","2.5766944885253906","2.5766944885253906","2.5766944885253906","40","40","40"
"1510","2.7724888920783997","2.7724888920783997","2.7724888920783997","41","41","41","4.0447012186050415","4.0447012186050415","4.0447012186050415","41","41","41","2.9707332849502563","2.9707332849502563","2.9707332849502563","41","41","41"
"1515","2.3476805090904236","2.3476805090904236","2.3476805090904236","42","42","42","4.444553256034851","4.444553256034851","4.444553256034851","42","42","42","2.3103302121162415","2.3103302121162415","2.3103302121162415","42","42","42"
"1520","1.7677286863327026","1.7677286863327026","1.7677286863327026","43","43","43","3.122559070587158","3.122559070587158","3.122559070587158","43","43","43","1.4377103745937347","1.4377103745937347","1.4377103745937347","43","43","43"
"1525","1.8001541495323181","1.8001541495323181","1.8001541495323181","44","44","44","2.779620409011841","2.779620409011841","2.779620409011841","44","44","44","1.3849269449710846","1.3849269449710846","1.3849269449710846","44","44","44"
"1530","1.9951054155826569","1.9951054155826569","1.9951054155826569","45","45","45","2.3722622394561768","2.3722622394561768","2.3722622394561768","45","45","45","1.182081788778305","1.182081788778305","1.182081788778305","45","45","45"
"1535","1.7527377009391785","1.7527377009391785","1.7527377009391785","46","46","46","1.741914451122284","1.741914451122284","1.741914451122284","46","46","46","1.0286177396774292","1.0286177396774292","1.0286177396774292","46","46","46"
"1540","1.8173379600048065","1.8173379600048065","1.8173379600048065","47","47","47","2.1279144287109375","2.1279144287109375","2.1279144287109375","47","47","47","1.0481482446193695","1.0481482446193695","1.0481482446193695","47","47","47"
"1545","1.7755682170391083","1.7755682170391083","1.7755682170391083","48","48","48","1.5552870333194733","1.5552870333194733","1.5552870333194733","48","48","48","0.9884245842695236","0.9884245842695236","0.9884245842695236","48","48","48"
"1550","1.6213862299919128","1.6213862299919128","1.6213862299919128","49","49","49","1.4841266572475433","1.4841266572475433","1.4841266572475433","49","49","49","0.881738692522049","0.881738692522049","0.881738692522049","49","49","49"
"1555","1.4210844039916992","1.4210844039916992","1.4210844039916992","50","50","50","1.4666487276554108","1.4666487276554108","1.4666487276554108","50","50","50","0.8571876138448715","0.8571876138448715","0.8571876138448715","50","50","50"
"1560","1.3373806178569794","1.3373806178569794","1.3373806178569794","51","51","51","1.3567363917827606","1.3567363917827606","1.3567363917827606","51","51","51","0.8138154149055481","0.8138154149055481","0.8138154149055481","51","51","51"
"1565","1.2592615187168121","1.2592615187168121","1.2592615187168121","52","52","52","1.2543868124485016","1.2543868124485016","1.2543868124485016","52","52","52","0.8357709348201752","0.8357709348201752","0.8357709348201752","52","52","52"
"1570","1.1845286786556244","1.1845286786556244","1.1845286786556244","53","53","53","1.221722960472107","1.221722960472107","1.221722960472107","53","53","53","0.8296488225460052","0.8296488225460052","0.8296488225460052","53","53","53"
"1575","1.0680540204048157","1.0680540204048157","1.0680540204048157","54","54","54","1.1549463272094727","1.1549463272094727","1.1549463272094727","54","54","54","0.8008464276790619","0.8008464276790619","0.8008464276790619","54","54","54"
"1580","1.1884593069553375","1.1884593069553375","1.1884593069553375","55","55","55","1.1322638094425201","1.1322638094425201","1.1322638094425201","55","55","55","0.7615067064762115","0.7615067064762115","0.7615067064762115","55","55","55"
"1585","1.0746154189109802","1.0746154189109802","1.0746154189109802","56","56","56","1.2394291162490845","1.2394291162490845","1.2394291162490845","56","56","56","0.7222953140735626","0.7222953140735626","0.7222953140735626","56","56","56"
"1590","0.98050157725811","0.98050157725811","0.98050157725811","57","57","57","1.1886115372180939","1.1886115372180939","1.1886115372180939","57","57","57","0.7163127958774567","0.7163127958774567","0.7163127958774567","57","57","57"
"1595","1.0788271725177765","1.0788271725177765","1.0788271725177765","58","58","58","1.0987864136695862","1.0987864136695862","1.0987864136695862","58","58","58","1.0807656049728394","1.0807656049728394","1.0807656049728394","58","58","58"
"1600","1.0639404654502869","1.0639404654502869","1.0639404654502869","59","59","59","1.079287201166153","1.079287201166153","1.079287201166153","59","59","59","0.8719905316829681","0.8719905316829681","0.8719905316829681","59","59","59"
"1605","0.9709895104169846","0.9709895104169846","0.9709895104169846","60","60","60","1.1220613420009613","1.1220613420009613","1.1220613420009613","60","60","60","0.8173734396696091","0.8173734396696091","0.8173734396696091","60","60","60"
"1610","0.944522961974144","0.944522961974144","0.944522961974144","61","61","61","1.109075665473938","1.109075665473938","1.109075665473938","61","61","61","0.7760191857814789","0.7760191857814789","0.7760191857814789","61","61","61"
"1615","0.915311336517334","0.915311336517334","0.915311336517334","62","62","62","1.0369398891925812","1.0369398891925812","1.0369398891925812","62","62","62","0.7674405872821808","0.7674405872821808","0.7674405872821808","62","62","62"
"1620","0.9862600862979889","0.9862600862979889","0.9862600862979889","63","63","63","1.058711290359497","1.058711290359497","1.058711290359497","63","63","63","0.7821061313152313","0.7821061313152313","0.7821061313152313","63","63","63"
"1625","0.9857485741376877","0.9857485741376877","0.9857485741376877","64","64","64","1.0142761915922165","1.0142761915922165","1.0142761915922165","64","64","64","0.7772737741470337","0.7772737741470337","0.7772737741470337","64","64","64"
"1630","0.8733646124601364","0.8733646124601364","0.8733646124601364","65","65","65","1.0719256699085236","1.0719256699085236","1.0719256699085236","65","65","65","0.815353661775589","0.815353661775589","0.815353661775589","65","65","65"
"1635","0.8662813752889633","0.8662813752889633","0.8662813752889633","66","66","66","1.085885763168335","1.085885763168335","1.085885763168335","66","66","66","0.8344969153404236","0.8344969153404236","0.8344969153404236","66","66","66"
"1640","0.915593221783638","0.915593221783638","0.915593221783638","67","67","67","1.1434638500213623","1.1434638500213623","1.1434638500213623","67","67","67","0.8151725232601166","0.8151725232601166","0.8151725232601166","67","67","67"
"1645","0.8818991184234619","0.8818991184234619","0.8818991184234619","68","68","68","1.0490334630012512","1.0490334630012512","1.0490334630012512","68","68","68","0.7405474632978439","0.7405474632978439","0.7405474632978439","68","68","68"
"1650","0.8510302007198334","0.8510302007198334","0.8510302007198334","69","69","69","1.0363505184650421","1.0363505184650421","1.0363505184650421","69","69","69","0.7742334455251694","0.7742334455251694","0.7742334455251694","69","69","69"
"1655","0.9026989042758942","0.9026989042758942","0.9026989042758942","70","70","70","1.0374678075313568","1.0374678075313568","1.0374678075313568","70","70","70","0.7400001436471939","0.7400001436471939","0.7400001436471939","70","70","70"
"1660","0.8526456654071808","0.8526456654071808","0.8526456654071808","71","71","71","1.019872561097145","1.019872561097145","1.019872561097145","71","71","71","0.8521132171154022","0.8521132171154022","0.8521132171154022","71","71","71"
"1665","0.8955485075712204","0.8955485075712204","0.8955485075712204","72","72","72","1.1000279486179352","1.1000279486179352","1.1000279486179352","72","72","72","0.7979290634393692","0.7979290634393692","0.7979290634393692","72","72","72"
"1670","0.8508995473384857","0.8508995473384857","0.8508995473384857","73","73","73","1.0645481646060944","1.0645481646060944","1.0645481646060944","73","73","73","0.8136711418628693","0.8136711418628693","0.8136711418628693","73","73","73"
"1675","0.8442377597093582","0.8442377597093582","0.8442377597093582","74","74","74","1.0454390943050385","1.0454390943050385","1.0454390943050385","74","74","74","0.849614217877388","0.849614217877388","0.849614217877388","74","74","74"
"1680","0.9021606296300888","0.9021606296300888","0.9021606296300888","75","75","75","1.012796550989151","1.012796550989151","1.012796550989151","75","75","75","0.7865650951862335","0.7865650951862335","0.7865650951862335","75","75","75"
"1685","0.869412899017334","0.869412899017334","0.869412899017334","76","76","76","1.0878179669380188","1.0878179669380188","1.0878179669380188","76","76","76","0.8108217716217041","0.8108217716217041","0.8108217716217041","76","76","76"
"1690","0.9065641015768051","0.9065641015768051","0.9065641015768051","77","77","77","1.1096793413162231","1.1096793413162231","1.1096793413162231","77","77","77","0.8887476921081543","0.8887476921081543","0.8887476921081543","77","77","77"
"1695","0.8518899083137512","0.8518899083137512","0.8518899083137512","78","78","78","1.058209866285324","1.058209866285324","1.058209866285324","78","78","78","0.8522076457738876","0.8522076457738876","0.8522076457738876","78","78","78"
"1700","0.8595333993434906","0.8595333993434906","0.8595333993434906","79","79","79","1.1419735252857208","1.1419735252857208","1.1419735252857208","79","79","79","0.8616308122873306","0.8616308122873306","0.8616308122873306","79","79","79"
"1705","0.8422381728887558","0.8422381728887558","0.8422381728887558","80","80","80","1.0669546127319336","1.0669546127319336","1.0669546127319336","80","80","80","0.8541778773069382","0.8541778773069382","0.8541778773069382","80","80","80"
"1710","0.9388152211904526","0.9388152211904526","0.9388152211904526","81","81","81","1.032818228006363","1.032818228006363","1.032818228006363","81","81","81","0.8648434579372406","0.8648434579372406","0.8648434579372406","81","81","81"
"1715","0.7855272442102432","0.7855272442102432","0.7855272442102432","82","82","82","1.0894181728363037","1.0894181728363037","1.0894181728363037","82","82","82","0.8256006091833115","0.8256006091833115","0.8256006091833115","82","82","82"
"1720","0.8728787302970886","0.8728787302970886","0.8728787302970886","83","83","83","1.0855033993721008","1.0855033993721008","1.0855033993721008","83","83","83","0.8231715112924576","0.8231715112924576","0.8231715112924576","83","83","83"
"1725","0.8460236340761185","0.8460236340761185","0.8460236340761185","84","84","84","1.0737929940223694","1.0737929940223694","1.0737929940223694","84","84","84","0.81917804479599","0.81917804479599","0.81917804479599","84","84","84"
"1730","0.9013783037662506","0.9013783037662506","0.9013783037662506","85","85","85","1.0338224470615387","1.0338224470615387","1.0338224470615387","85","85","85","1.005771279335022","1.005771279335022","1.005771279335022","85","85","85"
"1735","0.8511667549610138","0.8511667549610138","0.8511667549610138","86","86","86","1.1888587176799774","1.1888587176799774","1.1888587176799774","86","86","86","1.1483905613422394","1.1483905613422394","1.1483905613422394","86","86","86"
"1740","0.868922233581543","0.868922233581543","0.868922233581543","87","87","87","1.1731874644756317","1.1731874644756317","1.1731874644756317","87","87","87","1.0383155345916748","1.0383155345916748","1.0383155345916748","87","87","87"
"1745","0.8698042184114456","0.8698042184114456","0.8698042184114456","88","88","88","1.1190692484378815","1.1190692484378815","1.1190692484378815","88","88","88","0.8844823241233826","0.8844823241233826","0.8844823241233826","88","88","88"
"1750","0.8077792972326279","0.8077792972326279","0.8077792972326279","89","89","89","1.1202886700630188","1.1202886700630188","1.1202886700630188","89","89","89","0.8967777341604233","0.8967777341604233","0.8967777341604233","89","89","89"
"1755","0.8525175899267197","0.8525175899267197","0.8525175899267197","90","90","90","1.1115164458751678","1.1115164458751678","1.1115164458751678","90","90","90","0.9391486346721649","0.9391486346721649","0.9391486346721649","90","90","90"
"1760","0.897477388381958","0.897477388381958","0.897477388381958","91","91","91","1.143741101026535","1.143741101026535","1.143741101026535","91","91","91","0.9437680691480637","0.9437680691480637","0.9437680691480637","91","91","91"
"1765","0.833147868514061","0.833147868514061","0.833147868514061","92","92","92","1.1002592742443085","1.1002592742443085","1.1002592742443085","92","92","92","0.8943382501602173","0.8943382501602173","0.8943382501602173","92","92","92"
"1770","0.8609661310911179","0.8609661310911179","0.8609661310911179","93","93","93","1.124358981847763","1.124358981847763","1.124358981847763","93","93","93","0.8880319893360138","0.8880319893360138","0.8880319893360138","93","93","93"
"1775","0.8238755017518997","0.8238755017518997","0.8238755017518997","94","94","94","1.1183674931526184","1.1183674931526184","1.1183674931526184","94","94","94","0.8452299237251282","0.8452299237251282","0.8452299237251282","94","94","94"
"1780","0.8838626146316528","0.8838626146316528","0.8838626146316528","95","95","95","1.1082050204277039","1.1082050204277039","1.1082050204277039","95","95","95","0.8859045803546906","0.8859045803546906","0.8859045803546906","95","95","95"
"1785","0.8952814787626266","0.8952814787626266","0.8952814787626266","96","96","96","1.174718201160431","1.174718201160431","1.174718201160431","96","96","96","0.8463113903999329","0.8463113903999329","0.8463113903999329","96","96","96"
"1790","0.8710512965917587","0.8710512965917587","0.8710512965917587","97","97","97","1.1453498899936676","1.1453498899936676","1.1453498899936676","97","97","97","0.9707998484373093","0.9707998484373093","0.9707998484373093","97","97","97"
"1795","0.8737275451421738","0.8737275451421738","0.8737275451421738","98","98","98","1.1364001035690308","1.1364001035690308","1.1364001035690308","98","98","98","1.0217650681734085","1.0217650681734085","1.0217650681734085","98","98","98"
"1800","1.8891420811414719","1.8891420811414719","1.8891420811414719","99","99","99","2.4568604230880737","2.4568604230880737","2.4568604230880737","99","99","99","1.525207132101059","1.525207132101059","1.525207132101059","99","99","99"
"1805","1.954604595899582","1.954604595899582","1.954604595899582","100","100","100","3.8670618534088135","3.8670618534088135","3.8670618534088135","100","100","100","3.4748536348342896","3.4748536348342896","3.4748536348342896","100","100","100"
"1810","1.5972911417484283","1.5972911417484283","1.5972911417484283","101","101","101","2.7848259806632996","2.7848259806632996","2.7848259806632996","101","101","101","2.4913505911827087","2.4913505911827087","2.4913505911827087","101","101","101"
"1815","1.4223670661449432","1.4223670661449432","1.4223670661449432","102","102","102","1.8702051937580109","1.8702051937580109","1.8702051937580109","102","102","102","1.6929176151752472","1.6929176151752472","1.6929176151752472","102","102","102"
"1820","1.2944595217704773","1.2944595217704773","1.2944595217704773","103","103","103","1.6885792016983032","1.6885792016983032","1.6885792016983032","103","103","103","1.3482169210910797","1.3482169210910797","1.3482169210910797","103","103","103"
"1825","1.2450818717479706","1.2450818717479706","1.2450818717479706","104","104","104","1.5405406951904297","1.5405406951904297","1.5405406951904297","104","104","104","1.226538598537445","1.226538598537445","1.226538598537445","104","104","104"
"1830","1.239052951335907","1.239052951335907","1.239052951335907","105","105","105","1.440567523241043","1.440567523241043","1.440567523241043","105","105","105","1.0927616357803345","1.0927616357803345","1.0927616357803345","105","105","105"
"1835","1.1584831178188324","1.1584831178188324","1.1584831178188324","106","106","106","1.4250075221061707","1.4250075221061707","1.4250075221061707","106","106","106","0.9846861064434052","0.9846861064434052","0.9846861064434052","106","106","106"
"1840","1.2460039854049683","1.2460039854049683","1.2460039854049683","107","107","107","1.3845804035663605","1.3845804035663605","1.3845804035663605","107","107","107","0.9402581304311752","0.9402581304311752","0.9402581304311752","107","107","107"
"1845","1.1901023983955383","1.1901023983955383","1.1901023983955383","108","108","108","1.3134692907333374","1.3134692907333374","1.3134692907333374","108","108","108","0.9028545618057251","0.9028545618057251","0.9028545618057251","108","108","108"
"1850","1.3007178604602814","1.3007178604602814","1.3007178604602814","109","109","109","1.3048597276210785","1.3048597276210785","1.3048597276210785","109","109","109","0.8629057705402374","0.8629057705402374","0.8629057705402374","109","109","109"
"1855","1.031300574541092","1.031300574541092","1.031300574541092","110","110","110","1.222973257303238","1.222973257303238","1.222973257303238","110","110","110","0.7935616821050644","0.7935616821050644","0.7935616821050644","110","110","110"
"1860","1.0930642485618591","1.0930642485618591","1.0930642485618591","111","111","111","1.1990243792533875","1.1990243792533875","1.1990243792533875","111","111","111","0.774697557091713","0.774697557091713","0.774697557091713","111","111","111"
"1865","0.9902381002902985","0.9902381002902985","0.9902381002902985","112","112","112","1.1860594749450684","1.1860594749450684","1.1860594749450684","112","112","112","0.7471025139093399","0.7471025139093399","0.7471025139093399","112","112","112"
"1870","1.0667293667793274","1.0667293667793274","1.0667293667793274","113","113","113","1.2447411119937897","1.2447411119937897","1.2447411119937897","113","113","113","0.7447590678930283","0.7447590678930283","0.7447590678930283","113","113","113"
"1875","1.0010292828083038","1.0010292828083038","1.0010292828083038","114","114","114","1.1009389162063599","1.1009389162063599","1.1009389162063599","114","114","114","0.709877610206604","0.709877610206604","0.709877610206604","114","114","114"
"1880","0.943246141076088","0.943246141076088","0.943246141076088","115","115","115","1.0800023674964905","1.0800023674964905","1.0800023674964905","115","115","115","0.6917352825403214","0.6917352825403214","0.6917352825403214","115","115","115"
"1885","0.9113984405994415","0.9113984405994415","0.9113984405994415","116","116","116","1.0992969572544098","1.0992969572544098","1.0992969572544098","116","116","116","0.6989970952272415","0.6989970952272415","0.6989970952272415","116","116","116"
"1890","0.9662427008152008","0.9662427008152008","0.9662427008152008","117","117","117","1.1284936964511871","1.1284936964511871","1.1284936964511871","117","117","117","0.6772848069667816","0.6772848069667816","0.6772848069667816","117","117","117"
"1895","0.8930783867835999","0.8930783867835999","0.8930783867835999","118","118","118","1.1355317831039429","1.1355317831039429","1.1355317831039429","118","118","118","0.6773893982172012","0.6773893982172012","0.6773893982172012","118","118","118"
"1900","0.9261250197887421","0.9261250197887421","0.9261250197887421","119","119","119","1.086075633764267","1.086075633764267","1.086075633764267","119","119","119","0.6549589335918427","0.6549589335918427","0.6549589335918427","119","119","119"
"1905","0.8570766746997833","0.8570766746997833","0.8570766746997833","120","120","120","1.1112899482250214","1.1112899482250214","1.1112899482250214","120","120","120","0.6492417752742767","0.6492417752742767","0.6492417752742767","120","120","120"
"1910","0.8186580389738083","0.8186580389738083","0.8186580389738083","121","121","121","1.016284555196762","1.016284555196762","1.016284555196762","121","121","121","0.6342741847038269","0.6342741847038269","0.6342741847038269","121","121","121"
"1915","0.8693622499704361","0.8693622499704361","0.8693622499704361","122","122","122","1.0856018364429474","1.0856018364429474","1.0856018364429474","122","122","122","0.6221731156110764","0.6221731156110764","0.6221731156110764","122","122","122"
"1920","0.7994606196880341","0.7994606196880341","0.7994606196880341","123","123","123","1.113444447517395","1.113444447517395","1.113444447517395","123","123","123","0.62681545317173","0.62681545317173","0.62681545317173","123","123","123"
"1925","0.8053208738565445","0.8053208738565445","0.8053208738565445","124","124","124","1.1060932278633118","1.1060932278633118","1.1060932278633118","124","124","124","0.633046418428421","0.633046418428421","0.633046418428421","124","124","124"
"1930","0.8366913497447968","0.8366913497447968","0.8366913497447968","125","125","125","1.082346335053444","1.082346335053444","1.082346335053444","125","125","125","0.6077163815498352","0.6077163815498352","0.6077163815498352","125","125","125"
"1935","0.8092767149209976","0.8092767149209976","0.8092767149209976","126","126","126","1.653269648551941","1.653269648551941","1.653269648551941","126","126","126","0.609787106513977","0.609787106513977","0.609787106513977","126","126","126"
"1940","0.7661117017269135","0.7661117017269135","0.7661117017269135","127","127","127","1.0841387212276459","1.0841387212276459","1.0841387212276459","127","127","127","0.6210728287696838","0.6210728287696838","0.6210728287696838","127","127","127"
"1945","0.7515547573566437","0.7515547573566437","0.7515547573566437","128","128","128","0.9941903501749039","0.9941903501749039","0.9941903501749039","128","128","128","0.5797609835863113","0.5797609835863113","0.5797609835863113","128","128","128"
"1950","0.7759371250867844","0.7759371250867844","0.7759371250867844","129","129","129","1.0507163405418396","1.0507163405418396","1.0507163405418396","129","129","129","0.6284114420413971","0.6284114420413971","0.6284114420413971","129","129","129"
"1955","0.747618779540062","0.747618779540062","0.747618779540062","130","130","130","1.0642341673374176","1.0642341673374176","1.0642341673374176","130","130","130","0.6042821854352951","0.6042821854352951","0.6042821854352951","130","130","130"
"1960","0.7341122031211853","0.7341122031211853","0.7341122031211853","131","131","131","1.004704862833023","1.004704862833023","1.004704862833023","131","131","131","0.5942098051309586","0.5942098051309586","0.5942098051309586","131","131","131"
"1965","0.8073112070560455","0.8073112070560455","0.8073112070560455","132","132","132","1.0205931216478348","1.0205931216478348","1.0205931216478348","132","132","132","0.6518689692020416","0.6518689692020416","0.6518689692020416","132","132","132"
"1970","0.7283095568418503","0.7283095568418503","0.7283095568418503","133","133","133","0.9728942662477493","0.9728942662477493","0.9728942662477493","133","133","133","0.5596116334199905","0.5596116334199905","0.5596116334199905","133","133","133"
"1975","0.7043737918138504","0.7043737918138504","0.7043737918138504","134","134","134","1.0085163116455078","1.0085163116455078","1.0085163116455078","134","134","134","0.557962104678154","0.557962104678154","0.557962104678154","134","134","134"
"1980","0.7207361608743668","0.7207361608743668","0.7207361608743668","135","135","135","0.9751483798027039","0.9751483798027039","0.9751483798027039","135","135","135","0.5713180750608444","0.5713180750608444","0.5713180750608444","135","135","135"
"1985","0.6672791540622711","0.6672791540622711","0.6672791540622711","136","136","136","0.9893897175788879","0.9893897175788879","0.9893897175788879","136","136","136","0.5671789646148682","0.5671789646148682","0.5671789646148682","136","136","136"
"1990","0.6945929080247879","0.6945929080247879","0.6945929080247879","137","137","137","1.011119619011879","1.011119619011879","1.011119619011879","137","137","137","0.5815536230802536","0.5815536230802536","0.5815536230802536","137","137","137"
"1995","0.6654271930456161","0.6654271930456161","0.6654271930456161","138","138","138","0.9532373398542404","0.9532373398542404","0.9532373398542404","138","138","138","0.5590931177139282","0.5590931177139282","0.5590931177139282","138","138","138"
"2000","0.6893790513277054","0.6893790513277054","0.6893790513277054","139","139","139","0.9958333522081375","0.9958333522081375","0.9958333522081375","139","139","139","0.5796924829483032","0.5796924829483032","0.5796924829483032","139","139","139"
"2050","0.6133143156766891","0.6133143156766891","0.6133143156766891","140","140","140","1.1280429363250732","1.1280429363250732","1.1280429363250732","140","140","140","0.5680718868970871","0.5680718868970871","0.5680718868970871","140","140","140"
"2100","0.5633174329996109","0.5633174329996109","0.5633174329996109","141","141","141","0.9231748729944229","0.9231748729944229","0.9231748729944229","141","141","141","0.49930085241794586","0.49930085241794586","0.49930085241794586","141","141","141"
"2150","0.5254157930612564","0.5254157930612564","0.5254157930612564","142","142","142","0.9346943497657776","0.9346943497657776","0.9346943497657776","142","142","142","0.4950348883867264","0.4950348883867264","0.4950348883867264","142","142","142"
"2200","0.5161101520061493","0.5161101520061493","0.5161101520061493","143","143","143","0.8866494745016098","0.8866494745016098","0.8866494745016098","143","143","143","0.5055915713310242","0.5055915713310242","0.5055915713310242","143","143","143"
"2250","0.4742691218852997","0.4742691218852997","0.4742691218852997","144","144","144","0.8847665637731552","0.8847665637731552","0.8847665637731552","144","144","144","0.49453745782375336","0.49453745782375336","0.49453745782375336","144","144","144"
"2300","0.4932689815759659","0.4932689815759659","0.4932689815759659","145","145","145","0.8672308623790741","0.8672308623790741","0.8672308623790741","145","145","145","0.45361698418855667","0.45361698418855667","0.45361698418855667","145","145","145"
"2350","0.4753466472029686","0.4753466472029686","0.4753466472029686","146","146","146","0.8731137663125992","0.8731137663125992","0.8731137663125992","146","146","146","0.44196759164333344","0.44196759164333344","0.44196759164333344","146","146","146"
"2400","0.4732040539383888","0.4732040539383888","0.4732040539383888","147","147","147","0.8421742171049118","0.8421742171049118","0.8421742171049118","147","147","147","0.45522625744342804","0.45522625744342804","0.45522625744342804","147","147","147"
"2450","0.4508518576622009","0.4508518576622009","0.4508518576622009","148","148","148","0.8637522906064987","0.8637522906064987","0.8637522906064987","148","148","148","0.4324910566210747","0.4324910566210747","0.4324910566210747","148","148","148"
"2500","0.4347812384366989","0.4347812384366989","0.4347812384366989","149","149","149","0.8721916228532791","0.8721916228532791","0.8721916228532791","149","149","149","0.4431285187602043","0.4431285187602043","0.4431285187602043","149","149","149"
"2550","0.4224609211087227","0.4224609211087227","0.4224609211087227","150","150","150","0.8179916590452194","0.8179916590452194","0.8179916590452194","150","150","150","0.4172253906726837","0.4172253906726837","0.4172253906726837","150","150","150"
"2600","0.4345090836286545","0.4345090836286545","0.4345090836286545","151","151","151","0.8447283208370209","0.8447283208370209","0.8447283208370209","151","151","151","0.4111449494957924","0.4111449494957924","0.4111449494957924","151","151","151"
"2650","0.4055369198322296","0.4055369198322296","0.4055369198322296","152","152","152","0.8256960064172745","0.8256960064172745","0.8256960064172745","152","152","152","0.40116145461797714","0.40116145461797714","0.40116145461797714","152","152","152"
"2700","0.3890303745865822","0.3890303745865822","0.3890303745865822","153","153","153","0.8430566340684891","0.8430566340684891","0.8430566340684891","153","153","153","0.40514110773801804","0.40514110773801804","0.40514110773801804","153","153","153"
"2750","0.3887040317058563","0.3887040317058563","0.3887040317058563","154","154","154","0.762618750333786","0.762618750333786","0.762618750333786","154","154","154","0.3813769519329071","0.3813769519329071","0.3813769519329071","154","154","154"
"2800","0.6856812387704849","0.6856812387704849","0.6856812387704849","155","155","155","0.7597211748361588","0.7597211748361588","0.7597211748361588","155","155","155","0.37264447659254074","0.37264447659254074","0.37264447659254074","155","155","155"
"2850","0.526509702205658","0.526509702205658","0.526509702205658","156","156","156","0.772540882229805","0.772540882229805","0.772540882229805","156","156","156","0.36542270332574844","0.36542270332574844","0.36542270332574844","156","156","156"
"2900","0.46910615265369415","0.46910615265369415","0.46910615265369415","157","157","157","0.7575922012329102","0.7575922012329102","0.7575922012329102","157","157","157","0.3834148868918419","0.3834148868918419","0.3834148868918419","157","157","157"
"2950","0.42016708105802536","0.42016708105802536","0.42016708105802536","158","158","158","0.7762540578842163","0.7762540578842163","0.7762540578842163","158","158","158","0.36200495064258575","0.36200495064258575","0.36200495064258575","158","158","158"
"3000","0.39010637253522873","0.39010637253522873","0.39010637253522873","159","159","159","0.7349561154842377","0.7349561154842377","0.7349561154842377","159","159","159","0.3556792661547661","0.3556792661547661","0.3556792661547661","159","159","159"